-- MySQL dump 10.19  Distrib 10.3.31-MariaDB, for osx10.16 (x86_64)
--
-- Host: 10.249.3.26    Database: certificate
-- ------------------------------------------------------
-- Server version	5.7.17-11-V2.0R530D002-20190816-1203-log

/*!40101 SET @OLD_CHARACTER_SET_CLIENT=@@CHARACTER_SET_CLIENT */;
/*!40101 SET @OLD_CHARACTER_SET_RESULTS=@@CHARACTER_SET_RESULTS */;
/*!40101 SET @OLD_COLLATION_CONNECTION=@@COLLATION_CONNECTION */;
/*!40101 SET NAMES utf8mb4 */;
/*!40103 SET @OLD_TIME_ZONE=@@TIME_ZONE */;
/*!40103 SET TIME_ZONE='+00:00' */;
/*!40014 SET @OLD_UNIQUE_CHECKS=@@UNIQUE_CHECKS, UNIQUE_CHECKS=0 */;
/*!40014 SET @OLD_FOREIGN_KEY_CHECKS=@@FOREIGN_KEY_CHECKS, FOREIGN_KEY_CHECKS=0 */;
/*!40101 SET @OLD_SQL_MODE=@@SQL_MODE, SQL_MODE='NO_AUTO_VALUE_ON_ZERO' */;
/*!40111 SET @OLD_SQL_NOTES=@@SQL_NOTES, SQL_NOTES=0 */;

--
-- Table structure for table `business_subtype_relation`
--

DROP TABLE IF EXISTS `business_subtype_relation`;
/*!40101 SET @saved_cs_client     = @@character_set_client */;
/*!40101 SET character_set_client = utf8 */;
CREATE TABLE `business_subtype_relation` (
  `id` bigint(20) NOT NULL COMMENT 'id',
  `merchant_code` varchar(64) DEFAULT NULL COMMENT '商家id',
  `business_type_id` bigint(20) NOT NULL COMMENT '业务类型ID',
  `subtype_id` bigint(20) NOT NULL COMMENT '凭证子类ID',
  `is_deleted` tinyint(3) DEFAULT '0' COMMENT '逻辑删除字段 0 正常 1 已删除',
  `company_id` bigint(20) DEFAULT NULL COMMENT '公司id',
  `version_no` int(11) DEFAULT '0' COMMENT '版本号:默认0,每次更新+1',
  `create_userid` bigint(20) DEFAULT NULL COMMENT '创建人ID',
  `create_username` varchar(100) DEFAULT NULL COMMENT '创建人用户名',
  `create_userip` varchar(255) DEFAULT NULL COMMENT '创建人IP',
  `create_time` timestamp NULL DEFAULT CURRENT_TIMESTAMP COMMENT '创建时间-应用操作时间',
  `create_time_db` timestamp NULL DEFAULT CURRENT_TIMESTAMP COMMENT '创建时间-数据库操作时间',
  `server_ip` varchar(255) DEFAULT NULL COMMENT '服务器IP',
  `update_userid` bigint(20) DEFAULT NULL COMMENT '最后修改人ID',
  `update_username` varchar(100) DEFAULT NULL COMMENT '最后修改人用户名',
  `update_userip` varchar(255) DEFAULT NULL COMMENT '最后修改人IP',
  `update_time` timestamp NULL DEFAULT NULL ON UPDATE CURRENT_TIMESTAMP COMMENT '最后修改时间',
  PRIMARY KEY (`id`)
) ENGINE=InnoDB DEFAULT CHARSET=utf8mb4 COMMENT='业务类型凭证子类关系表';
/*!40101 SET character_set_client = @saved_cs_client */;

--
-- Dumping data for table `business_subtype_relation`
--

LOCK TABLES `business_subtype_relation` WRITE;
/*!40000 ALTER TABLE `business_subtype_relation` DISABLE KEYS */;
INSERT INTO `business_subtype_relation` VALUES (1,'-1',1,1,0,21000,1,21022317473132,'superadmin','127.0.0.1','2021-10-19 15:53:26','2021-10-19 15:53:26','127.0.0.1',21022317473132,'superadmin','127.0.0.1','2021-10-19 15:53:26'),(2,'-1',1,2,0,21000,1,21022317473132,'superadmin','127.0.0.1','2021-10-19 15:53:26','2021-10-19 15:53:26','127.0.0.1',21022317473132,'superadmin','127.0.0.1','2021-10-19 15:53:26'),(3,'-1',2,3,0,21000,1,21022317473132,'superadmin','127.0.0.1','2021-10-19 15:53:26','2021-10-19 15:53:26','127.0.0.1',21022317473132,'superadmin','127.0.0.1','2021-10-19 15:53:26'),(4,'-1',2,4,0,21000,1,21022317473132,'superadmin','127.0.0.1','2021-10-19 15:53:26','2021-10-19 15:53:26','127.0.0.1',21022317473132,'superadmin','127.0.0.1','2021-10-19 15:53:26'),(5,'-1',3,1,0,21000,1,21022317473132,'superadmin','127.0.0.1','2021-10-19 15:53:26','2021-10-19 15:53:26','127.0.0.1',21022317473132,'superadmin','127.0.0.1','2021-10-19 15:53:26'),(6,'-1',3,2,0,21000,1,21022317473132,'superadmin','127.0.0.1','2021-10-19 15:53:26','2021-10-19 15:53:26','127.0.0.1',21022317473132,'superadmin','127.0.0.1','2021-10-19 15:53:26'),(7,'-1',4,3,0,21000,1,21022317473132,'superadmin','127.0.0.1','2021-10-19 15:53:26','2021-10-19 15:53:26','127.0.0.1',21022317473132,'superadmin','127.0.0.1','2021-10-19 15:53:26'),(8,'-1',4,4,0,21000,1,21022317473132,'superadmin','127.0.0.1','2021-10-19 15:53:26','2021-10-19 15:53:26','127.0.0.1',21022317473132,'superadmin','127.0.0.1','2021-10-19 15:53:26'),(9,'-1',5,1,0,21000,1,21022317473132,'superadmin','127.0.0.1','2021-10-19 15:53:26','2021-10-19 15:53:26','127.0.0.1',21022317473132,'superadmin','127.0.0.1','2021-10-19 15:53:26'),(10,'-1',5,2,0,21000,1,21022317473132,'superadmin','127.0.0.1','2021-10-19 15:53:26','2021-10-19 15:53:26','127.0.0.1',21022317473132,'superadmin','127.0.0.1','2021-10-19 15:53:26'),(11,'-1',6,3,0,21000,1,21022317473132,'superadmin','127.0.0.1','2021-10-19 15:53:26','2021-10-19 15:53:26','127.0.0.1',21022317473132,'superadmin','127.0.0.1','2021-10-19 15:53:26'),(12,'-1',6,4,0,21000,1,21022317473132,'superadmin','127.0.0.1','2021-10-19 15:53:26','2021-10-19 15:53:26','127.0.0.1',21022317473132,'superadmin','127.0.0.1','2021-10-19 15:53:26'),(13,'-1',7,5,0,21000,1,21022317473132,'superadmin','127.0.0.1','2021-10-19 15:53:26','2021-10-19 15:53:26','127.0.0.1',21022317473132,'superadmin','127.0.0.1','2021-10-19 15:53:26'),(14,'-1',7,6,0,21000,1,21022317473132,'superadmin','127.0.0.1','2021-10-19 15:53:26','2021-10-19 15:53:26','127.0.0.1',21022317473132,'superadmin','127.0.0.1','2021-10-19 15:53:26'),(15,'-1',8,7,0,21000,1,21022317473132,'superadmin','127.0.0.1','2021-10-19 15:53:26','2021-10-19 15:53:26','127.0.0.1',21022317473132,'superadmin','127.0.0.1','2021-10-19 15:53:26'),(16,'-1',8,8,0,21000,1,21022317473132,'superadmin','127.0.0.1','2021-10-19 15:53:26','2021-10-19 15:53:26','127.0.0.1',21022317473132,'superadmin','127.0.0.1','2021-10-19 15:53:26'),(17,'-1',9,9,0,21000,1,21022317473132,'superadmin','127.0.0.1','2021-10-19 15:53:26','2021-10-19 15:53:26','127.0.0.1',21022317473132,'superadmin','127.0.0.1','2021-10-19 15:53:26'),(18,'-1',9,10,0,21000,1,21022317473132,'superadmin','127.0.0.1','2021-10-19 15:53:26','2021-10-19 15:53:26','127.0.0.1',21022317473132,'superadmin','127.0.0.1','2021-10-19 15:53:26'),(19,'-1',9,11,0,21000,1,21022317473132,'superadmin','127.0.0.1','2021-10-19 15:53:26','2021-10-19 15:53:26','127.0.0.1',21022317473132,'superadmin','127.0.0.1','2021-10-19 15:53:26'),(20,'-1',10,12,0,21000,1,21022317473132,'superadmin','127.0.0.1','2021-10-19 15:53:26','2021-10-19 15:53:26','127.0.0.1',21022317473132,'superadmin','127.0.0.1','2021-11-04 07:47:16'),(21,'-1',10,13,0,21000,1,21022317473132,'superadmin','127.0.0.1','2021-10-19 15:53:26','2021-10-19 15:53:26','127.0.0.1',21022317473132,'superadmin','127.0.0.1','2021-11-04 07:47:16'),(22,'-1',11,14,0,21000,1,21022317473132,'superadmin','127.0.0.1','2021-10-19 15:53:26','2021-10-19 15:53:26','127.0.0.1',21022317473132,'superadmin','127.0.0.1','2021-11-04 07:47:16'),(23,'-1',11,15,0,21000,1,21022317473132,'superadmin','127.0.0.1','2021-10-19 15:53:26','2021-10-19 15:53:26','127.0.0.1',21022317473132,'superadmin','127.0.0.1','2021-11-04 07:47:16'),(24,'-1',11,16,0,21000,1,21022317473132,'superadmin','127.0.0.1','2021-10-19 15:53:26','2021-10-19 15:53:26','127.0.0.1',21022317473132,'superadmin','127.0.0.1','2021-11-04 09:01:12'),(25,'-1',12,17,0,21000,1,21022317473132,'superadmin','127.0.0.1','2021-10-19 15:53:26','2021-10-19 15:53:26','127.0.0.1',21022317473132,'superadmin','127.0.0.1','2021-11-04 07:47:16'),(26,'-1',12,18,0,21000,1,21022317473132,'superadmin','127.0.0.1','2021-10-19 15:53:26','2021-10-19 15:53:26','127.0.0.1',21022317473132,'superadmin','127.0.0.1','2021-11-04 07:47:16'),(27,'-1',13,23,0,21000,1,21022317473132,'superadmin','127.0.0.1','2021-10-19 15:53:26','2021-10-19 15:53:26','127.0.0.1',21022317473132,'superadmin','127.0.0.1','2021-11-04 07:47:16'),(28,'-1',13,24,0,21000,1,21022317473132,'superadmin','127.0.0.1','2021-10-19 15:53:26','2021-10-19 15:53:26','127.0.0.1',21022317473132,'superadmin','127.0.0.1','2021-11-04 07:47:16'),(29,'-1',13,25,0,21000,1,21022317473132,'superadmin','127.0.0.1','2021-10-19 15:53:26','2021-10-19 15:53:26','127.0.0.1',21022317473132,'superadmin','127.0.0.1','2021-11-04 07:47:16'),(30,'-1',14,19,0,21000,1,21022317473132,'superadmin','127.0.0.1','2021-10-19 15:53:26','2021-10-19 15:53:26','127.0.0.1',21022317473132,'superadmin','127.0.0.1','2021-11-04 07:47:16'),(31,'-1',14,20,0,21000,1,21022317473132,'superadmin','127.0.0.1','2021-10-19 15:53:26','2021-10-19 15:53:26','127.0.0.1',21022317473132,'superadmin','127.0.0.1','2021-11-04 07:47:16'),(32,'-1',15,21,0,21000,1,21022317473132,'superadmin','127.0.0.1','2021-10-19 15:53:26','2021-10-19 15:53:26','127.0.0.1',21022317473132,'superadmin','127.0.0.1','2021-11-04 07:47:16'),(33,'-1',15,22,0,21000,1,21022317473132,'superadmin','127.0.0.1','2021-10-19 15:53:26','2021-10-19 15:53:26','127.0.0.1',21022317473132,'superadmin','127.0.0.1','2021-11-04 07:47:16'),(34,'-1',16,23,0,21000,1,21022317473132,'superadmin','127.0.0.1','2021-10-19 15:53:26','2021-10-19 15:53:26','127.0.0.1',21022317473132,'superadmin','127.0.0.1','2021-11-04 07:47:16'),(35,'-1',16,24,0,21000,1,21022317473132,'superadmin','127.0.0.1','2021-10-19 15:53:26','2021-10-19 15:53:26','127.0.0.1',21022317473132,'superadmin','127.0.0.1','2021-11-04 07:47:16'),(36,'-1',16,25,0,21000,1,21022317473132,'superadmin','127.0.0.1','2021-10-19 15:53:26','2021-10-19 15:53:26','127.0.0.1',21022317473132,'superadmin','127.0.0.1','2021-11-04 07:47:16'),(37,'-1',17,19,0,21000,1,21022317473132,'superadmin','127.0.0.1','2021-10-19 15:53:26','2021-10-19 15:53:26','127.0.0.1',21022317473132,'superadmin','127.0.0.1','2021-11-04 07:47:16'),(38,'-1',17,20,0,21000,1,21022317473132,'superadmin','127.0.0.1','2021-10-19 15:53:26','2021-10-19 15:53:26','127.0.0.1',21022317473132,'superadmin','127.0.0.1','2021-11-04 07:47:16'),(39,'-1',18,21,0,21000,1,21022317473132,'superadmin','127.0.0.1','2021-10-19 15:53:26','2021-10-19 15:53:26','127.0.0.1',21022317473132,'superadmin','127.0.0.1','2021-11-04 07:47:16'),(40,'-1',18,22,0,21000,1,21022317473132,'superadmin','127.0.0.1','2021-10-19 15:53:26','2021-10-19 15:53:26','127.0.0.1',21022317473132,'superadmin','127.0.0.1','2021-11-04 07:47:16'),(41,'-1',19,21,0,21000,1,21022317473132,'superadmin','127.0.0.1','2021-10-19 15:53:26','2021-10-19 15:53:26','127.0.0.1',21022317473132,'superadmin','127.0.0.1','2021-11-04 07:47:16'),(42,'-1',19,22,0,21000,1,21022317473132,'superadmin','127.0.0.1','2021-10-19 15:53:26','2021-10-19 15:53:26','127.0.0.1',21022317473132,'superadmin','127.0.0.1','2021-11-04 07:47:16');
/*!40000 ALTER TABLE `business_subtype_relation` ENABLE KEYS */;
UNLOCK TABLES;

--
-- Table structure for table `business_type`
--

DROP TABLE IF EXISTS `business_type`;
/*!40101 SET @saved_cs_client     = @@character_set_client */;
/*!40101 SET character_set_client = utf8 */;
CREATE TABLE `business_type` (
  `id` bigint(20) NOT NULL COMMENT 'id',
  `business_type_code` varchar(64) DEFAULT NULL COMMENT '业务类型编码',
  `business_type_name` varchar(64) DEFAULT NULL COMMENT '业务类型名称',
  `business_order_type_code` varchar(64) DEFAULT NULL COMMENT '业务单据类型编码',
  `business_order_type_name` varchar(64) DEFAULT NULL COMMENT '业务单据类型名称',
  `is_data_summary` tinyint(3) DEFAULT '0' COMMENT '是否数据汇总 0否 1是',
  `certificate_type` varchar(10) DEFAULT NULL COMMENT 'SA:总帐科目凭证,KR:供应商发票,AB:会计凭证,DA:客户凭证',
  `header_text` varchar(255) DEFAULT NULL COMMENT '凭证抬头摘要文本',
  `digest_text` varchar(255) DEFAULT NULL COMMENT '凭证抬头摘要文本',
  `is_deleted` tinyint(3) DEFAULT '0' COMMENT '逻辑删除字段 0 正常 1 已删除',
  `company_id` bigint(20) DEFAULT NULL COMMENT '公司id',
  `version_no` int(11) DEFAULT '0' COMMENT '版本号:默认0,每次更新+1',
  `create_userid` bigint(20) DEFAULT NULL COMMENT '创建人ID',
  `create_username` varchar(100) DEFAULT NULL COMMENT '创建人用户名',
  `create_userip` varchar(255) DEFAULT NULL COMMENT '创建人IP',
  `create_time` timestamp NULL DEFAULT CURRENT_TIMESTAMP COMMENT '创建时间-应用操作时间',
  `create_time_db` timestamp NULL DEFAULT CURRENT_TIMESTAMP COMMENT '创建时间-数据库操作时间',
  `server_ip` varchar(255) DEFAULT NULL COMMENT '服务器IP',
  `update_userid` bigint(20) DEFAULT NULL COMMENT '最后修改人ID',
  `update_username` varchar(100) DEFAULT NULL COMMENT '最后修改人用户名',
  `update_userip` varchar(255) DEFAULT NULL COMMENT '最后修改人IP',
  `update_time` timestamp NULL DEFAULT NULL ON UPDATE CURRENT_TIMESTAMP COMMENT '最后修改时间',
  PRIMARY KEY (`id`)
) ENGINE=InnoDB DEFAULT CHARSET=utf8mb4 COMMENT='业务类型凭证配置表';
/*!40101 SET character_set_client = @saved_cs_client */;

--
-- Dumping data for table `business_type`
--

LOCK TABLES `business_type` WRITE;
/*!40000 ALTER TABLE `business_type` DISABLE KEYS */;
INSERT INTO `business_type` VALUES (1,'C02','采购入库','','采购入库单',0,'AB','采购入库','采购入库',0,21000,1,21022317473132,'superadmin','127.0.0.1','2021-10-19 15:53:26','2021-10-19 15:53:26','127.0.0.1',21022317473132,'superadmin','127.0.0.1','2021-11-01 10:25:56'),(2,'C06','采购退货出库','','采购退货出库单',0,'AB','采购退货','采购退货',0,21000,1,21022317473132,'superadmin','127.0.0.1','2021-10-19 15:53:26','2021-10-19 15:53:26','127.0.0.1',21022317473132,'superadmin','127.0.0.1','2021-11-01 10:25:56'),(3,'C08','采购收货更正单入库','','采购收货更正单出库',0,'AB','采购收货更正','采购收货更正',0,21000,1,21022317473132,'superadmin','127.0.0.1','2021-10-19 15:53:26','2021-10-19 15:53:26','127.0.0.1',21022317473132,'superadmin','127.0.0.1','2021-11-01 10:25:56'),(4,'C09','采购收货更正单出库','','采购收货更正单出库单',0,'AB','采购收货更正','采购收货更正',0,21000,1,21022317473132,'superadmin','127.0.0.1','2021-10-19 15:53:26','2021-10-19 15:53:26','127.0.0.1',21022317473132,'superadmin','127.0.0.1','2021-11-01 10:25:56'),(5,'C10','采购退货更正单入库','','采购退货更正单入库单',0,'AB','采购退货更正','采购退货更正',0,21000,1,21022317473132,'superadmin','127.0.0.1','2021-10-19 15:53:26','2021-10-19 15:53:26','127.0.0.1',21022317473132,'superadmin','127.0.0.1','2021-11-01 10:25:56'),(6,'C11','采购退货更正单出库','','采购退货更正单出库单',0,'AB','采购退货更正','采购退货更正',0,21000,1,21022317473132,'superadmin','127.0.0.1','2021-10-19 15:53:26','2021-10-19 15:53:26','127.0.0.1',21022317473132,'superadmin','127.0.0.1','2021-11-01 10:25:56'),(7,'E01','盘点-盘盈','','盘盈单',0,'AB','盘盈处理','盘盈处理',0,21000,1,21022317473132,'superadmin','127.0.0.1','2021-10-19 15:53:26','2021-10-19 15:53:26','127.0.0.1',21022317473132,'superadmin','127.0.0.1','2021-11-01 10:25:56'),(8,'E02','盘点-盘亏','','盘亏单',0,'AB','盘盈处理','盘盈处理',0,21000,1,21022317473132,'superadmin','127.0.0.1','2021-10-19 15:53:26','2021-10-19 15:53:26','127.0.0.1',21022317473132,'superadmin','127.0.0.1','2021-11-01 10:25:56'),(9,'C03','票核','','票核单',0,'KR','采购发票核销','采购发票核销',0,21000,1,21022317473132,'superadmin','127.0.0.1','2021-10-19 15:53:26','2021-10-19 15:53:26','127.0.0.1',21022317473132,'superadmin','127.0.0.1','2021-11-01 10:25:56'),(10,'C04','票扣费用单',' ','费用单',0,'AB','供应商扣款费用发票核销','供应商扣款费用发票核销',0,21000,1,21022317473132,'superadmin','127.0.0.1','2021-10-19 15:53:26','2021-10-19 15:53:26','127.0.0.1',21022317473132,'superadmin','127.0.0.1','2021-11-01 10:25:56'),(11,'C05','账扣费用单-通道费',' ','费用单',0,'AB','供应商扣款费用核销','供应商扣款费用核销',0,21000,1,21022317473132,'superadmin','127.0.0.1','2021-10-19 15:53:26','2021-10-19 15:53:26','127.0.0.1',21022317473132,'superadmin','127.0.0.1','2021-11-01 10:25:56'),(12,'C13','账扣费用单-违约金',' ','费用单',0,'AB','供应商无发票扣款','供应商无发票扣款',0,21000,1,21022317473132,'superadmin','127.0.0.1','2021-10-19 15:53:26','2021-10-19 15:53:26','127.0.0.1',21022317473132,'superadmin','127.0.0.1','2021-11-01 10:25:56'),(13,'A01','自营大客户销售出库','','销售出库单\r',0,'AB','大客户销售出库','大客户销售出库',0,21000,1,21022317473132,'superadmin','127.0.0.1','2021-10-19 15:53:26','2021-10-19 15:53:26','127.0.0.1',21022317473132,'superadmin','127.0.0.1','2021-11-01 10:25:56'),(14,'A02','自营大客户出库成本核算','','销售出库成本核算单\r',0,'AB','大客户销售出库成本结转','大客户销售出库成本结转',0,21000,1,21022317473132,'superadmin','127.0.0.1','2021-10-19 15:53:26','2021-10-19 15:53:26','127.0.0.1',21022317473132,'superadmin','127.0.0.1','2021-11-01 10:25:56'),(15,'A05','自营大客户退货入库','','销售退货成本核算单\r',0,'AB','大客户销售退货','大客户销售退货',0,21000,1,21022317473132,'superadmin','127.0.0.1','2021-10-19 15:53:26','2021-10-19 15:53:26','127.0.0.1',21022317473132,'superadmin','127.0.0.1','2021-11-01 10:25:56'),(16,'B01','自营小客户销售出库','','销售出库单\r',1,'AB','小客户销售出库','小客户销售出库',0,21000,1,21022317473132,'superadmin','127.0.0.1','2021-10-19 15:53:26','2021-10-19 15:53:26','127.0.0.1',21022317473132,'superadmin','127.0.0.1','2021-11-01 10:25:56'),(17,'B02','自营小客户出库成本核算','','销售出库成本核算单\r',1,'AB','小客户销售出库成本结转','小客户销售出库成本结转',0,21000,1,21022317473132,'superadmin','127.0.0.1','2021-10-19 15:53:26','2021-10-19 15:53:26','127.0.0.1',21022317473132,'superadmin','127.0.0.1','2021-11-01 10:25:56'),(18,'B06','自营小客户退货入库成本','','销售退货成本核算单\r',1,'AB','小客户销售退货','小客户销售退货',0,21000,1,21022317473132,'superadmin','127.0.0.1','2021-10-19 15:53:26','2021-10-19 15:53:26','127.0.0.1',21022317473132,'superadmin','127.0.0.1','2021-11-01 10:25:56'),(19,'D06','联营销售退货入库成本','','联营销售售后汇总退货入库单',1,'AB','联营销售退货','联营销售退货',0,21000,1,21022317473132,'superadmin','127.0.0.1','2021-10-19 15:53:26','2021-10-19 15:53:26','127.0.0.1',21022317473132,'superadmin','127.0.0.1','2021-11-01 10:25:56');
/*!40000 ALTER TABLE `business_type` ENABLE KEYS */;
UNLOCK TABLES;

--
-- Table structure for table `certificate_daily_different_report`
--

DROP TABLE IF EXISTS `certificate_daily_different_report`;
/*!40101 SET @saved_cs_client     = @@character_set_client */;
/*!40101 SET character_set_client = utf8 */;
CREATE TABLE `certificate_daily_different_report` (
  `id` bigint(20) NOT NULL COMMENT 'ID',
  `pre_certificate_id` bigint(20) DEFAULT NULL COMMENT '预制凭证id',
  `fail_status` varchar(20) DEFAULT NULL COMMENT '失败状态',
  `fail_message` varchar(255) DEFAULT NULL COMMENT '失败信息',
  `sap_certificate_code` varchar(255) DEFAULT NULL COMMENT 'sap凭证号码',
  `merchant_id` bigint(20) DEFAULT NULL COMMENT '商家id',
  `is_deleted` tinyint(3) DEFAULT '0' COMMENT '逻辑删除字段 0 正常 1 已删除',
  `company_id` bigint(20) DEFAULT NULL COMMENT '公司id',
  `version_no` int(11) DEFAULT '0' COMMENT '版本号:默认0,每次更新+1',
  `create_userid` bigint(20) DEFAULT NULL COMMENT '创建人ID',
  `create_username` varchar(100) DEFAULT NULL COMMENT '创建人用户名',
  `create_userip` varchar(255) DEFAULT NULL COMMENT '创建人IP',
  `create_time` timestamp NULL DEFAULT CURRENT_TIMESTAMP COMMENT '创建时间-应用操作时间',
  `create_time_db` timestamp NULL DEFAULT CURRENT_TIMESTAMP COMMENT '创建时间-数据库操作时间',
  `server_ip` varchar(255) DEFAULT NULL COMMENT '服务器IP',
  `update_userid` bigint(20) DEFAULT NULL COMMENT '最后修改人ID',
  `update_username` varchar(100) DEFAULT NULL COMMENT '最后修改人用户名',
  `update_userip` varchar(255) DEFAULT NULL COMMENT '最后修改人IP',
  `update_time` timestamp NULL DEFAULT NULL ON UPDATE CURRENT_TIMESTAMP COMMENT '最后修改时间',
  PRIMARY KEY (`id`) USING BTREE
) ENGINE=InnoDB DEFAULT CHARSET=utf8mb4 COMMENT='凭证日终差异报表';
/*!40101 SET character_set_client = @saved_cs_client */;

--
-- Dumping data for table `certificate_daily_different_report`
--

LOCK TABLES `certificate_daily_different_report` WRITE;
/*!40000 ALTER TABLE `certificate_daily_different_report` DISABLE KEYS */;
/*!40000 ALTER TABLE `certificate_daily_different_report` ENABLE KEYS */;
UNLOCK TABLES;

--
-- Table structure for table `certificate_log`
--

DROP TABLE IF EXISTS `certificate_log`;
/*!40101 SET @saved_cs_client     = @@character_set_client */;
/*!40101 SET character_set_client = utf8 */;
CREATE TABLE `certificate_log` (
  `id` bigint(20) NOT NULL COMMENT 'ID',
  `pack_doc_no` varchar(64) DEFAULT NULL COMMENT '预制凭证id',
  `request_data` text COMMENT '请求数据',
  `response_data` text COMMENT '响应数据',
  `async` tinyint(4) DEFAULT '1' COMMENT '是否异步 0 同步 1异步',
  `request_success` tinyint(4) DEFAULT '0' COMMENT '请求是否成功',
  `callback_success` tinyint(4) DEFAULT '0' COMMENT '回调是否成功,同步接口不需要回调,只要有返回回调都认为回调成功',
  `response_success` tinyint(4) DEFAULT '0' COMMENT '响应是否成功,即返回type为S',
  `message` text COMMENT '错误消息:多个逗号隔开',
  `is_deleted` tinyint(3) DEFAULT '0' COMMENT '逻辑删除字段 0 正常 1 已删除',
  `company_id` bigint(20) DEFAULT NULL COMMENT '公司id',
  `version_no` int(11) DEFAULT '0' COMMENT '版本号:默认0,每次更新+1',
  `create_userid` bigint(20) DEFAULT NULL COMMENT '创建人ID',
  `create_username` varchar(100) DEFAULT NULL COMMENT '创建人用户名',
  `create_userip` varchar(255) DEFAULT NULL COMMENT '创建人IP',
  `create_time` timestamp NULL DEFAULT CURRENT_TIMESTAMP COMMENT '创建时间-应用操作时间',
  `create_time_db` timestamp NULL DEFAULT CURRENT_TIMESTAMP COMMENT '创建时间-数据库操作时间',
  `server_ip` varchar(255) DEFAULT NULL COMMENT '服务器IP',
  `update_userid` bigint(20) DEFAULT NULL COMMENT '最后修改人ID',
  `update_username` varchar(100) DEFAULT NULL COMMENT '最后修改人用户名',
  `update_userip` varchar(255) DEFAULT NULL COMMENT '最后修改人IP',
  `update_time` timestamp NULL DEFAULT NULL ON UPDATE CURRENT_TIMESTAMP COMMENT '最后修改时间',
  `log_type` tinyint(3) DEFAULT NULL COMMENT '日志类型 0 凭证推送',
  PRIMARY KEY (`id`)
) ENGINE=InnoDB DEFAULT CHARSET=utf8mb4 COMMENT='凭证日志流水表';
/*!40101 SET character_set_client = @saved_cs_client */;

--
-- Dumping data for table `certificate_log`
--

LOCK TABLES `certificate_log` WRITE;
/*!40000 ALTER TABLE `certificate_log` DISABLE KEYS */;
INSERT INTO `certificate_log` VALUES (2111110000004651,'2111080000003630','{\"BUSS_DOC_NO\":\"SH2110310000000009\",\"BUSS_DOC_TYPE\":\"采购入库单\",\"BUSS_SYS\":\"MY1233\",\"COMP_CODE\":\"8031\",\"CREATED_AT\":\"20211108170104\",\"CURRENCY\":\"CNY\",\"DOC_DATE\":\"20211108\",\"DOC_TYPE\":\"AB\",\"EXCH_RATE\":1.00,\"FISC_YEAR\":\"2021\",\"HEADER_TXT\":\"采购入库2021-11-08\",\"ITEM\":[{\"ACCOUNT_TYPE\":\"S\",\"CS_TRANS_T\":\"\",\"DOC_CURR_AMT\":90610633.34,\"DR_CR_IND\":\"H\",\"GL_ACCOUNT\":\"2202030100\",\"ITEM_TEXT\":\"采购入库2021-11-08\",\"LOC_CURR_AMT\":90610633.34,\"PACK_DOC_ITEM\":2,\"POSTING_KEY\":\"96\",\"PROFIT_CTR\":\"8031\",\"REF_KEY_3\":\"CG2110300000000144\",\"SP_GL_IND\":\"\",\"VENDOR_NO\":\"0000200111\"},{\"ACCOUNT_TYPE\":\"M\",\"CS_TRANS_T\":\"\",\"DOC_CURR_AMT\":172.82,\"DR_CR_IND\":\"S\",\"GL_ACCOUNT\":\"1405010000\",\"ITEM_TEXT\":\"采购入库2021-11-08\",\"LOC_CURR_AMT\":172.82,\"PACK_DOC_ITEM\":1,\"POSTING_KEY\":\"89\",\"PROFIT_CTR\":\"8031\",\"REF_KEY_3\":\"CG2110300000000144\",\"SP_GL_IND\":\"\",\"VENDOR_NO\":\"0000200111\"},{\"ACCOUNT_TYPE\":\"M\",\"CS_TRANS_T\":\"\",\"DOC_CURR_AMT\":1.80,\"DR_CR_IND\":\"S\",\"GL_ACCOUNT\":\"1405020000\",\"ITEM_TEXT\":\"采购入库2021-11-08\",\"LOC_CURR_AMT\":1.80,\"PACK_DOC_ITEM\":1,\"POSTING_KEY\":\"89\",\"PROFIT_CTR\":\"8031\",\"REF_KEY_3\":\"CG2110300000000144\",\"SP_GL_IND\":\"\",\"VENDOR_NO\":\"0000200111\"},{\"ACCOUNT_TYPE\":\"M\",\"CS_TRANS_T\":\"\",\"DOC_CURR_AMT\":90610458.72,\"DR_CR_IND\":\"S\",\"GL_ACCOUNT\":\"1405040000\",\"ITEM_TEXT\":\"采购入库2021-11-08\",\"LOC_CURR_AMT\":90610458.72,\"PACK_DOC_ITEM\":1,\"POSTING_KEY\":\"89\",\"PROFIT_CTR\":\"8031\",\"REF_KEY_3\":\"CG2110300000000144\",\"SP_GL_IND\":\"\",\"VENDOR_NO\":\"0000200111\"}],\"PACK_DOC_NO\":\"2111080000003630\",\"PSTNG_DATE\":\"20211108\",\"REF_DOC_NO\":\"CG2110300000000144\",\"UPDATE_MOD\":\"A\"}','[{\"FIELD\":\"2111080000003630\",\"ID\":\"YH\",\"LOG_MSG_NO\":\"\",\"LOG_NO\":\"\",\"MESSAGE\":\"数据写入成功\",\"MESSAGE_V1\":\"\",\"MESSAGE_V2\":\"\",\"MESSAGE_V3\":\"\",\"MESSAGE_V4\":\"\",\"NUMBER\":\"000\",\"PARAMETER\":\"\",\"ROW\":\"\",\"SYSTEM\":\"\",\"TYPE\":\"S\"}]',1,1,NULL,1,NULL,0,21000,0,NULL,NULL,NULL,'2021-11-11 04:06:02','2021-11-11 04:06:01','172.16.4.240',NULL,NULL,NULL,NULL,0),(2111110000004652,'2111080000003637','{\"BUSS_DOC_NO\":\"TH2110310000000121\",\"BUSS_DOC_TYPE\":\"采购退货出库单\",\"BUSS_SYS\":\"MY1233\",\"COMP_CODE\":\"8031\",\"CREATED_AT\":\"20211108170104\",\"CURRENCY\":\"CNY\",\"DOC_DATE\":\"20211108\",\"DOC_TYPE\":\"AB\",\"EXCH_RATE\":1.00,\"FISC_YEAR\":\"2021\",\"HEADER_TXT\":\"采购退货2021-11-08\",\"ITEM\":[{\"ACCOUNT_TYPE\":\"S\",\"CS_TRANS_T\":\"\",\"DOC_CURR_AMT\":0.00,\"DR_CR_IND\":\"S\",\"GL_ACCOUNT\":\"2202030100\",\"ITEM_TEXT\":\"采购退货2021-11-08\",\"LOC_CURR_AMT\":0.00,\"PACK_DOC_ITEM\":1,\"POSTING_KEY\":\"86\",\"PROFIT_CTR\":\"8031\",\"REF_KEY_3\":\"TH2110310000000121\",\"SP_GL_IND\":\"\",\"VENDOR_NO\":\"0000200111\"},{\"ACCOUNT_TYPE\":\"M\",\"CS_TRANS_T\":\"\",\"DOC_CURR_AMT\":0.00,\"DR_CR_IND\":\"H\",\"GL_ACCOUNT\":\"1405020000\",\"ITEM_TEXT\":\"采购退货2021-11-08\",\"LOC_CURR_AMT\":0.00,\"PACK_DOC_ITEM\":2,\"POSTING_KEY\":\"99\",\"PROFIT_CTR\":\"8031\",\"REF_KEY_3\":\"TH2110310000000121\",\"SP_GL_IND\":\"\",\"VENDOR_NO\":\"0000200111\"}],\"PACK_DOC_NO\":\"2111080000003637\",\"PSTNG_DATE\":\"20211108\",\"REF_DOC_NO\":\"TH2110310000000121\",\"UPDATE_MOD\":\"A\"}','[{\"FIELD\":\"2111080000003637\",\"ID\":\"YH\",\"LOG_MSG_NO\":\"\",\"LOG_NO\":\"\",\"MESSAGE\":\"数据写入成功\",\"MESSAGE_V1\":\"\",\"MESSAGE_V2\":\"\",\"MESSAGE_V3\":\"\",\"MESSAGE_V4\":\"\",\"NUMBER\":\"000\",\"PARAMETER\":\"\",\"ROW\":\"\",\"SYSTEM\":\"\",\"TYPE\":\"S\"}]',1,1,NULL,1,NULL,0,21000,0,NULL,NULL,NULL,'2021-11-11 04:06:02','2021-11-11 04:06:01','172.16.4.240',NULL,NULL,NULL,NULL,0),(2111110000004653,'2111080000003640','{\"BUSS_DOC_NO\":\"TH2110300000000077\",\"BUSS_DOC_TYPE\":\"采购退货出库单\",\"BUSS_SYS\":\"MY1233\",\"COMP_CODE\":\"8031\",\"CREATED_AT\":\"20211108170104\",\"CURRENCY\":\"CNY\",\"DOC_DATE\":\"20211108\",\"DOC_TYPE\":\"AB\",\"EXCH_RATE\":1.00,\"FISC_YEAR\":\"2021\",\"HEADER_TXT\":\"采购退货2021-11-08\",\"ITEM\":[{\"ACCOUNT_TYPE\":\"S\",\"CS_TRANS_T\":\"\",\"DOC_CURR_AMT\":0.00,\"DR_CR_IND\":\"S\",\"GL_ACCOUNT\":\"2202030100\",\"ITEM_TEXT\":\"采购退货2021-11-08\",\"LOC_CURR_AMT\":0.00,\"PACK_DOC_ITEM\":1,\"POSTING_KEY\":\"86\",\"PROFIT_CTR\":\"8031\",\"REF_KEY_3\":\"TH2110300000000077\",\"SP_GL_IND\":\"\",\"VENDOR_NO\":\"0000200111\"},{\"ACCOUNT_TYPE\":\"M\",\"CS_TRANS_T\":\"\",\"DOC_CURR_AMT\":0.00,\"DR_CR_IND\":\"H\",\"GL_ACCOUNT\":\"1405010000\",\"ITEM_TEXT\":\"采购退货2021-11-08\",\"LOC_CURR_AMT\":0.00,\"PACK_DOC_ITEM\":2,\"POSTING_KEY\":\"99\",\"PROFIT_CTR\":\"8031\",\"REF_KEY_3\":\"TH2110300000000077\",\"SP_GL_IND\":\"\",\"VENDOR_NO\":\"0000200111\"},{\"ACCOUNT_TYPE\":\"M\",\"CS_TRANS_T\":\"\",\"DOC_CURR_AMT\":0.00,\"DR_CR_IND\":\"H\",\"GL_ACCOUNT\":\"1405020000\",\"ITEM_TEXT\":\"采购退货2021-11-08\",\"LOC_CURR_AMT\":0.00,\"PACK_DOC_ITEM\":2,\"POSTING_KEY\":\"99\",\"PROFIT_CTR\":\"8031\",\"REF_KEY_3\":\"TH2110300000000077\",\"SP_GL_IND\":\"\",\"VENDOR_NO\":\"0000200111\"},{\"ACCOUNT_TYPE\":\"M\",\"CS_TRANS_T\":\"\",\"DOC_CURR_AMT\":0.00,\"DR_CR_IND\":\"H\",\"GL_ACCOUNT\":\"1405040000\",\"ITEM_TEXT\":\"采购退货2021-11-08\",\"LOC_CURR_AMT\":0.00,\"PACK_DOC_ITEM\":2,\"POSTING_KEY\":\"99\",\"PROFIT_CTR\":\"8031\",\"REF_KEY_3\":\"TH2110300000000077\",\"SP_GL_IND\":\"\",\"VENDOR_NO\":\"0000200111\"}],\"PACK_DOC_NO\":\"2111080000003640\",\"PSTNG_DATE\":\"20211108\",\"REF_DOC_NO\":\"TH2110300000000077\",\"UPDATE_MOD\":\"A\"}','[{\"FIELD\":\"2111080000003640\",\"ID\":\"YH\",\"LOG_MSG_NO\":\"\",\"LOG_NO\":\"\",\"MESSAGE\":\"数据写入成功\",\"MESSAGE_V1\":\"\",\"MESSAGE_V2\":\"\",\"MESSAGE_V3\":\"\",\"MESSAGE_V4\":\"\",\"NUMBER\":\"000\",\"PARAMETER\":\"\",\"ROW\":\"\",\"SYSTEM\":\"\",\"TYPE\":\"S\"}]',1,1,NULL,1,NULL,0,21000,0,NULL,NULL,NULL,'2021-11-11 04:06:02','2021-11-11 04:06:01','172.16.4.240',NULL,NULL,NULL,NULL,0),(2111110000004654,'2111080000003649','{\"BUSS_DOC_NO\":\"TH2110310000000026\",\"BUSS_DOC_TYPE\":\"采购退货出库单\",\"BUSS_SYS\":\"MY1233\",\"COMP_CODE\":\"8031\",\"CREATED_AT\":\"20211108170104\",\"CURRENCY\":\"CNY\",\"DOC_DATE\":\"20211108\",\"DOC_TYPE\":\"AB\",\"EXCH_RATE\":1.00,\"FISC_YEAR\":\"2021\",\"HEADER_TXT\":\"采购退货2021-11-08\",\"ITEM\":[{\"ACCOUNT_TYPE\":\"S\",\"CS_TRANS_T\":\"\",\"DOC_CURR_AMT\":9061055.22,\"DR_CR_IND\":\"S\",\"GL_ACCOUNT\":\"2202030100\",\"ITEM_TEXT\":\"采购退货2021-11-08\",\"LOC_CURR_AMT\":9061055.22,\"PACK_DOC_ITEM\":1,\"POSTING_KEY\":\"86\",\"PROFIT_CTR\":\"8031\",\"REF_KEY_3\":\"TH2110310000000026\",\"SP_GL_IND\":\"\",\"VENDOR_NO\":\"0000200111\"},{\"ACCOUNT_TYPE\":\"M\",\"CS_TRANS_T\":\"\",\"DOC_CURR_AMT\":9.17,\"DR_CR_IND\":\"H\",\"GL_ACCOUNT\":\"1405010000\",\"ITEM_TEXT\":\"采购退货2021-11-08\",\"LOC_CURR_AMT\":9.17,\"PACK_DOC_ITEM\":2,\"POSTING_KEY\":\"99\",\"PROFIT_CTR\":\"8031\",\"REF_KEY_3\":\"TH2110310000000026\",\"SP_GL_IND\":\"\",\"VENDOR_NO\":\"0000200111\"},{\"ACCOUNT_TYPE\":\"M\",\"CS_TRANS_T\":\"\",\"DOC_CURR_AMT\":0.18,\"DR_CR_IND\":\"H\",\"GL_ACCOUNT\":\"1405020000\",\"ITEM_TEXT\":\"采购退货2021-11-08\",\"LOC_CURR_AMT\":0.18,\"PACK_DOC_ITEM\":2,\"POSTING_KEY\":\"99\",\"PROFIT_CTR\":\"8031\",\"REF_KEY_3\":\"TH2110310000000026\",\"SP_GL_IND\":\"\",\"VENDOR_NO\":\"0000200111\"},{\"ACCOUNT_TYPE\":\"M\",\"CS_TRANS_T\":\"\",\"DOC_CURR_AMT\":9061045.87,\"DR_CR_IND\":\"H\",\"GL_ACCOUNT\":\"1405040000\",\"ITEM_TEXT\":\"采购退货2021-11-08\",\"LOC_CURR_AMT\":9061045.87,\"PACK_DOC_ITEM\":2,\"POSTING_KEY\":\"99\",\"PROFIT_CTR\":\"8031\",\"REF_KEY_3\":\"TH2110310000000026\",\"SP_GL_IND\":\"\",\"VENDOR_NO\":\"0000200111\"}],\"PACK_DOC_NO\":\"2111080000003649\",\"PSTNG_DATE\":\"20211108\",\"REF_DOC_NO\":\"TH2110310000000026\",\"UPDATE_MOD\":\"A\"}','[{\"FIELD\":\"2111080000003649\",\"ID\":\"YH\",\"LOG_MSG_NO\":\"\",\"LOG_NO\":\"\",\"MESSAGE\":\"数据写入成功\",\"MESSAGE_V1\":\"\",\"MESSAGE_V2\":\"\",\"MESSAGE_V3\":\"\",\"MESSAGE_V4\":\"\",\"NUMBER\":\"000\",\"PARAMETER\":\"\",\"ROW\":\"\",\"SYSTEM\":\"\",\"TYPE\":\"S\"}]',1,1,NULL,1,NULL,0,21000,0,NULL,NULL,NULL,'2021-11-11 04:06:02','2021-11-11 04:06:01','172.16.4.240',NULL,NULL,NULL,NULL,0),(2111110000004655,'2111080000003656','{\"BUSS_DOC_NO\":\"GZ2110310000000200\",\"BUSS_DOC_TYPE\":\"采购收货更正单出库\",\"BUSS_SYS\":\"MY1233\",\"COMP_CODE\":\"8031\",\"CREATED_AT\":\"20211108170104\",\"CURRENCY\":\"CNY\",\"DOC_DATE\":\"20211108\",\"DOC_TYPE\":\"AB\",\"EXCH_RATE\":1.00,\"FISC_YEAR\":\"2021\",\"HEADER_TXT\":\"采购收货更正2021-11-08\",\"ITEM\":[{\"ACCOUNT_TYPE\":\"S\",\"CS_TRANS_T\":\"\",\"DOC_CURR_AMT\":4530522.99,\"DR_CR_IND\":\"H\",\"GL_ACCOUNT\":\"2202030100\",\"ITEM_TEXT\":\"采购收货更正2021-11-08\",\"LOC_CURR_AMT\":4530522.99,\"PACK_DOC_ITEM\":2,\"POSTING_KEY\":\"96\",\"PROFIT_CTR\":\"8031\",\"REF_KEY_3\":\"CG2110310000000186\",\"SP_GL_IND\":\"\",\"VENDOR_NO\":\"0000200111\"},{\"ACCOUNT_TYPE\":\"M\",\"CS_TRANS_T\":\"\",\"DOC_CURR_AMT\":0.05,\"DR_CR_IND\":\"S\",\"GL_ACCOUNT\":\"1405020000\",\"ITEM_TEXT\":\"采购收货更正2021-11-08\",\"LOC_CURR_AMT\":0.05,\"PACK_DOC_ITEM\":1,\"POSTING_KEY\":\"89\",\"PROFIT_CTR\":\"8031\",\"REF_KEY_3\":\"CG2110310000000186\",\"SP_GL_IND\":\"\",\"VENDOR_NO\":\"0000200111\"},{\"ACCOUNT_TYPE\":\"M\",\"CS_TRANS_T\":\"\",\"DOC_CURR_AMT\":4530522.94,\"DR_CR_IND\":\"S\",\"GL_ACCOUNT\":\"1405040000\",\"ITEM_TEXT\":\"采购收货更正2021-11-08\",\"LOC_CURR_AMT\":4530522.94,\"PACK_DOC_ITEM\":1,\"POSTING_KEY\":\"89\",\"PROFIT_CTR\":\"8031\",\"REF_KEY_3\":\"CG2110310000000186\",\"SP_GL_IND\":\"\",\"VENDOR_NO\":\"0000200111\"}],\"PACK_DOC_NO\":\"2111080000003656\",\"PSTNG_DATE\":\"20211108\",\"REF_DOC_NO\":\"CG2110310000000186\",\"UPDATE_MOD\":\"S\"}','[{\"FIELD\":\"2111080000003656\",\"ID\":\"YH\",\"LOG_MSG_NO\":\"000000\",\"LOG_NO\":\"\",\"MESSAGE\":\"凭证过帐成功: 100000016 8031 2021\",\"MESSAGE_V1\":\"\",\"MESSAGE_V2\":\"010000001680312021\",\"MESSAGE_V3\":\"\",\"MESSAGE_V4\":\"\",\"NUMBER\":\"001\",\"PARAMETER\":\"\",\"ROW\":\"0 \",\"SYSTEM\":\"\",\"TYPE\":\"S\"}]',0,1,NULL,1,NULL,0,21000,0,NULL,NULL,NULL,'2021-11-11 04:06:02','2021-11-11 04:06:01','172.16.4.240',NULL,NULL,NULL,NULL,0),(2111110000004656,'2111080000003661','{\"BUSS_DOC_NO\":\"GZ2110310000000073\",\"BUSS_DOC_TYPE\":\"采购收货更正单出库单\",\"BUSS_SYS\":\"MY1233\",\"COMP_CODE\":\"8031\",\"CREATED_AT\":\"20211108170104\",\"CURRENCY\":\"CNY\",\"DOC_DATE\":\"20211108\",\"DOC_TYPE\":\"AB\",\"EXCH_RATE\":1.00,\"FISC_YEAR\":\"2021\",\"HEADER_TXT\":\"采购收货更正2021-11-08\",\"ITEM\":[{\"ACCOUNT_TYPE\":\"S\",\"CS_TRANS_T\":\"\",\"DOC_CURR_AMT\":0.01,\"DR_CR_IND\":\"S\",\"GL_ACCOUNT\":\"2202030100\",\"ITEM_TEXT\":\"采购收货更正2021-11-08\",\"LOC_CURR_AMT\":0.01,\"PACK_DOC_ITEM\":1,\"POSTING_KEY\":\"86\",\"PROFIT_CTR\":\"8031\",\"REF_KEY_3\":\"CG2110300000000144\",\"SP_GL_IND\":\"\",\"VENDOR_NO\":\"0000200111\"},{\"ACCOUNT_TYPE\":\"M\",\"CS_TRANS_T\":\"\",\"DOC_CURR_AMT\":0.01,\"DR_CR_IND\":\"H\",\"GL_ACCOUNT\":\"1405020000\",\"ITEM_TEXT\":\"采购收货更正2021-11-08\",\"LOC_CURR_AMT\":0.01,\"PACK_DOC_ITEM\":2,\"POSTING_KEY\":\"99\",\"PROFIT_CTR\":\"8031\",\"REF_KEY_3\":\"CG2110300000000144\",\"SP_GL_IND\":\"\",\"VENDOR_NO\":\"0000200111\"}],\"PACK_DOC_NO\":\"2111080000003661\",\"PSTNG_DATE\":\"20211108\",\"REF_DOC_NO\":\"CG2110300000000144\",\"UPDATE_MOD\":\"A\"}','[{\"FIELD\":\"2111080000003661\",\"ID\":\"YH\",\"LOG_MSG_NO\":\"\",\"LOG_NO\":\"\",\"MESSAGE\":\"数据写入成功\",\"MESSAGE_V1\":\"\",\"MESSAGE_V2\":\"\",\"MESSAGE_V3\":\"\",\"MESSAGE_V4\":\"\",\"NUMBER\":\"000\",\"PARAMETER\":\"\",\"ROW\":\"\",\"SYSTEM\":\"\",\"TYPE\":\"S\"}]',1,1,NULL,1,NULL,0,21000,0,NULL,NULL,NULL,'2021-11-11 04:06:02','2021-11-11 04:06:01','172.16.4.240',NULL,NULL,NULL,NULL,0),(2111110000004657,'2111080000003664','{\"BUSS_DOC_NO\":\"GZ2110310000000211\",\"BUSS_DOC_TYPE\":\"采购收货更正单出库单\",\"BUSS_SYS\":\"MY1233\",\"COMP_CODE\":\"8031\",\"CREATED_AT\":\"20211108170104\",\"CURRENCY\":\"CNY\",\"DOC_DATE\":\"20211108\",\"DOC_TYPE\":\"AB\",\"EXCH_RATE\":1.00,\"FISC_YEAR\":\"2021\",\"HEADER_TXT\":\"采购收货更正2021-11-08\",\"ITEM\":[{\"ACCOUNT_TYPE\":\"S\",\"CS_TRANS_T\":\"\",\"DOC_CURR_AMT\":2718313.79,\"DR_CR_IND\":\"S\",\"GL_ACCOUNT\":\"2202030100\",\"ITEM_TEXT\":\"采购收货更正2021-11-08\",\"LOC_CURR_AMT\":2718313.79,\"PACK_DOC_ITEM\":1,\"POSTING_KEY\":\"86\",\"PROFIT_CTR\":\"8031\",\"REF_KEY_3\":\"CG2110310000000186\",\"SP_GL_IND\":\"\",\"VENDOR_NO\":\"0000200111\"},{\"ACCOUNT_TYPE\":\"M\",\"CS_TRANS_T\":\"\",\"DOC_CURR_AMT\":0.03,\"DR_CR_IND\":\"H\",\"GL_ACCOUNT\":\"1405020000\",\"ITEM_TEXT\":\"采购收货更正2021-11-08\",\"LOC_CURR_AMT\":0.03,\"PACK_DOC_ITEM\":2,\"POSTING_KEY\":\"99\",\"PROFIT_CTR\":\"8031\",\"REF_KEY_3\":\"CG2110310000000186\",\"SP_GL_IND\":\"\",\"VENDOR_NO\":\"0000200111\"},{\"ACCOUNT_TYPE\":\"M\",\"CS_TRANS_T\":\"\",\"DOC_CURR_AMT\":2718313.76,\"DR_CR_IND\":\"H\",\"GL_ACCOUNT\":\"1405040000\",\"ITEM_TEXT\":\"采购收货更正2021-11-08\",\"LOC_CURR_AMT\":2718313.76,\"PACK_DOC_ITEM\":2,\"POSTING_KEY\":\"99\",\"PROFIT_CTR\":\"8031\",\"REF_KEY_3\":\"CG2110310000000186\",\"SP_GL_IND\":\"\",\"VENDOR_NO\":\"0000200111\"}],\"PACK_DOC_NO\":\"2111080000003664\",\"PSTNG_DATE\":\"20211108\",\"REF_DOC_NO\":\"CG2110310000000186\",\"UPDATE_MOD\":\"S\"}','[{\"FIELD\":\"2111080000003664\",\"ID\":\"YH\",\"LOG_MSG_NO\":\"000000\",\"LOG_NO\":\"\",\"MESSAGE\":\"凭证过帐成功: 100000017 8031 2021\",\"MESSAGE_V1\":\"\",\"MESSAGE_V2\":\"010000001780312021\",\"MESSAGE_V3\":\"\",\"MESSAGE_V4\":\"\",\"NUMBER\":\"001\",\"PARAMETER\":\"\",\"ROW\":\"0 \",\"SYSTEM\":\"\",\"TYPE\":\"S\"}]',0,1,NULL,1,NULL,0,21000,0,NULL,NULL,NULL,'2021-11-11 04:06:02','2021-11-11 04:06:01','172.16.4.240',NULL,NULL,NULL,NULL,0),(2111110000004658,'2111080000003669','{\"BUSS_DOC_NO\":\"GZ2110310000000132\",\"BUSS_DOC_TYPE\":\"采购退货更正单入库单\",\"BUSS_SYS\":\"MY1233\",\"COMP_CODE\":\"8031\",\"CREATED_AT\":\"20211108170104\",\"CURRENCY\":\"CNY\",\"DOC_DATE\":\"20211108\",\"DOC_TYPE\":\"AB\",\"EXCH_RATE\":1.00,\"FISC_YEAR\":\"2021\",\"HEADER_TXT\":\"采购退货更正2021-11-08\",\"ITEM\":[{\"ACCOUNT_TYPE\":\"S\",\"CS_TRANS_T\":\"\",\"DOC_CURR_AMT\":0.01,\"DR_CR_IND\":\"H\",\"GL_ACCOUNT\":\"2202030100\",\"ITEM_TEXT\":\"采购退货更正2021-11-08\",\"LOC_CURR_AMT\":0.01,\"PACK_DOC_ITEM\":2,\"POSTING_KEY\":\"96\",\"PROFIT_CTR\":\"8031\",\"REF_KEY_3\":\"TH2110310000000121\",\"SP_GL_IND\":\"\",\"VENDOR_NO\":\"0000200111\"},{\"ACCOUNT_TYPE\":\"M\",\"CS_TRANS_T\":\"\",\"DOC_CURR_AMT\":0.01,\"DR_CR_IND\":\"S\",\"GL_ACCOUNT\":\"1405020000\",\"ITEM_TEXT\":\"采购退货更正2021-11-08\",\"LOC_CURR_AMT\":0.01,\"PACK_DOC_ITEM\":1,\"POSTING_KEY\":\"89\",\"PROFIT_CTR\":\"8031\",\"REF_KEY_3\":\"TH2110310000000121\",\"SP_GL_IND\":\"\",\"VENDOR_NO\":\"0000200111\"}],\"PACK_DOC_NO\":\"2111080000003669\",\"PSTNG_DATE\":\"20211108\",\"REF_DOC_NO\":\"TH2110310000000121\",\"UPDATE_MOD\":\"A\"}','{\"FIELD\":\"2111080000003669\",\"ID\":\"YH\",\"LOG_MSG_NO\":\"\",\"LOG_NO\":\"\",\"MESSAGE\":\"凭证过帐成功: BKPFF 010000002480312021 ECPCLNT800\",\"MESSAGE_V1\":\"\",\"MESSAGE_V2\":\"010000002480312021\",\"MESSAGE_V3\":\"\",\"MESSAGE_V4\":\"\",\"NUMBER\":\"001\",\"PARAMETER\":\"\",\"ROW\":\"\",\"SYSTEM\":\"\",\"TYPE\":\"S\"}',1,1,1,1,NULL,0,21000,0,NULL,NULL,NULL,'2021-11-11 04:06:02','2021-11-11 04:06:01','172.16.4.240',NULL,NULL,NULL,'2021-11-12 09:46:41',0),(2111110000004659,'2111080000003672','{\"BUSS_DOC_NO\":\"GZ2110310000000080\",\"BUSS_DOC_TYPE\":\"采购退货更正单出库单\",\"BUSS_SYS\":\"MY1233\",\"COMP_CODE\":\"8031\",\"CREATED_AT\":\"20211108170104\",\"CURRENCY\":\"CNY\",\"DOC_DATE\":\"20211108\",\"DOC_TYPE\":\"AB\",\"EXCH_RATE\":1.00,\"FISC_YEAR\":\"2021\",\"HEADER_TXT\":\"采购退货更正2021-11-08\",\"ITEM\":[{\"ACCOUNT_TYPE\":\"S\",\"CS_TRANS_T\":\"\",\"DOC_CURR_AMT\":906104.59,\"DR_CR_IND\":\"S\",\"GL_ACCOUNT\":\"2202030100\",\"ITEM_TEXT\":\"采购退货更正2021-11-08\",\"LOC_CURR_AMT\":906104.59,\"PACK_DOC_ITEM\":1,\"POSTING_KEY\":\"86\",\"PROFIT_CTR\":\"8031\",\"REF_KEY_3\":\"TH2110310000000026\",\"SP_GL_IND\":\"\",\"VENDOR_NO\":\"0000200111\"},{\"ACCOUNT_TYPE\":\"M\",\"CS_TRANS_T\":\"\",\"DOC_CURR_AMT\":906104.59,\"DR_CR_IND\":\"H\",\"GL_ACCOUNT\":\"1405040000\",\"ITEM_TEXT\":\"采购退货更正2021-11-08\",\"LOC_CURR_AMT\":906104.59,\"PACK_DOC_ITEM\":2,\"POSTING_KEY\":\"99\",\"PROFIT_CTR\":\"8031\",\"REF_KEY_3\":\"TH2110310000000026\",\"SP_GL_IND\":\"\",\"VENDOR_NO\":\"0000200111\"}],\"PACK_DOC_NO\":\"2111080000003672\",\"PSTNG_DATE\":\"20211108\",\"REF_DOC_NO\":\"TH2110310000000026\",\"UPDATE_MOD\":\"A\"}','[{\"FIELD\":\"2111080000003672\",\"ID\":\"YH\",\"LOG_MSG_NO\":\"\",\"LOG_NO\":\"\",\"MESSAGE\":\"数据写入成功\",\"MESSAGE_V1\":\"\",\"MESSAGE_V2\":\"\",\"MESSAGE_V3\":\"\",\"MESSAGE_V4\":\"\",\"NUMBER\":\"000\",\"PARAMETER\":\"\",\"ROW\":\"\",\"SYSTEM\":\"\",\"TYPE\":\"S\"}]',1,1,NULL,1,NULL,0,21000,0,NULL,NULL,NULL,'2021-11-11 04:06:02','2021-11-11 04:06:01','172.16.4.240',NULL,NULL,NULL,NULL,0),(2111110000004660,'2111080000003675','{\"BUSS_DOC_NO\":\"GZ2110310000000127\",\"BUSS_DOC_TYPE\":\"采购退货更正单出库单\",\"BUSS_SYS\":\"MY1233\",\"COMP_CODE\":\"8031\",\"CREATED_AT\":\"20211108170104\",\"CURRENCY\":\"CNY\",\"DOC_DATE\":\"20211108\",\"DOC_TYPE\":\"AB\",\"EXCH_RATE\":1.00,\"FISC_YEAR\":\"2021\",\"HEADER_TXT\":\"采购退货更正2021-11-08\",\"ITEM\":[{\"ACCOUNT_TYPE\":\"S\",\"CS_TRANS_T\":\"\",\"DOC_CURR_AMT\":0.01,\"DR_CR_IND\":\"S\",\"GL_ACCOUNT\":\"2202030100\",\"ITEM_TEXT\":\"采购退货更正2021-11-08\",\"LOC_CURR_AMT\":0.01,\"PACK_DOC_ITEM\":1,\"POSTING_KEY\":\"86\",\"PROFIT_CTR\":\"8031\",\"REF_KEY_3\":\"TH2110310000000121\",\"SP_GL_IND\":\"\",\"VENDOR_NO\":\"0000200111\"},{\"ACCOUNT_TYPE\":\"M\",\"CS_TRANS_T\":\"\",\"DOC_CURR_AMT\":0.01,\"DR_CR_IND\":\"H\",\"GL_ACCOUNT\":\"1405020000\",\"ITEM_TEXT\":\"采购退货更正2021-11-08\",\"LOC_CURR_AMT\":0.01,\"PACK_DOC_ITEM\":2,\"POSTING_KEY\":\"99\",\"PROFIT_CTR\":\"8031\",\"REF_KEY_3\":\"TH2110310000000121\",\"SP_GL_IND\":\"\",\"VENDOR_NO\":\"0000200111\"}],\"PACK_DOC_NO\":\"2111080000003675\",\"PSTNG_DATE\":\"20211108\",\"REF_DOC_NO\":\"TH2110310000000121\",\"UPDATE_MOD\":\"A\"}','{\"FIELD\":\"2111080000003675\",\"ID\":\"YH\",\"LOG_MSG_NO\":\"\",\"LOG_NO\":\"\",\"MESSAGE\":\"凭证过帐成功: BKPFF 010000002580312021 ECPCLNT800\",\"MESSAGE_V1\":\"\",\"MESSAGE_V2\":\"010000002580312021\",\"MESSAGE_V3\":\"\",\"MESSAGE_V4\":\"\",\"NUMBER\":\"001\",\"PARAMETER\":\"\",\"ROW\":\"\",\"SYSTEM\":\"\",\"TYPE\":\"S\"}',1,1,1,1,NULL,0,21000,0,NULL,NULL,NULL,'2021-11-11 04:06:02','2021-11-11 04:06:01','172.16.4.240',NULL,NULL,NULL,'2021-11-12 09:48:47',0),(2111110000004661,'2111080000003678','{\"BUSS_DOC_NO\":\"PD2111040000000001\",\"BUSS_DOC_TYPE\":\"盘盈单\",\"BUSS_SYS\":\"MY1233\",\"COMP_CODE\":\"8031\",\"CREATED_AT\":\"20211108170104\",\"CURRENCY\":\"CNY\",\"DOC_DATE\":\"20211108\",\"DOC_TYPE\":\"AB\",\"EXCH_RATE\":1.00,\"FISC_YEAR\":\"2021\",\"HEADER_TXT\":\"盘盈处理2021-11-08\",\"ITEM\":[{\"ACCOUNT_TYPE\":\"S\",\"CS_TRANS_T\":\"\",\"DOC_CURR_AMT\":9515993.78,\"DR_CR_IND\":\"H\",\"GL_ACCOUNT\":\"1901010100\",\"ITEM_TEXT\":\"盘盈处理2021-11-08\",\"LOC_CURR_AMT\":9515993.78,\"PACK_DOC_ITEM\":2,\"POSTING_KEY\":\"50\",\"PROFIT_CTR\":\"8031\",\"REF_KEY_3\":\"PD2111040000000001\",\"SP_GL_IND\":\"\",\"VENDOR_NO\":\"0000200111\"},{\"ACCOUNT_TYPE\":\"M\",\"CS_TRANS_T\":\"\",\"DOC_CURR_AMT\":9515993.78,\"DR_CR_IND\":\"S\",\"GL_ACCOUNT\":\"1405040000\",\"ITEM_TEXT\":\"盘盈处理2021-11-08\",\"LOC_CURR_AMT\":9515993.78,\"PACK_DOC_ITEM\":1,\"POSTING_KEY\":\"89\",\"PROFIT_CTR\":\"8031\",\"REF_KEY_3\":\"PD2111040000000001\",\"SP_GL_IND\":\"\",\"VENDOR_NO\":\"0000200111\"}],\"PACK_DOC_NO\":\"2111080000003678\",\"PSTNG_DATE\":\"20211108\",\"REF_DOC_NO\":\"PD2111040000000001\",\"UPDATE_MOD\":\"A\"}','[{\"FIELD\":\"2111080000003678\",\"ID\":\"YH\",\"LOG_MSG_NO\":\"\",\"LOG_NO\":\"\",\"MESSAGE\":\"数据写入成功\",\"MESSAGE_V1\":\"\",\"MESSAGE_V2\":\"\",\"MESSAGE_V3\":\"\",\"MESSAGE_V4\":\"\",\"NUMBER\":\"000\",\"PARAMETER\":\"\",\"ROW\":\"\",\"SYSTEM\":\"\",\"TYPE\":\"S\"}]',1,1,NULL,1,NULL,0,21000,0,NULL,NULL,NULL,'2021-11-11 04:06:02','2021-11-11 04:06:01','172.16.4.240',NULL,NULL,NULL,NULL,0),(2111110000004662,'2111080000003681','{\"BUSS_DOC_NO\":\"PD2110310000000002\",\"BUSS_DOC_TYPE\":\"盘亏单\",\"BUSS_SYS\":\"MY1233\",\"COMP_CODE\":\"8031\",\"CREATED_AT\":\"20211108170104\",\"CURRENCY\":\"CNY\",\"DOC_DATE\":\"20211108\",\"DOC_TYPE\":\"AB\",\"EXCH_RATE\":1.00,\"FISC_YEAR\":\"2021\",\"HEADER_TXT\":\"盘盈处理2021-11-08\",\"ITEM\":[{\"ACCOUNT_TYPE\":\"M\",\"CS_TRANS_T\":\"\",\"DOC_CURR_AMT\":10.58,\"DR_CR_IND\":\"H\",\"GL_ACCOUNT\":\"1405020000\",\"ITEM_TEXT\":\"盘盈处理2021-11-08\",\"LOC_CURR_AMT\":10.58,\"PACK_DOC_ITEM\":2,\"POSTING_KEY\":\"99\",\"PROFIT_CTR\":\"8031\",\"REF_KEY_3\":\"PD2110310000000002\",\"SP_GL_IND\":\"\",\"VENDOR_NO\":\"0000200111\"},{\"ACCOUNT_TYPE\":\"S\",\"CS_TRANS_T\":\"\",\"DOC_CURR_AMT\":10.58,\"DR_CR_IND\":\"S\",\"GL_ACCOUNT\":\"1901010100\",\"ITEM_TEXT\":\"盘盈处理2021-11-08\",\"LOC_CURR_AMT\":10.58,\"PACK_DOC_ITEM\":1,\"POSTING_KEY\":\"81\",\"PROFIT_CTR\":\"8031\",\"REF_KEY_3\":\"PD2110310000000002\",\"SP_GL_IND\":\"\",\"VENDOR_NO\":\"0000200111\"}],\"PACK_DOC_NO\":\"2111080000003681\",\"PSTNG_DATE\":\"20211108\",\"REF_DOC_NO\":\"PD2110310000000002\",\"UPDATE_MOD\":\"A\"}','[{\"FIELD\":\"2111080000003681\",\"ID\":\"YH\",\"LOG_MSG_NO\":\"\",\"LOG_NO\":\"\",\"MESSAGE\":\"数据写入成功\",\"MESSAGE_V1\":\"\",\"MESSAGE_V2\":\"\",\"MESSAGE_V3\":\"\",\"MESSAGE_V4\":\"\",\"NUMBER\":\"000\",\"PARAMETER\":\"\",\"ROW\":\"\",\"SYSTEM\":\"\",\"TYPE\":\"S\"}]',1,1,NULL,1,NULL,0,21000,0,NULL,NULL,NULL,'2021-11-11 04:06:02','2021-11-11 04:06:01','172.16.4.240',NULL,NULL,NULL,NULL,0),(2111110000004663,'2111080000003684','{\"BUSS_DOC_NO\":\"PD2110310000000001\",\"BUSS_DOC_TYPE\":\"盘亏单\",\"BUSS_SYS\":\"MY1233\",\"COMP_CODE\":\"8031\",\"CREATED_AT\":\"20211108170104\",\"CURRENCY\":\"CNY\",\"DOC_DATE\":\"20211108\",\"DOC_TYPE\":\"AB\",\"EXCH_RATE\":1.00,\"FISC_YEAR\":\"2021\",\"HEADER_TXT\":\"盘盈处理2021-11-08\",\"ITEM\":[{\"ACCOUNT_TYPE\":\"M\",\"CS_TRANS_T\":\"\",\"DOC_CURR_AMT\":117.18,\"DR_CR_IND\":\"H\",\"GL_ACCOUNT\":\"1405020000\",\"ITEM_TEXT\":\"盘盈处理2021-11-08\",\"LOC_CURR_AMT\":117.18,\"PACK_DOC_ITEM\":2,\"POSTING_KEY\":\"99\",\"PROFIT_CTR\":\"8031\",\"REF_KEY_3\":\"PD2110310000000001\",\"SP_GL_IND\":\"\",\"VENDOR_NO\":\"0000200111\"},{\"ACCOUNT_TYPE\":\"S\",\"CS_TRANS_T\":\"\",\"DOC_CURR_AMT\":117.18,\"DR_CR_IND\":\"S\",\"GL_ACCOUNT\":\"1901010100\",\"ITEM_TEXT\":\"盘盈处理2021-11-08\",\"LOC_CURR_AMT\":117.18,\"PACK_DOC_ITEM\":1,\"POSTING_KEY\":\"81\",\"PROFIT_CTR\":\"8031\",\"REF_KEY_3\":\"PD2110310000000001\",\"SP_GL_IND\":\"\",\"VENDOR_NO\":\"0000200111\"}],\"PACK_DOC_NO\":\"2111080000003684\",\"PSTNG_DATE\":\"20211108\",\"REF_DOC_NO\":\"PD2110310000000001\",\"UPDATE_MOD\":\"A\"}','[{\"FIELD\":\"2111080000003684\",\"ID\":\"YH\",\"LOG_MSG_NO\":\"\",\"LOG_NO\":\"\",\"MESSAGE\":\"数据写入成功\",\"MESSAGE_V1\":\"\",\"MESSAGE_V2\":\"\",\"MESSAGE_V3\":\"\",\"MESSAGE_V4\":\"\",\"NUMBER\":\"000\",\"PARAMETER\":\"\",\"ROW\":\"\",\"SYSTEM\":\"\",\"TYPE\":\"S\"}]',1,1,NULL,1,NULL,0,21000,0,NULL,NULL,NULL,'2021-11-11 04:06:02','2021-11-11 04:06:01','172.16.4.240',NULL,NULL,NULL,NULL,0),(2111110000004664,'2111080000003687','{\"BUSS_DOC_NO\":\"TH2111040000001740\",\"BUSS_DOC_TYPE\":\"采购退货出库单\",\"BUSS_SYS\":\"MY1233\",\"COMP_CODE\":\"yh-1233maoyi\",\"CREATED_AT\":\"20211108170104\",\"CURRENCY\":\"CNY\",\"DOC_DATE\":\"20211108\",\"DOC_TYPE\":\"AB\",\"EXCH_RATE\":1.00,\"FISC_YEAR\":\"2021\",\"HEADER_TXT\":\"采购退货2021-11-08\",\"ITEM\":[{\"ACCOUNT_TYPE\":\"S\",\"CS_TRANS_T\":\"\",\"DOC_CURR_AMT\":551.99,\"DR_CR_IND\":\"S\",\"GL_ACCOUNT\":\"2202030100\",\"ITEM_TEXT\":\"采购退货2021-11-08\",\"LOC_CURR_AMT\":551.99,\"PACK_DOC_ITEM\":1,\"POSTING_KEY\":\"86\",\"PROFIT_CTR\":\"yh-1233maoyi\",\"REF_KEY_3\":\"TH2111040000001740\",\"SP_GL_IND\":\"\",\"VENDOR_NO\":\"yh-chenguang\"},{\"ACCOUNT_TYPE\":\"M\",\"CS_TRANS_T\":\"\",\"DOC_CURR_AMT\":551.99,\"DR_CR_IND\":\"H\",\"GL_ACCOUNT\":\"1405020000\",\"ITEM_TEXT\":\"采购退货2021-11-08\",\"LOC_CURR_AMT\":551.99,\"PACK_DOC_ITEM\":2,\"POSTING_KEY\":\"99\",\"PROFIT_CTR\":\"yh-1233maoyi\",\"REF_KEY_3\":\"TH2111040000001740\",\"SP_GL_IND\":\"\",\"VENDOR_NO\":\"yh-chenguang\"}],\"PACK_DOC_NO\":\"2111080000003687\",\"PSTNG_DATE\":\"20211108\",\"REF_DOC_NO\":\"TH2111040000001740\",\"UPDATE_MOD\":\"A\"}','[{\"FIELD\":\"2111080000003687\",\"ID\":\"YH\",\"LOG_MSG_NO\":\"\",\"LOG_NO\":\"\",\"MESSAGE\":\"数据写入成功\",\"MESSAGE_V1\":\"\",\"MESSAGE_V2\":\"\",\"MESSAGE_V3\":\"\",\"MESSAGE_V4\":\"\",\"NUMBER\":\"000\",\"PARAMETER\":\"\",\"ROW\":\"\",\"SYSTEM\":\"\",\"TYPE\":\"S\"}]',1,1,NULL,1,NULL,0,21000,0,NULL,NULL,NULL,'2021-11-11 04:06:02','2021-11-11 04:06:01','172.16.4.240',NULL,NULL,NULL,NULL,0),(2111110000004665,'2111080000003694','{\"BUSS_DOC_NO\":\"SH2111080000000268\",\"BUSS_DOC_TYPE\":\"采购入库单\",\"BUSS_SYS\":\"MY1233\",\"COMP_CODE\":\"8031\",\"CREATED_AT\":\"20211108170104\",\"CURRENCY\":\"CNY\",\"DOC_DATE\":\"20211108\",\"DOC_TYPE\":\"AB\",\"EXCH_RATE\":1.00,\"FISC_YEAR\":\"2021\",\"HEADER_TXT\":\"采购入库2021-11-08\",\"ITEM\":[{\"ACCOUNT_TYPE\":\"S\",\"CS_TRANS_T\":\"\",\"DOC_CURR_AMT\":63427385.96,\"DR_CR_IND\":\"H\",\"GL_ACCOUNT\":\"2202030100\",\"ITEM_TEXT\":\"采购入库2021-11-08\",\"LOC_CURR_AMT\":63427385.96,\"PACK_DOC_ITEM\":2,\"POSTING_KEY\":\"96\",\"PROFIT_CTR\":\"8031\",\"REF_KEY_3\":\"SH2111080000000268\",\"SP_GL_IND\":\"\",\"VENDOR_NO\":\"0000200111\"},{\"ACCOUNT_TYPE\":\"M\",\"CS_TRANS_T\":\"\",\"DOC_CURR_AMT\":64.86,\"DR_CR_IND\":\"S\",\"GL_ACCOUNT\":\"1405010000\",\"ITEM_TEXT\":\"采购入库2021-11-08\",\"LOC_CURR_AMT\":64.86,\"PACK_DOC_ITEM\":1,\"POSTING_KEY\":\"89\",\"PROFIT_CTR\":\"8031\",\"REF_KEY_3\":\"SH2111080000000268\",\"SP_GL_IND\":\"\",\"VENDOR_NO\":\"0000200111\"},{\"ACCOUNT_TYPE\":\"M\",\"CS_TRANS_T\":\"\",\"DOC_CURR_AMT\":63427321.10,\"DR_CR_IND\":\"S\",\"GL_ACCOUNT\":\"1405040000\",\"ITEM_TEXT\":\"采购入库2021-11-08\",\"LOC_CURR_AMT\":63427321.10,\"PACK_DOC_ITEM\":1,\"POSTING_KEY\":\"89\",\"PROFIT_CTR\":\"8031\",\"REF_KEY_3\":\"SH2111080000000268\",\"SP_GL_IND\":\"\",\"VENDOR_NO\":\"0000200111\"}],\"PACK_DOC_NO\":\"2111080000003694\",\"PSTNG_DATE\":\"20211108\",\"REF_DOC_NO\":\"SH2111080000000268\",\"UPDATE_MOD\":\"A\"}','[{\"FIELD\":\"2111080000003694\",\"ID\":\"YH\",\"LOG_MSG_NO\":\"\",\"LOG_NO\":\"\",\"MESSAGE\":\"数据写入成功\",\"MESSAGE_V1\":\"\",\"MESSAGE_V2\":\"\",\"MESSAGE_V3\":\"\",\"MESSAGE_V4\":\"\",\"NUMBER\":\"000\",\"PARAMETER\":\"\",\"ROW\":\"\",\"SYSTEM\":\"\",\"TYPE\":\"S\"}]',1,1,NULL,1,NULL,0,21000,0,NULL,NULL,NULL,'2021-11-11 04:06:02','2021-11-11 04:06:01','172.16.4.240',NULL,NULL,NULL,NULL,0),(2111110000004666,'2111080000003699','{\"BUSS_DOC_NO\":\"SH2111080000000278\",\"BUSS_DOC_TYPE\":\"采购入库单\",\"BUSS_SYS\":\"MY1233\",\"COMP_CODE\":\"8031\",\"CREATED_AT\":\"20211108170104\",\"CURRENCY\":\"CNY\",\"DOC_DATE\":\"20211108\",\"DOC_TYPE\":\"AB\",\"EXCH_RATE\":1.00,\"FISC_YEAR\":\"2021\",\"HEADER_TXT\":\"采购入库2021-11-08\",\"ITEM\":[{\"ACCOUNT_TYPE\":\"S\",\"CS_TRANS_T\":\"\",\"DOC_CURR_AMT\":1.54,\"DR_CR_IND\":\"H\",\"GL_ACCOUNT\":\"2202030100\",\"ITEM_TEXT\":\"采购入库2021-11-08\",\"LOC_CURR_AMT\":1.54,\"PACK_DOC_ITEM\":2,\"POSTING_KEY\":\"96\",\"PROFIT_CTR\":\"8031\",\"REF_KEY_3\":\"CG2111080000000283\",\"SP_GL_IND\":\"\",\"VENDOR_NO\":\"0000200111\"},{\"ACCOUNT_TYPE\":\"M\",\"CS_TRANS_T\":\"\",\"DOC_CURR_AMT\":1.54,\"DR_CR_IND\":\"S\",\"GL_ACCOUNT\":\"1405020000\",\"ITEM_TEXT\":\"采购入库2021-11-08\",\"LOC_CURR_AMT\":1.54,\"PACK_DOC_ITEM\":1,\"POSTING_KEY\":\"89\",\"PROFIT_CTR\":\"8031\",\"REF_KEY_3\":\"CG2111080000000283\",\"SP_GL_IND\":\"\",\"VENDOR_NO\":\"0000200111\"}],\"PACK_DOC_NO\":\"2111080000003699\",\"PSTNG_DATE\":\"20211108\",\"REF_DOC_NO\":\"CG2111080000000283\",\"UPDATE_MOD\":\"A\"}','[{\"FIELD\":\"2111080000003699\",\"ID\":\"YH\",\"LOG_MSG_NO\":\"\",\"LOG_NO\":\"\",\"MESSAGE\":\"数据写入成功\",\"MESSAGE_V1\":\"\",\"MESSAGE_V2\":\"\",\"MESSAGE_V3\":\"\",\"MESSAGE_V4\":\"\",\"NUMBER\":\"000\",\"PARAMETER\":\"\",\"ROW\":\"\",\"SYSTEM\":\"\",\"TYPE\":\"S\"}]',1,1,NULL,1,NULL,0,21000,0,NULL,NULL,NULL,'2021-11-11 04:06:02','2021-11-11 04:06:01','172.16.4.240',NULL,NULL,NULL,NULL,0),(2111110000004667,'2111080000003702','{\"BUSS_DOC_NO\":\"SH2111080000000324\",\"BUSS_DOC_TYPE\":\"采购入库单\",\"BUSS_SYS\":\"MY1233\",\"COMP_CODE\":\"8031\",\"CREATED_AT\":\"20211108170104\",\"CURRENCY\":\"CNY\",\"DOC_DATE\":\"20211108\",\"DOC_TYPE\":\"AB\",\"EXCH_RATE\":1.00,\"FISC_YEAR\":\"2021\",\"HEADER_TXT\":\"采购入库2021-11-08\",\"ITEM\":[{\"ACCOUNT_TYPE\":\"S\",\"CS_TRANS_T\":\"\",\"DOC_CURR_AMT\":88.50,\"DR_CR_IND\":\"H\",\"GL_ACCOUNT\":\"2202030100\",\"ITEM_TEXT\":\"采购入库2021-11-08\",\"LOC_CURR_AMT\":88.50,\"PACK_DOC_ITEM\":2,\"POSTING_KEY\":\"96\",\"PROFIT_CTR\":\"8031\",\"REF_KEY_3\":\"SH2111080000000324\",\"SP_GL_IND\":\"\",\"VENDOR_NO\":\"0000200111\"},{\"ACCOUNT_TYPE\":\"M\",\"CS_TRANS_T\":\"\",\"DOC_CURR_AMT\":88.50,\"DR_CR_IND\":\"S\",\"GL_ACCOUNT\":\"1405010000\",\"ITEM_TEXT\":\"采购入库2021-11-08\",\"LOC_CURR_AMT\":88.50,\"PACK_DOC_ITEM\":1,\"POSTING_KEY\":\"89\",\"PROFIT_CTR\":\"8031\",\"REF_KEY_3\":\"SH2111080000000324\",\"SP_GL_IND\":\"\",\"VENDOR_NO\":\"0000200111\"}],\"PACK_DOC_NO\":\"2111080000003702\",\"PSTNG_DATE\":\"20211108\",\"REF_DOC_NO\":\"SH2111080000000324\",\"UPDATE_MOD\":\"A\"}','[{\"FIELD\":\"2111080000003702\",\"ID\":\"YH\",\"LOG_MSG_NO\":\"\",\"LOG_NO\":\"\",\"MESSAGE\":\"数据写入成功\",\"MESSAGE_V1\":\"\",\"MESSAGE_V2\":\"\",\"MESSAGE_V3\":\"\",\"MESSAGE_V4\":\"\",\"NUMBER\":\"000\",\"PARAMETER\":\"\",\"ROW\":\"\",\"SYSTEM\":\"\",\"TYPE\":\"S\"}]',1,1,NULL,1,NULL,0,21000,0,NULL,NULL,NULL,'2021-11-11 04:06:02','2021-11-11 04:06:01','172.16.4.240',NULL,NULL,NULL,NULL,0),(2111110000004668,'2111080000003705','{\"BUSS_DOC_NO\":\"SH2111080000000328\",\"BUSS_DOC_TYPE\":\"采购入库单\",\"BUSS_SYS\":\"MY1233\",\"COMP_CODE\":\"8031\",\"CREATED_AT\":\"20211108170104\",\"CURRENCY\":\"CNY\",\"DOC_DATE\":\"20211108\",\"DOC_TYPE\":\"AB\",\"EXCH_RATE\":1.00,\"FISC_YEAR\":\"2021\",\"HEADER_TXT\":\"采购入库2021-11-08\",\"ITEM\":[{\"ACCOUNT_TYPE\":\"S\",\"CS_TRANS_T\":\"\",\"DOC_CURR_AMT\":9061134.37,\"DR_CR_IND\":\"H\",\"GL_ACCOUNT\":\"2202030100\",\"ITEM_TEXT\":\"采购入库2021-11-08\",\"LOC_CURR_AMT\":9061134.37,\"PACK_DOC_ITEM\":2,\"POSTING_KEY\":\"96\",\"PROFIT_CTR\":\"8031\",\"REF_KEY_3\":\"SH2111080000000328\",\"SP_GL_IND\":\"\",\"VENDOR_NO\":\"0000200111\"},{\"ACCOUNT_TYPE\":\"M\",\"CS_TRANS_T\":\"\",\"DOC_CURR_AMT\":88.50,\"DR_CR_IND\":\"S\",\"GL_ACCOUNT\":\"1405010000\",\"ITEM_TEXT\":\"采购入库2021-11-08\",\"LOC_CURR_AMT\":88.50,\"PACK_DOC_ITEM\":1,\"POSTING_KEY\":\"89\",\"PROFIT_CTR\":\"8031\",\"REF_KEY_3\":\"SH2111080000000328\",\"SP_GL_IND\":\"\",\"VENDOR_NO\":\"0000200111\"},{\"ACCOUNT_TYPE\":\"M\",\"CS_TRANS_T\":\"\",\"DOC_CURR_AMT\":9061045.87,\"DR_CR_IND\":\"S\",\"GL_ACCOUNT\":\"1405040000\",\"ITEM_TEXT\":\"采购入库2021-11-08\",\"LOC_CURR_AMT\":9061045.87,\"PACK_DOC_ITEM\":1,\"POSTING_KEY\":\"89\",\"PROFIT_CTR\":\"8031\",\"REF_KEY_3\":\"SH2111080000000328\",\"SP_GL_IND\":\"\",\"VENDOR_NO\":\"0000200111\"}],\"PACK_DOC_NO\":\"2111080000003705\",\"PSTNG_DATE\":\"20211108\",\"REF_DOC_NO\":\"SH2111080000000328\",\"UPDATE_MOD\":\"A\"}','[{\"FIELD\":\"2111080000003705\",\"ID\":\"YH\",\"LOG_MSG_NO\":\"\",\"LOG_NO\":\"\",\"MESSAGE\":\"数据写入成功\",\"MESSAGE_V1\":\"\",\"MESSAGE_V2\":\"\",\"MESSAGE_V3\":\"\",\"MESSAGE_V4\":\"\",\"NUMBER\":\"000\",\"PARAMETER\":\"\",\"ROW\":\"\",\"SYSTEM\":\"\",\"TYPE\":\"S\"}]',1,1,NULL,1,NULL,0,21000,0,NULL,NULL,NULL,'2021-11-11 04:06:02','2021-11-11 04:06:01','172.16.4.240',NULL,NULL,NULL,NULL,0),(2111110000004669,'2111080000003710','{\"BUSS_DOC_NO\":\"TH2111080000000335\",\"BUSS_DOC_TYPE\":\"采购退货出库单\",\"BUSS_SYS\":\"MY1233\",\"COMP_CODE\":\"8031\",\"CREATED_AT\":\"20211108170104\",\"CURRENCY\":\"CNY\",\"DOC_DATE\":\"20211108\",\"DOC_TYPE\":\"AB\",\"EXCH_RATE\":1.00,\"FISC_YEAR\":\"2021\",\"HEADER_TXT\":\"采购退货2021-11-08\",\"ITEM\":[{\"ACCOUNT_TYPE\":\"S\",\"CS_TRANS_T\":\"\",\"DOC_CURR_AMT\":0.00,\"DR_CR_IND\":\"S\",\"GL_ACCOUNT\":\"2202030100\",\"ITEM_TEXT\":\"采购退货2021-11-08\",\"LOC_CURR_AMT\":0.00,\"PACK_DOC_ITEM\":1,\"POSTING_KEY\":\"86\",\"PROFIT_CTR\":\"8031\",\"REF_KEY_3\":\"TH2111080000000335\",\"SP_GL_IND\":\"\",\"VENDOR_NO\":\"0000200111\"},{\"ACCOUNT_TYPE\":\"M\",\"CS_TRANS_T\":\"\",\"DOC_CURR_AMT\":0.00,\"DR_CR_IND\":\"H\",\"GL_ACCOUNT\":\"1405010000\",\"ITEM_TEXT\":\"采购退货2021-11-08\",\"LOC_CURR_AMT\":0.00,\"PACK_DOC_ITEM\":2,\"POSTING_KEY\":\"99\",\"PROFIT_CTR\":\"8031\",\"REF_KEY_3\":\"TH2111080000000335\",\"SP_GL_IND\":\"\",\"VENDOR_NO\":\"0000200111\"}],\"PACK_DOC_NO\":\"2111080000003710\",\"PSTNG_DATE\":\"20211108\",\"REF_DOC_NO\":\"TH2111080000000335\",\"UPDATE_MOD\":\"A\"}','[{\"FIELD\":\"2111080000003710\",\"ID\":\"YH\",\"LOG_MSG_NO\":\"\",\"LOG_NO\":\"\",\"MESSAGE\":\"数据写入成功\",\"MESSAGE_V1\":\"\",\"MESSAGE_V2\":\"\",\"MESSAGE_V3\":\"\",\"MESSAGE_V4\":\"\",\"NUMBER\":\"000\",\"PARAMETER\":\"\",\"ROW\":\"\",\"SYSTEM\":\"\",\"TYPE\":\"S\"}]',1,1,NULL,1,NULL,0,21000,0,NULL,NULL,NULL,'2021-11-11 04:06:02','2021-11-11 04:06:01','172.16.4.240',NULL,NULL,NULL,NULL,0),(2111110000004670,'2111080000003713','{\"BUSS_DOC_NO\":\"TH2111080000001121\",\"BUSS_DOC_TYPE\":\"采购退货出库单\",\"BUSS_SYS\":\"MY1233\",\"COMP_CODE\":\"8031\",\"CREATED_AT\":\"20211108170104\",\"CURRENCY\":\"CNY\",\"DOC_DATE\":\"20211108\",\"DOC_TYPE\":\"AB\",\"EXCH_RATE\":1.00,\"FISC_YEAR\":\"2021\",\"HEADER_TXT\":\"采购退货2021-11-08\",\"ITEM\":[{\"ACCOUNT_TYPE\":\"S\",\"CS_TRANS_T\":\"\",\"DOC_CURR_AMT\":0.00,\"DR_CR_IND\":\"S\",\"GL_ACCOUNT\":\"2202030100\",\"ITEM_TEXT\":\"采购退货2021-11-08\",\"LOC_CURR_AMT\":0.00,\"PACK_DOC_ITEM\":1,\"POSTING_KEY\":\"86\",\"PROFIT_CTR\":\"8031\",\"REF_KEY_3\":\"TH2111080000001121\",\"SP_GL_IND\":\"\",\"VENDOR_NO\":\"0000200111\"},{\"ACCOUNT_TYPE\":\"M\",\"CS_TRANS_T\":\"\",\"DOC_CURR_AMT\":0.00,\"DR_CR_IND\":\"H\",\"GL_ACCOUNT\":\"1405010000\",\"ITEM_TEXT\":\"采购退货2021-11-08\",\"LOC_CURR_AMT\":0.00,\"PACK_DOC_ITEM\":2,\"POSTING_KEY\":\"99\",\"PROFIT_CTR\":\"8031\",\"REF_KEY_3\":\"TH2111080000001121\",\"SP_GL_IND\":\"\",\"VENDOR_NO\":\"0000200111\"},{\"ACCOUNT_TYPE\":\"M\",\"CS_TRANS_T\":\"\",\"DOC_CURR_AMT\":0.00,\"DR_CR_IND\":\"H\",\"GL_ACCOUNT\":\"1405040000\",\"ITEM_TEXT\":\"采购退货2021-11-08\",\"LOC_CURR_AMT\":0.00,\"PACK_DOC_ITEM\":2,\"POSTING_KEY\":\"99\",\"PROFIT_CTR\":\"8031\",\"REF_KEY_3\":\"TH2111080000001121\",\"SP_GL_IND\":\"\",\"VENDOR_NO\":\"0000200111\"}],\"PACK_DOC_NO\":\"2111080000003713\",\"PSTNG_DATE\":\"20211108\",\"REF_DOC_NO\":\"TH2111080000001121\",\"UPDATE_MOD\":\"A\"}','[{\"FIELD\":\"2111080000003713\",\"ID\":\"YH\",\"LOG_MSG_NO\":\"\",\"LOG_NO\":\"\",\"MESSAGE\":\"数据写入成功\",\"MESSAGE_V1\":\"\",\"MESSAGE_V2\":\"\",\"MESSAGE_V3\":\"\",\"MESSAGE_V4\":\"\",\"NUMBER\":\"000\",\"PARAMETER\":\"\",\"ROW\":\"\",\"SYSTEM\":\"\",\"TYPE\":\"S\"}]',1,1,NULL,1,NULL,0,21000,0,NULL,NULL,NULL,'2021-11-11 04:06:02','2021-11-11 04:06:01','172.16.4.240',NULL,NULL,NULL,NULL,0),(2111110000004671,'2111080000003718','{\"BUSS_DOC_NO\":\"TH2111080000001151\",\"BUSS_DOC_TYPE\":\"采购退货出库单\",\"BUSS_SYS\":\"MY1233\",\"COMP_CODE\":\"8031\",\"CREATED_AT\":\"20211108170104\",\"CURRENCY\":\"CNY\",\"DOC_DATE\":\"20211108\",\"DOC_TYPE\":\"AB\",\"EXCH_RATE\":1.00,\"FISC_YEAR\":\"2021\",\"HEADER_TXT\":\"采购退货2021-11-08\",\"ITEM\":[{\"ACCOUNT_TYPE\":\"S\",\"CS_TRANS_T\":\"\",\"DOC_CURR_AMT\":0.00,\"DR_CR_IND\":\"S\",\"GL_ACCOUNT\":\"2202030100\",\"ITEM_TEXT\":\"采购退货2021-11-08\",\"LOC_CURR_AMT\":0.00,\"PACK_DOC_ITEM\":1,\"POSTING_KEY\":\"86\",\"PROFIT_CTR\":\"8031\",\"REF_KEY_3\":\"TH2111080000001151\",\"SP_GL_IND\":\"\",\"VENDOR_NO\":\"0000200111\"},{\"ACCOUNT_TYPE\":\"M\",\"CS_TRANS_T\":\"\",\"DOC_CURR_AMT\":0.00,\"DR_CR_IND\":\"H\",\"GL_ACCOUNT\":\"1405010000\",\"ITEM_TEXT\":\"采购退货2021-11-08\",\"LOC_CURR_AMT\":0.00,\"PACK_DOC_ITEM\":2,\"POSTING_KEY\":\"99\",\"PROFIT_CTR\":\"8031\",\"REF_KEY_3\":\"TH2111080000001151\",\"SP_GL_IND\":\"\",\"VENDOR_NO\":\"0000200111\"}],\"PACK_DOC_NO\":\"2111080000003718\",\"PSTNG_DATE\":\"20211108\",\"REF_DOC_NO\":\"TH2111080000001151\",\"UPDATE_MOD\":\"A\"}','[{\"FIELD\":\"2111080000003718\",\"ID\":\"YH\",\"LOG_MSG_NO\":\"\",\"LOG_NO\":\"\",\"MESSAGE\":\"数据写入成功\",\"MESSAGE_V1\":\"\",\"MESSAGE_V2\":\"\",\"MESSAGE_V3\":\"\",\"MESSAGE_V4\":\"\",\"NUMBER\":\"000\",\"PARAMETER\":\"\",\"ROW\":\"\",\"SYSTEM\":\"\",\"TYPE\":\"S\"}]',1,1,NULL,1,NULL,0,21000,0,NULL,NULL,NULL,'2021-11-11 04:06:02','2021-11-11 04:06:01','172.16.4.240',NULL,NULL,NULL,NULL,0),(2111110000004672,'2111080000003721','{\"BUSS_DOC_NO\":\"TH2111080000001151\",\"BUSS_DOC_TYPE\":\"采购退货出库单\",\"BUSS_SYS\":\"MY1233\",\"COMP_CODE\":\"8031\",\"CREATED_AT\":\"20211108170104\",\"CURRENCY\":\"CNY\",\"DOC_DATE\":\"20211108\",\"DOC_TYPE\":\"AB\",\"EXCH_RATE\":1.00,\"FISC_YEAR\":\"2021\",\"HEADER_TXT\":\"采购退货2021-11-08\",\"ITEM\":[{\"ACCOUNT_TYPE\":\"S\",\"CS_TRANS_T\":\"\",\"DOC_CURR_AMT\":0.00,\"DR_CR_IND\":\"S\",\"GL_ACCOUNT\":\"2202030100\",\"ITEM_TEXT\":\"采购退货2021-11-08\",\"LOC_CURR_AMT\":0.00,\"PACK_DOC_ITEM\":1,\"POSTING_KEY\":\"86\",\"PROFIT_CTR\":\"8031\",\"REF_KEY_3\":\"TH2111080000001151\",\"SP_GL_IND\":\"\",\"VENDOR_NO\":\"0000200111\"},{\"ACCOUNT_TYPE\":\"M\",\"CS_TRANS_T\":\"\",\"DOC_CURR_AMT\":0.00,\"DR_CR_IND\":\"H\",\"GL_ACCOUNT\":\"1405040000\",\"ITEM_TEXT\":\"采购退货2021-11-08\",\"LOC_CURR_AMT\":0.00,\"PACK_DOC_ITEM\":2,\"POSTING_KEY\":\"99\",\"PROFIT_CTR\":\"8031\",\"REF_KEY_3\":\"TH2111080000001151\",\"SP_GL_IND\":\"\",\"VENDOR_NO\":\"0000200111\"}],\"PACK_DOC_NO\":\"2111080000003721\",\"PSTNG_DATE\":\"20211108\",\"REF_DOC_NO\":\"TH2111080000001151\",\"UPDATE_MOD\":\"A\"}','[{\"FIELD\":\"2111080000003721\",\"ID\":\"YH\",\"LOG_MSG_NO\":\"\",\"LOG_NO\":\"\",\"MESSAGE\":\"数据写入成功\",\"MESSAGE_V1\":\"\",\"MESSAGE_V2\":\"\",\"MESSAGE_V3\":\"\",\"MESSAGE_V4\":\"\",\"NUMBER\":\"000\",\"PARAMETER\":\"\",\"ROW\":\"\",\"SYSTEM\":\"\",\"TYPE\":\"S\"}]',1,1,NULL,1,NULL,0,21000,0,NULL,NULL,NULL,'2021-11-11 04:06:02','2021-11-11 04:06:01','172.16.4.240',NULL,NULL,NULL,NULL,0),(2111110000004673,'2111080000003724','{\"BUSS_DOC_NO\":\"SH2111080000001488\",\"BUSS_DOC_TYPE\":\"采购入库单\",\"BUSS_SYS\":\"MY1233\",\"COMP_CODE\":\"8031\",\"CREATED_AT\":\"20211108170104\",\"CURRENCY\":\"CNY\",\"DOC_DATE\":\"20211108\",\"DOC_TYPE\":\"AB\",\"EXCH_RATE\":1.00,\"FISC_YEAR\":\"2021\",\"HEADER_TXT\":\"采购入库2021-11-08\",\"ITEM\":[{\"ACCOUNT_TYPE\":\"S\",\"CS_TRANS_T\":\"\",\"DOC_CURR_AMT\":61.95,\"DR_CR_IND\":\"H\",\"GL_ACCOUNT\":\"2202030100\",\"ITEM_TEXT\":\"采购入库2021-11-08\",\"LOC_CURR_AMT\":61.95,\"PACK_DOC_ITEM\":2,\"POSTING_KEY\":\"96\",\"PROFIT_CTR\":\"8031\",\"REF_KEY_3\":\"SH2111080000001488\",\"SP_GL_IND\":\"\",\"VENDOR_NO\":\"0000200111\"},{\"ACCOUNT_TYPE\":\"M\",\"CS_TRANS_T\":\"\",\"DOC_CURR_AMT\":61.95,\"DR_CR_IND\":\"S\",\"GL_ACCOUNT\":\"1405010000\",\"ITEM_TEXT\":\"采购入库2021-11-08\",\"LOC_CURR_AMT\":61.95,\"PACK_DOC_ITEM\":1,\"POSTING_KEY\":\"89\",\"PROFIT_CTR\":\"8031\",\"REF_KEY_3\":\"SH2111080000001488\",\"SP_GL_IND\":\"\",\"VENDOR_NO\":\"0000200111\"}],\"PACK_DOC_NO\":\"2111080000003724\",\"PSTNG_DATE\":\"20211108\",\"REF_DOC_NO\":\"SH2111080000001488\",\"UPDATE_MOD\":\"A\"}','[{\"FIELD\":\"2111080000003724\",\"ID\":\"YH\",\"LOG_MSG_NO\":\"\",\"LOG_NO\":\"\",\"MESSAGE\":\"数据写入成功\",\"MESSAGE_V1\":\"\",\"MESSAGE_V2\":\"\",\"MESSAGE_V3\":\"\",\"MESSAGE_V4\":\"\",\"NUMBER\":\"000\",\"PARAMETER\":\"\",\"ROW\":\"\",\"SYSTEM\":\"\",\"TYPE\":\"S\"}]',1,1,NULL,1,NULL,0,21000,0,NULL,NULL,NULL,'2021-11-11 04:06:02','2021-11-11 04:06:01','172.16.4.240',NULL,NULL,NULL,NULL,0),(2111110000004674,'2111080000003727','{\"BUSS_DOC_NO\":\"SH2111080000000901\",\"BUSS_DOC_TYPE\":\"采购入库单\",\"BUSS_SYS\":\"MY1233\",\"COMP_CODE\":\"8031\",\"CREATED_AT\":\"20211108170104\",\"CURRENCY\":\"CNY\",\"DOC_DATE\":\"20211108\",\"DOC_TYPE\":\"AB\",\"EXCH_RATE\":1.00,\"FISC_YEAR\":\"2021\",\"HEADER_TXT\":\"采购入库2021-11-08\",\"ITEM\":[{\"ACCOUNT_TYPE\":\"S\",\"CS_TRANS_T\":\"\",\"DOC_CURR_AMT\":88.50,\"DR_CR_IND\":\"H\",\"GL_ACCOUNT\":\"2202030100\",\"ITEM_TEXT\":\"采购入库2021-11-08\",\"LOC_CURR_AMT\":88.50,\"PACK_DOC_ITEM\":2,\"POSTING_KEY\":\"96\",\"PROFIT_CTR\":\"8031\",\"REF_KEY_3\":\"SH2111080000000901\",\"SP_GL_IND\":\"\",\"VENDOR_NO\":\"0000200111\"},{\"ACCOUNT_TYPE\":\"M\",\"CS_TRANS_T\":\"\",\"DOC_CURR_AMT\":88.50,\"DR_CR_IND\":\"S\",\"GL_ACCOUNT\":\"1405010000\",\"ITEM_TEXT\":\"采购入库2021-11-08\",\"LOC_CURR_AMT\":88.50,\"PACK_DOC_ITEM\":1,\"POSTING_KEY\":\"89\",\"PROFIT_CTR\":\"8031\",\"REF_KEY_3\":\"SH2111080000000901\",\"SP_GL_IND\":\"\",\"VENDOR_NO\":\"0000200111\"}],\"PACK_DOC_NO\":\"2111080000003727\",\"PSTNG_DATE\":\"20211108\",\"REF_DOC_NO\":\"SH2111080000000901\",\"UPDATE_MOD\":\"A\"}','[{\"FIELD\":\"2111080000003727\",\"ID\":\"YH\",\"LOG_MSG_NO\":\"\",\"LOG_NO\":\"\",\"MESSAGE\":\"数据写入成功\",\"MESSAGE_V1\":\"\",\"MESSAGE_V2\":\"\",\"MESSAGE_V3\":\"\",\"MESSAGE_V4\":\"\",\"NUMBER\":\"000\",\"PARAMETER\":\"\",\"ROW\":\"\",\"SYSTEM\":\"\",\"TYPE\":\"S\"}]',1,1,NULL,1,NULL,0,21000,0,NULL,NULL,NULL,'2021-11-11 04:06:02','2021-11-11 04:06:01','172.16.4.240',NULL,NULL,NULL,NULL,0),(2111110000004675,'2111080000005475','{\"BUSS_DOC_NO\":\"SH2111080000004747\",\"BUSS_DOC_TYPE\":\"采购入库单\",\"BUSS_SYS\":\"MY1233\",\"COMP_CODE\":\"8031\",\"CREATED_AT\":\"20211108224348\",\"CURRENCY\":\"CNY\",\"DOC_DATE\":\"20211108\",\"DOC_TYPE\":\"AB\",\"EXCH_RATE\":1.00,\"FISC_YEAR\":\"2021\",\"HEADER_TXT\":\"采购入库2021-11-08\",\"ITEM\":[{\"ACCOUNT_TYPE\":\"S\",\"CS_TRANS_T\":\"\",\"DOC_CURR_AMT\":88.50,\"DR_CR_IND\":\"H\",\"GL_ACCOUNT\":\"2202030100\",\"ITEM_TEXT\":\"采购入库2021-11-08\",\"LOC_CURR_AMT\":88.50,\"PACK_DOC_ITEM\":2,\"POSTING_KEY\":\"96\",\"PROFIT_CTR\":\"8031\",\"REF_KEY_3\":\"SH2111080000004747\",\"SP_GL_IND\":\"\",\"VENDOR_NO\":\"0000200111\"},{\"ACCOUNT_TYPE\":\"M\",\"CS_TRANS_T\":\"\",\"DOC_CURR_AMT\":88.50,\"DR_CR_IND\":\"S\",\"GL_ACCOUNT\":\"1405010000\",\"ITEM_TEXT\":\"采购入库2021-11-08\",\"LOC_CURR_AMT\":88.50,\"PACK_DOC_ITEM\":1,\"POSTING_KEY\":\"89\",\"PROFIT_CTR\":\"8031\",\"REF_KEY_3\":\"SH2111080000004747\",\"SP_GL_IND\":\"\",\"VENDOR_NO\":\"0000200111\"}],\"PACK_DOC_NO\":\"2111080000005475\",\"PSTNG_DATE\":\"20211108\",\"REF_DOC_NO\":\"SH2111080000004747\",\"UPDATE_MOD\":\"A\"}','[{\"FIELD\":\"2111080000005475\",\"ID\":\"YH\",\"LOG_MSG_NO\":\"\",\"LOG_NO\":\"\",\"MESSAGE\":\"数据写入成功\",\"MESSAGE_V1\":\"\",\"MESSAGE_V2\":\"\",\"MESSAGE_V3\":\"\",\"MESSAGE_V4\":\"\",\"NUMBER\":\"000\",\"PARAMETER\":\"\",\"ROW\":\"\",\"SYSTEM\":\"\",\"TYPE\":\"S\"}]',1,1,NULL,1,NULL,0,21000,0,NULL,NULL,NULL,'2021-11-11 04:06:02','2021-11-11 04:06:01','172.16.4.240',NULL,NULL,NULL,NULL,0),(2111110000004676,'2111080000005478','{\"BUSS_DOC_NO\":\"TH2111080000002378\",\"BUSS_DOC_TYPE\":\"采购退货出库单\",\"BUSS_SYS\":\"MY1233\",\"COMP_CODE\":\"yh-1233maoyi\",\"CREATED_AT\":\"20211108224348\",\"CURRENCY\":\"CNY\",\"DOC_DATE\":\"20211108\",\"DOC_TYPE\":\"AB\",\"EXCH_RATE\":1.00,\"FISC_YEAR\":\"2021\",\"HEADER_TXT\":\"采购退货2021-11-08\",\"ITEM\":[{\"ACCOUNT_TYPE\":\"S\",\"CS_TRANS_T\":\"\",\"DOC_CURR_AMT\":551.99,\"DR_CR_IND\":\"S\",\"GL_ACCOUNT\":\"2202030100\",\"ITEM_TEXT\":\"采购退货2021-11-08\",\"LOC_CURR_AMT\":551.99,\"PACK_DOC_ITEM\":1,\"POSTING_KEY\":\"86\",\"PROFIT_CTR\":\"yh-1233maoyi\",\"REF_KEY_3\":\"TH2111080000002378\",\"SP_GL_IND\":\"\",\"VENDOR_NO\":\"yh-chenguang\"},{\"ACCOUNT_TYPE\":\"M\",\"CS_TRANS_T\":\"\",\"DOC_CURR_AMT\":551.99,\"DR_CR_IND\":\"H\",\"GL_ACCOUNT\":\"1405020000\",\"ITEM_TEXT\":\"采购退货2021-11-08\",\"LOC_CURR_AMT\":551.99,\"PACK_DOC_ITEM\":2,\"POSTING_KEY\":\"99\",\"PROFIT_CTR\":\"yh-1233maoyi\",\"REF_KEY_3\":\"TH2111080000002378\",\"SP_GL_IND\":\"\",\"VENDOR_NO\":\"yh-chenguang\"}],\"PACK_DOC_NO\":\"2111080000005478\",\"PSTNG_DATE\":\"20211108\",\"REF_DOC_NO\":\"TH2111080000002378\",\"UPDATE_MOD\":\"A\"}','[{\"FIELD\":\"2111080000005478\",\"ID\":\"YH\",\"LOG_MSG_NO\":\"\",\"LOG_NO\":\"\",\"MESSAGE\":\"数据写入成功\",\"MESSAGE_V1\":\"\",\"MESSAGE_V2\":\"\",\"MESSAGE_V3\":\"\",\"MESSAGE_V4\":\"\",\"NUMBER\":\"000\",\"PARAMETER\":\"\",\"ROW\":\"\",\"SYSTEM\":\"\",\"TYPE\":\"S\"}]',1,1,NULL,1,NULL,0,21000,0,NULL,NULL,NULL,'2021-11-11 04:06:02','2021-11-11 04:06:01','172.16.4.240',NULL,NULL,NULL,NULL,0),(2111110000004677,'2111090000003075','{\"BUSS_DOC_NO\":\"SH2111090000000038\",\"BUSS_DOC_TYPE\":\"采购入库单\",\"BUSS_SYS\":\"MY1233\",\"COMP_CODE\":\"8031\",\"CREATED_AT\":\"20211109181301\",\"CURRENCY\":\"CNY\",\"DOC_DATE\":\"20211109\",\"DOC_TYPE\":\"AB\",\"EXCH_RATE\":1.00,\"FISC_YEAR\":\"2021\",\"HEADER_TXT\":\"采购入库2021-11-09\",\"ITEM\":[{\"ACCOUNT_TYPE\":\"S\",\"CS_TRANS_T\":\"\",\"DOC_CURR_AMT\":0.90,\"DR_CR_IND\":\"H\",\"GL_ACCOUNT\":\"2202030100\",\"ITEM_TEXT\":\"采购入库2021-11-09\",\"LOC_CURR_AMT\":0.90,\"PACK_DOC_ITEM\":2,\"POSTING_KEY\":\"96\",\"PROFIT_CTR\":\"8031\",\"REF_KEY_3\":\"SH2111090000000038\",\"SP_GL_IND\":\"\",\"VENDOR_NO\":\"0000200111\"},{\"ACCOUNT_TYPE\":\"M\",\"CS_TRANS_T\":\"\",\"DOC_CURR_AMT\":0.90,\"DR_CR_IND\":\"S\",\"GL_ACCOUNT\":\"1405020000\",\"ITEM_TEXT\":\"采购入库2021-11-09\",\"LOC_CURR_AMT\":0.90,\"PACK_DOC_ITEM\":1,\"POSTING_KEY\":\"89\",\"PROFIT_CTR\":\"8031\",\"REF_KEY_3\":\"SH2111090000000038\",\"SP_GL_IND\":\"\",\"VENDOR_NO\":\"0000200111\"}],\"PACK_DOC_NO\":\"2111090000003075\",\"PSTNG_DATE\":\"20211109\",\"REF_DOC_NO\":\"SH2111090000000038\",\"UPDATE_MOD\":\"A\"}','[{\"FIELD\":\"2111090000003075\",\"ID\":\"YH\",\"LOG_MSG_NO\":\"\",\"LOG_NO\":\"\",\"MESSAGE\":\"数据写入成功\",\"MESSAGE_V1\":\"\",\"MESSAGE_V2\":\"\",\"MESSAGE_V3\":\"\",\"MESSAGE_V4\":\"\",\"NUMBER\":\"000\",\"PARAMETER\":\"\",\"ROW\":\"\",\"SYSTEM\":\"\",\"TYPE\":\"S\"}]',1,1,NULL,1,NULL,0,21000,0,NULL,NULL,NULL,'2021-11-11 04:06:02','2021-11-11 04:06:01','172.16.4.240',NULL,NULL,NULL,NULL,0),(2111110000004678,'2111090000003078','{\"BUSS_DOC_NO\":\"SH2111090000000081\",\"BUSS_DOC_TYPE\":\"采购入库单\",\"BUSS_SYS\":\"MY1233\",\"COMP_CODE\":\"8031\",\"CREATED_AT\":\"20211109181301\",\"CURRENCY\":\"CNY\",\"DOC_DATE\":\"20211109\",\"DOC_TYPE\":\"AB\",\"EXCH_RATE\":1.00,\"FISC_YEAR\":\"2021\",\"HEADER_TXT\":\"采购入库2021-11-09\",\"ITEM\":[{\"ACCOUNT_TYPE\":\"S\",\"CS_TRANS_T\":\"\",\"DOC_CURR_AMT\":0.90,\"DR_CR_IND\":\"H\",\"GL_ACCOUNT\":\"2202030100\",\"ITEM_TEXT\":\"采购入库2021-11-09\",\"LOC_CURR_AMT\":0.90,\"PACK_DOC_ITEM\":2,\"POSTING_KEY\":\"96\",\"PROFIT_CTR\":\"8031\",\"REF_KEY_3\":\"SH2111090000000081\",\"SP_GL_IND\":\"\",\"VENDOR_NO\":\"0000200111\"},{\"ACCOUNT_TYPE\":\"M\",\"CS_TRANS_T\":\"\",\"DOC_CURR_AMT\":0.90,\"DR_CR_IND\":\"S\",\"GL_ACCOUNT\":\"1405020000\",\"ITEM_TEXT\":\"采购入库2021-11-09\",\"LOC_CURR_AMT\":0.90,\"PACK_DOC_ITEM\":1,\"POSTING_KEY\":\"89\",\"PROFIT_CTR\":\"8031\",\"REF_KEY_3\":\"SH2111090000000081\",\"SP_GL_IND\":\"\",\"VENDOR_NO\":\"0000200111\"}],\"PACK_DOC_NO\":\"2111090000003078\",\"PSTNG_DATE\":\"20211109\",\"REF_DOC_NO\":\"SH2111090000000081\",\"UPDATE_MOD\":\"A\"}','[{\"FIELD\":\"2111090000003078\",\"ID\":\"YH\",\"LOG_MSG_NO\":\"\",\"LOG_NO\":\"\",\"MESSAGE\":\"数据写入成功\",\"MESSAGE_V1\":\"\",\"MESSAGE_V2\":\"\",\"MESSAGE_V3\":\"\",\"MESSAGE_V4\":\"\",\"NUMBER\":\"000\",\"PARAMETER\":\"\",\"ROW\":\"\",\"SYSTEM\":\"\",\"TYPE\":\"S\"}]',1,1,NULL,1,NULL,0,21000,0,NULL,NULL,NULL,'2021-11-11 04:06:02','2021-11-11 04:06:01','172.16.4.240',NULL,NULL,NULL,NULL,0),(2111110000004679,'2111090000003081','{\"BUSS_DOC_NO\":\"SH2111090000000217\",\"BUSS_DOC_TYPE\":\"采购入库单\",\"BUSS_SYS\":\"MY1233\",\"COMP_CODE\":\"8031\",\"CREATED_AT\":\"20211109181301\",\"CURRENCY\":\"CNY\",\"DOC_DATE\":\"20211109\",\"DOC_TYPE\":\"AB\",\"EXCH_RATE\":1.00,\"FISC_YEAR\":\"2021\",\"HEADER_TXT\":\"采购入库2021-11-09\",\"ITEM\":[{\"ACCOUNT_TYPE\":\"S\",\"CS_TRANS_T\":\"\",\"DOC_CURR_AMT\":0.90,\"DR_CR_IND\":\"H\",\"GL_ACCOUNT\":\"2202030100\",\"ITEM_TEXT\":\"采购入库2021-11-09\",\"LOC_CURR_AMT\":0.90,\"PACK_DOC_ITEM\":2,\"POSTING_KEY\":\"96\",\"PROFIT_CTR\":\"8031\",\"REF_KEY_3\":\"SH2111090000000217\",\"SP_GL_IND\":\"\",\"VENDOR_NO\":\"0000200111\"},{\"ACCOUNT_TYPE\":\"M\",\"CS_TRANS_T\":\"\",\"DOC_CURR_AMT\":0.90,\"DR_CR_IND\":\"S\",\"GL_ACCOUNT\":\"1405020000\",\"ITEM_TEXT\":\"采购入库2021-11-09\",\"LOC_CURR_AMT\":0.90,\"PACK_DOC_ITEM\":1,\"POSTING_KEY\":\"89\",\"PROFIT_CTR\":\"8031\",\"REF_KEY_3\":\"SH2111090000000217\",\"SP_GL_IND\":\"\",\"VENDOR_NO\":\"0000200111\"}],\"PACK_DOC_NO\":\"2111090000003081\",\"PSTNG_DATE\":\"20211109\",\"REF_DOC_NO\":\"SH2111090000000217\",\"UPDATE_MOD\":\"A\"}','[{\"FIELD\":\"2111090000003081\",\"ID\":\"YH\",\"LOG_MSG_NO\":\"\",\"LOG_NO\":\"\",\"MESSAGE\":\"数据写入成功\",\"MESSAGE_V1\":\"\",\"MESSAGE_V2\":\"\",\"MESSAGE_V3\":\"\",\"MESSAGE_V4\":\"\",\"NUMBER\":\"000\",\"PARAMETER\":\"\",\"ROW\":\"\",\"SYSTEM\":\"\",\"TYPE\":\"S\"}]',1,1,NULL,1,NULL,0,21000,0,NULL,NULL,NULL,'2021-11-11 04:06:02','2021-11-11 04:06:01','172.16.4.240',NULL,NULL,NULL,NULL,0),(2111110000004680,'2111090000003084','{\"BUSS_DOC_NO\":\"PD2111090000000002\",\"BUSS_DOC_TYPE\":\"盘盈单\",\"BUSS_SYS\":\"MY1233\",\"COMP_CODE\":\"8031\",\"CREATED_AT\":\"20211109181301\",\"CURRENCY\":\"CNY\",\"DOC_DATE\":\"20211109\",\"DOC_TYPE\":\"AB\",\"EXCH_RATE\":1.00,\"FISC_YEAR\":\"2021\",\"HEADER_TXT\":\"盘盈处理2021-11-09\",\"ITEM\":[{\"ACCOUNT_TYPE\":\"S\",\"CS_TRANS_T\":\"\",\"DOC_CURR_AMT\":83.85,\"DR_CR_IND\":\"H\",\"GL_ACCOUNT\":\"1901010100\",\"ITEM_TEXT\":\"盘盈处理2021-11-09\",\"LOC_CURR_AMT\":83.85,\"PACK_DOC_ITEM\":2,\"POSTING_KEY\":\"50\",\"PROFIT_CTR\":\"8031\",\"REF_KEY_3\":\"PD2111090000000002\",\"SP_GL_IND\":\"\",\"VENDOR_NO\":\"0000200111\"},{\"ACCOUNT_TYPE\":\"M\",\"CS_TRANS_T\":\"\",\"DOC_CURR_AMT\":83.85,\"DR_CR_IND\":\"S\",\"GL_ACCOUNT\":\"1405020000\",\"ITEM_TEXT\":\"盘盈处理2021-11-09\",\"LOC_CURR_AMT\":83.85,\"PACK_DOC_ITEM\":1,\"POSTING_KEY\":\"89\",\"PROFIT_CTR\":\"8031\",\"REF_KEY_3\":\"PD2111090000000002\",\"SP_GL_IND\":\"\",\"VENDOR_NO\":\"0000200111\"}],\"PACK_DOC_NO\":\"2111090000003084\",\"PSTNG_DATE\":\"20211109\",\"REF_DOC_NO\":\"PD2111090000000002\",\"UPDATE_MOD\":\"A\"}','[{\"FIELD\":\"2111090000003084\",\"ID\":\"YH\",\"LOG_MSG_NO\":\"\",\"LOG_NO\":\"\",\"MESSAGE\":\"数据写入成功\",\"MESSAGE_V1\":\"\",\"MESSAGE_V2\":\"\",\"MESSAGE_V3\":\"\",\"MESSAGE_V4\":\"\",\"NUMBER\":\"000\",\"PARAMETER\":\"\",\"ROW\":\"\",\"SYSTEM\":\"\",\"TYPE\":\"S\"}]',1,1,NULL,1,NULL,0,21000,0,NULL,NULL,NULL,'2021-11-11 04:06:02','2021-11-11 04:06:01','172.16.4.240',NULL,NULL,NULL,NULL,0),(2111110000004681,'2111090000003087','{\"BUSS_DOC_NO\":\"PD2111090000000001\",\"BUSS_DOC_TYPE\":\"盘盈单\",\"BUSS_SYS\":\"MY1233\",\"COMP_CODE\":\"8031\",\"CREATED_AT\":\"20211109181301\",\"CURRENCY\":\"CNY\",\"DOC_DATE\":\"20211109\",\"DOC_TYPE\":\"AB\",\"EXCH_RATE\":1.00,\"FISC_YEAR\":\"2021\",\"HEADER_TXT\":\"盘盈处理2021-11-09\",\"ITEM\":[{\"ACCOUNT_TYPE\":\"S\",\"CS_TRANS_T\":\"\",\"DOC_CURR_AMT\":87073119.55,\"DR_CR_IND\":\"H\",\"GL_ACCOUNT\":\"1901010100\",\"ITEM_TEXT\":\"盘盈处理2021-11-09\",\"LOC_CURR_AMT\":87073119.55,\"PACK_DOC_ITEM\":2,\"POSTING_KEY\":\"50\",\"PROFIT_CTR\":\"8031\",\"REF_KEY_3\":\"PD2111090000000001\",\"SP_GL_IND\":\"\",\"VENDOR_NO\":\"0000200111\"},{\"ACCOUNT_TYPE\":\"M\",\"CS_TRANS_T\":\"\",\"DOC_CURR_AMT\":4.58,\"DR_CR_IND\":\"S\",\"GL_ACCOUNT\":\"1405020000\",\"ITEM_TEXT\":\"盘盈处理2021-11-09\",\"LOC_CURR_AMT\":4.58,\"PACK_DOC_ITEM\":1,\"POSTING_KEY\":\"89\",\"PROFIT_CTR\":\"8031\",\"REF_KEY_3\":\"PD2111090000000001\",\"SP_GL_IND\":\"\",\"VENDOR_NO\":\"0000200111\"},{\"ACCOUNT_TYPE\":\"M\",\"CS_TRANS_T\":\"\",\"DOC_CURR_AMT\":87073114.97,\"DR_CR_IND\":\"S\",\"GL_ACCOUNT\":\"1405040000\",\"ITEM_TEXT\":\"盘盈处理2021-11-09\",\"LOC_CURR_AMT\":87073114.97,\"PACK_DOC_ITEM\":1,\"POSTING_KEY\":\"89\",\"PROFIT_CTR\":\"8031\",\"REF_KEY_3\":\"PD2111090000000001\",\"SP_GL_IND\":\"\",\"VENDOR_NO\":\"0000200111\"}],\"PACK_DOC_NO\":\"2111090000003087\",\"PSTNG_DATE\":\"20211109\",\"REF_DOC_NO\":\"PD2111090000000001\",\"UPDATE_MOD\":\"A\"}','{\"FIELD\":\"2111090000003087\",\"ID\":\"YH\",\"LOG_MSG_NO\":\"\",\"LOG_NO\":\"\",\"MESSAGE\":\"凭证过帐成功: BKPFF 010000002780312021 ECPCLNT800\",\"MESSAGE_V1\":\"\",\"MESSAGE_V2\":\"010000002780312021\",\"MESSAGE_V3\":\"\",\"MESSAGE_V4\":\"\",\"NUMBER\":\"001\",\"PARAMETER\":\"\",\"ROW\":\"\",\"SYSTEM\":\"\",\"TYPE\":\"S\"}',1,1,1,1,NULL,0,21000,0,NULL,NULL,NULL,'2021-11-11 04:06:02','2021-11-11 04:06:01','172.16.4.240',NULL,NULL,NULL,'2021-11-12 09:53:27',0),(2111110000004682,'2111090000003092','{\"BUSS_DOC_NO\":\"PD2111090000000002\",\"BUSS_DOC_TYPE\":\"盘亏单\",\"BUSS_SYS\":\"MY1233\",\"COMP_CODE\":\"8031\",\"CREATED_AT\":\"20211109181301\",\"CURRENCY\":\"CNY\",\"DOC_DATE\":\"20211109\",\"DOC_TYPE\":\"AB\",\"EXCH_RATE\":1.00,\"FISC_YEAR\":\"2021\",\"HEADER_TXT\":\"盘盈处理2021-11-09\",\"ITEM\":[{\"ACCOUNT_TYPE\":\"M\",\"CS_TRANS_T\":\"\",\"DOC_CURR_AMT\":18073717.98,\"DR_CR_IND\":\"H\",\"GL_ACCOUNT\":\"1405010000\",\"ITEM_TEXT\":\"盘盈处理2021-11-09\",\"LOC_CURR_AMT\":18073717.98,\"PACK_DOC_ITEM\":2,\"POSTING_KEY\":\"99\",\"PROFIT_CTR\":\"8031\",\"REF_KEY_3\":\"PD2111090000000002\",\"SP_GL_IND\":\"\",\"VENDOR_NO\":\"0000200111\"},{\"ACCOUNT_TYPE\":\"S\",\"CS_TRANS_T\":\"\",\"DOC_CURR_AMT\":18073717.98,\"DR_CR_IND\":\"S\",\"GL_ACCOUNT\":\"1901010100\",\"ITEM_TEXT\":\"盘盈处理2021-11-09\",\"LOC_CURR_AMT\":18073717.98,\"PACK_DOC_ITEM\":1,\"POSTING_KEY\":\"81\",\"PROFIT_CTR\":\"8031\",\"REF_KEY_3\":\"PD2111090000000002\",\"SP_GL_IND\":\"\",\"VENDOR_NO\":\"0000200111\"}],\"PACK_DOC_NO\":\"2111090000003092\",\"PSTNG_DATE\":\"20211109\",\"REF_DOC_NO\":\"PD2111090000000002\",\"UPDATE_MOD\":\"A\"}','[{\"FIELD\":\"2111090000003092\",\"ID\":\"YH\",\"LOG_MSG_NO\":\"\",\"LOG_NO\":\"\",\"MESSAGE\":\"数据写入成功\",\"MESSAGE_V1\":\"\",\"MESSAGE_V2\":\"\",\"MESSAGE_V3\":\"\",\"MESSAGE_V4\":\"\",\"NUMBER\":\"000\",\"PARAMETER\":\"\",\"ROW\":\"\",\"SYSTEM\":\"\",\"TYPE\":\"S\"}]',1,1,NULL,1,NULL,0,21000,0,NULL,NULL,NULL,'2021-11-11 04:06:02','2021-11-11 04:06:01','172.16.4.240',NULL,NULL,NULL,NULL,0),(2111110000004683,'2111090000003095','{\"BUSS_DOC_NO\":\"PD2111090000000001\",\"BUSS_DOC_TYPE\":\"盘亏单\",\"BUSS_SYS\":\"MY1233\",\"COMP_CODE\":\"8031\",\"CREATED_AT\":\"20211109181301\",\"CURRENCY\":\"CNY\",\"DOC_DATE\":\"20211109\",\"DOC_TYPE\":\"AB\",\"EXCH_RATE\":1.00,\"FISC_YEAR\":\"2021\",\"HEADER_TXT\":\"盘盈处理2021-11-09\",\"ITEM\":[{\"ACCOUNT_TYPE\":\"M\",\"CS_TRANS_T\":\"\",\"DOC_CURR_AMT\":3.38,\"DR_CR_IND\":\"H\",\"GL_ACCOUNT\":\"1405010000\",\"ITEM_TEXT\":\"盘盈处理2021-11-09\",\"LOC_CURR_AMT\":3.38,\"PACK_DOC_ITEM\":2,\"POSTING_KEY\":\"99\",\"PROFIT_CTR\":\"8031\",\"REF_KEY_3\":\"PD2111090000000001\",\"SP_GL_IND\":\"\",\"VENDOR_NO\":\"0000200111\"},{\"ACCOUNT_TYPE\":\"S\",\"CS_TRANS_T\":\"\",\"DOC_CURR_AMT\":3.38,\"DR_CR_IND\":\"S\",\"GL_ACCOUNT\":\"1901010100\",\"ITEM_TEXT\":\"盘盈处理2021-11-09\",\"LOC_CURR_AMT\":3.38,\"PACK_DOC_ITEM\":1,\"POSTING_KEY\":\"81\",\"PROFIT_CTR\":\"8031\",\"REF_KEY_3\":\"PD2111090000000001\",\"SP_GL_IND\":\"\",\"VENDOR_NO\":\"0000200111\"}],\"PACK_DOC_NO\":\"2111090000003095\",\"PSTNG_DATE\":\"20211109\",\"REF_DOC_NO\":\"PD2111090000000001\",\"UPDATE_MOD\":\"A\"}','{\"FIELD\":\"2111090000003095\",\"ID\":\"YH\",\"LOG_MSG_NO\":\"\",\"LOG_NO\":\"\",\"MESSAGE\":\"凭证过帐成功: BKPFF 010000002680312021 ECPCLNT800\",\"MESSAGE_V1\":\"\",\"MESSAGE_V2\":\"010000002680312021\",\"MESSAGE_V3\":\"\",\"MESSAGE_V4\":\"\",\"NUMBER\":\"001\",\"PARAMETER\":\"\",\"ROW\":\"\",\"SYSTEM\":\"\",\"TYPE\":\"S\"}',1,1,1,1,NULL,0,21000,0,NULL,NULL,NULL,'2021-11-11 04:06:02','2021-11-11 04:06:02','172.16.4.240',NULL,NULL,NULL,'2021-11-12 09:51:02',0),(2111110000004684,'2111090000003098','{\"BUSS_DOC_NO\":\"SH2111090000000521\",\"BUSS_DOC_TYPE\":\"采购入库单\",\"BUSS_SYS\":\"MY1233\",\"COMP_CODE\":\"8031\",\"CREATED_AT\":\"20211109181301\",\"CURRENCY\":\"CNY\",\"DOC_DATE\":\"20211109\",\"DOC_TYPE\":\"AB\",\"EXCH_RATE\":1.00,\"FISC_YEAR\":\"2021\",\"HEADER_TXT\":\"采购入库2021-11-09\",\"ITEM\":[{\"ACCOUNT_TYPE\":\"S\",\"CS_TRANS_T\":\"\",\"DOC_CURR_AMT\":0.90,\"DR_CR_IND\":\"H\",\"GL_ACCOUNT\":\"2202030100\",\"ITEM_TEXT\":\"采购入库2021-11-09\",\"LOC_CURR_AMT\":0.90,\"PACK_DOC_ITEM\":2,\"POSTING_KEY\":\"96\",\"PROFIT_CTR\":\"8031\",\"REF_KEY_3\":\"SH2111090000000521\",\"SP_GL_IND\":\"\",\"VENDOR_NO\":\"0000200111\"},{\"ACCOUNT_TYPE\":\"M\",\"CS_TRANS_T\":\"\",\"DOC_CURR_AMT\":0.90,\"DR_CR_IND\":\"S\",\"GL_ACCOUNT\":\"1405020000\",\"ITEM_TEXT\":\"采购入库2021-11-09\",\"LOC_CURR_AMT\":0.90,\"PACK_DOC_ITEM\":1,\"POSTING_KEY\":\"89\",\"PROFIT_CTR\":\"8031\",\"REF_KEY_3\":\"SH2111090000000521\",\"SP_GL_IND\":\"\",\"VENDOR_NO\":\"0000200111\"}],\"PACK_DOC_NO\":\"2111090000003098\",\"PSTNG_DATE\":\"20211109\",\"REF_DOC_NO\":\"SH2111090000000521\",\"UPDATE_MOD\":\"A\"}','[{\"FIELD\":\"2111090000003098\",\"ID\":\"YH\",\"LOG_MSG_NO\":\"\",\"LOG_NO\":\"\",\"MESSAGE\":\"数据写入成功\",\"MESSAGE_V1\":\"\",\"MESSAGE_V2\":\"\",\"MESSAGE_V3\":\"\",\"MESSAGE_V4\":\"\",\"NUMBER\":\"000\",\"PARAMETER\":\"\",\"ROW\":\"\",\"SYSTEM\":\"\",\"TYPE\":\"S\"}]',1,1,NULL,1,NULL,0,21000,0,NULL,NULL,NULL,'2021-11-11 04:06:02','2021-11-11 04:06:02','172.16.4.240',NULL,NULL,NULL,NULL,0),(2111110000004685,'2111090000003101','{\"BUSS_DOC_NO\":\"SH2111090000000530\",\"BUSS_DOC_TYPE\":\"采购入库单\",\"BUSS_SYS\":\"MY1233\",\"COMP_CODE\":\"8031\",\"CREATED_AT\":\"20211109181301\",\"CURRENCY\":\"CNY\",\"DOC_DATE\":\"20211109\",\"DOC_TYPE\":\"AB\",\"EXCH_RATE\":1.00,\"FISC_YEAR\":\"2021\",\"HEADER_TXT\":\"采购入库2021-11-09\",\"ITEM\":[{\"ACCOUNT_TYPE\":\"S\",\"CS_TRANS_T\":\"\",\"DOC_CURR_AMT\":88.50,\"DR_CR_IND\":\"H\",\"GL_ACCOUNT\":\"2202030100\",\"ITEM_TEXT\":\"采购入库2021-11-09\",\"LOC_CURR_AMT\":88.50,\"PACK_DOC_ITEM\":2,\"POSTING_KEY\":\"96\",\"PROFIT_CTR\":\"8031\",\"REF_KEY_3\":\"SH2111090000000530\",\"SP_GL_IND\":\"\",\"VENDOR_NO\":\"0000200111\"},{\"ACCOUNT_TYPE\":\"M\",\"CS_TRANS_T\":\"\",\"DOC_CURR_AMT\":88.50,\"DR_CR_IND\":\"S\",\"GL_ACCOUNT\":\"1405010000\",\"ITEM_TEXT\":\"采购入库2021-11-09\",\"LOC_CURR_AMT\":88.50,\"PACK_DOC_ITEM\":1,\"POSTING_KEY\":\"89\",\"PROFIT_CTR\":\"8031\",\"REF_KEY_3\":\"SH2111090000000530\",\"SP_GL_IND\":\"\",\"VENDOR_NO\":\"0000200111\"}],\"PACK_DOC_NO\":\"2111090000003101\",\"PSTNG_DATE\":\"20211109\",\"REF_DOC_NO\":\"SH2111090000000530\",\"UPDATE_MOD\":\"A\"}','[{\"FIELD\":\"2111090000003101\",\"ID\":\"YH\",\"LOG_MSG_NO\":\"\",\"LOG_NO\":\"\",\"MESSAGE\":\"数据写入成功\",\"MESSAGE_V1\":\"\",\"MESSAGE_V2\":\"\",\"MESSAGE_V3\":\"\",\"MESSAGE_V4\":\"\",\"NUMBER\":\"000\",\"PARAMETER\":\"\",\"ROW\":\"\",\"SYSTEM\":\"\",\"TYPE\":\"S\"}]',1,1,NULL,1,NULL,0,21000,0,NULL,NULL,NULL,'2021-11-11 04:06:02','2021-11-11 04:06:02','172.16.4.240',NULL,NULL,NULL,NULL,0),(2111110000004686,'2111100000001564','{\"BUSS_DOC_NO\":\"SH2111090000000536\",\"BUSS_DOC_TYPE\":\"采购入库单\",\"BUSS_SYS\":\"MY1233\",\"COMP_CODE\":\"8031\",\"CREATED_AT\":\"20211110191246\",\"CURRENCY\":\"CNY\",\"DOC_DATE\":\"20211110\",\"DOC_TYPE\":\"AB\",\"EXCH_RATE\":1.00,\"FISC_YEAR\":\"2021\",\"HEADER_TXT\":\"采购入库2021-11-10\",\"ITEM\":[{\"ACCOUNT_TYPE\":\"S\",\"CS_TRANS_T\":\"\",\"DOC_CURR_AMT\":89.40,\"DR_CR_IND\":\"H\",\"GL_ACCOUNT\":\"2202030100\",\"ITEM_TEXT\":\"采购入库2021-11-10\",\"LOC_CURR_AMT\":89.40,\"PACK_DOC_ITEM\":2,\"POSTING_KEY\":\"96\",\"PROFIT_CTR\":\"8031\",\"REF_KEY_3\":\"SH2111090000000536\",\"SP_GL_IND\":\"\",\"VENDOR_NO\":\"0000200111\"},{\"ACCOUNT_TYPE\":\"M\",\"CS_TRANS_T\":\"\",\"DOC_CURR_AMT\":88.50,\"DR_CR_IND\":\"S\",\"GL_ACCOUNT\":\"1405010000\",\"ITEM_TEXT\":\"采购入库2021-11-10\",\"LOC_CURR_AMT\":88.50,\"PACK_DOC_ITEM\":1,\"POSTING_KEY\":\"89\",\"PROFIT_CTR\":\"8031\",\"REF_KEY_3\":\"SH2111090000000536\",\"SP_GL_IND\":\"\",\"VENDOR_NO\":\"0000200111\"},{\"ACCOUNT_TYPE\":\"M\",\"CS_TRANS_T\":\"\",\"DOC_CURR_AMT\":0.90,\"DR_CR_IND\":\"S\",\"GL_ACCOUNT\":\"1405020000\",\"ITEM_TEXT\":\"采购入库2021-11-10\",\"LOC_CURR_AMT\":0.90,\"PACK_DOC_ITEM\":1,\"POSTING_KEY\":\"89\",\"PROFIT_CTR\":\"8031\",\"REF_KEY_3\":\"SH2111090000000536\",\"SP_GL_IND\":\"\",\"VENDOR_NO\":\"0000200111\"}],\"PACK_DOC_NO\":\"2111100000001564\",\"PSTNG_DATE\":\"20211110\",\"REF_DOC_NO\":\"SH2111090000000536\",\"UPDATE_MOD\":\"A\"}','[{\"FIELD\":\"2111100000001564\",\"ID\":\"YH\",\"LOG_MSG_NO\":\"\",\"LOG_NO\":\"\",\"MESSAGE\":\"数据写入成功\",\"MESSAGE_V1\":\"\",\"MESSAGE_V2\":\"\",\"MESSAGE_V3\":\"\",\"MESSAGE_V4\":\"\",\"NUMBER\":\"000\",\"PARAMETER\":\"\",\"ROW\":\"\",\"SYSTEM\":\"\",\"TYPE\":\"S\"}]',1,1,NULL,1,NULL,0,21000,0,NULL,NULL,NULL,'2021-11-11 04:06:02','2021-11-11 04:06:02','172.16.4.240',NULL,NULL,NULL,NULL,0),(2111110000004687,'2111100000001569','{\"BUSS_DOC_NO\":\"SH2111090000001059\",\"BUSS_DOC_TYPE\":\"采购入库单\",\"BUSS_SYS\":\"MY1233\",\"COMP_CODE\":\"8031\",\"CREATED_AT\":\"20211110191246\",\"CURRENCY\":\"CNY\",\"DOC_DATE\":\"20211110\",\"DOC_TYPE\":\"AB\",\"EXCH_RATE\":1.00,\"FISC_YEAR\":\"2021\",\"HEADER_TXT\":\"采购入库2021-11-10\",\"ITEM\":[{\"ACCOUNT_TYPE\":\"S\",\"CS_TRANS_T\":\"\",\"DOC_CURR_AMT\":0.90,\"DR_CR_IND\":\"H\",\"GL_ACCOUNT\":\"2202030100\",\"ITEM_TEXT\":\"采购入库2021-11-10\",\"LOC_CURR_AMT\":0.90,\"PACK_DOC_ITEM\":2,\"POSTING_KEY\":\"96\",\"PROFIT_CTR\":\"8031\",\"REF_KEY_3\":\"SH2111090000001059\",\"SP_GL_IND\":\"\",\"VENDOR_NO\":\"0000200111\"},{\"ACCOUNT_TYPE\":\"M\",\"CS_TRANS_T\":\"\",\"DOC_CURR_AMT\":0.90,\"DR_CR_IND\":\"S\",\"GL_ACCOUNT\":\"1405020000\",\"ITEM_TEXT\":\"采购入库2021-11-10\",\"LOC_CURR_AMT\":0.90,\"PACK_DOC_ITEM\":1,\"POSTING_KEY\":\"89\",\"PROFIT_CTR\":\"8031\",\"REF_KEY_3\":\"SH2111090000001059\",\"SP_GL_IND\":\"\",\"VENDOR_NO\":\"0000200111\"}],\"PACK_DOC_NO\":\"2111100000001569\",\"PSTNG_DATE\":\"20211110\",\"REF_DOC_NO\":\"SH2111090000001059\",\"UPDATE_MOD\":\"A\"}','[{\"FIELD\":\"2111100000001569\",\"ID\":\"YH\",\"LOG_MSG_NO\":\"\",\"LOG_NO\":\"\",\"MESSAGE\":\"数据写入成功\",\"MESSAGE_V1\":\"\",\"MESSAGE_V2\":\"\",\"MESSAGE_V3\":\"\",\"MESSAGE_V4\":\"\",\"NUMBER\":\"000\",\"PARAMETER\":\"\",\"ROW\":\"\",\"SYSTEM\":\"\",\"TYPE\":\"S\"}]',1,1,NULL,1,NULL,0,21000,0,NULL,NULL,NULL,'2021-11-11 04:06:02','2021-11-11 04:06:02','172.16.4.240',NULL,NULL,NULL,NULL,0),(2111110000004688,'2111100000001572','{\"BUSS_DOC_NO\":\"2111090000001552\",\"BUSS_DOC_TYPE\":\"费用单\",\"BUSS_SYS\":\"MY1233\",\"COMP_CODE\":\"8031\",\"CREATED_AT\":\"20211110191246\",\"CURRENCY\":\"CNY\",\"DOC_DATE\":\"20211110\",\"DOC_TYPE\":\"AB\",\"EXCH_RATE\":1.00,\"FISC_YEAR\":\"2021\",\"HEADER_TXT\":\"供应商扣款费用发票核销2021-11-10\",\"ITEM\":[{\"ACCOUNT_TYPE\":\"S\",\"CS_TRANS_T\":\"\",\"DOC_CURR_AMT\":91.75,\"DR_CR_IND\":\"H\",\"GL_ACCOUNT\":\"6401080000\",\"ITEM_TEXT\":\"供应商扣款费用发票核销2021-11-10\",\"LOC_CURR_AMT\":91.75,\"PACK_DOC_ITEM\":2,\"POSTING_KEY\":\"96\",\"PROFIT_CTR\":\"8031\",\"REF_KEY_3\":\"2111090000001552\",\"SP_GL_IND\":\"\",\"TAX_CODE\":\"JF\",\"VENDOR_NO\":\"0000200111\"},{\"ACCOUNT_TYPE\":\"S\",\"CS_TRANS_T\":\"\",\"DOC_CURR_AMT\":91.75,\"DR_CR_IND\":\"S\",\"GL_ACCOUNT\":\"2202030200\",\"ITEM_TEXT\":\"供应商扣款费用发票核销2021-11-10\",\"LOC_CURR_AMT\":91.75,\"PACK_DOC_ITEM\":1,\"POSTING_KEY\":\"86\",\"PROFIT_CTR\":\"8031\",\"REF_KEY_3\":\"2111090000001552\",\"SP_GL_IND\":\"\",\"TAX_CODE\":\"JF\",\"VENDOR_NO\":\"0000200111\"}],\"PACK_DOC_NO\":\"2111100000001572\",\"PSTNG_DATE\":\"20211110\",\"REF_DOC_NO\":\"2111090000001552\",\"UPDATE_MOD\":\"A\"}','[{\"FIELD\":\"2111100000001572\",\"ID\":\"YH\",\"LOG_MSG_NO\":\"\",\"LOG_NO\":\"\",\"MESSAGE\":\"数据写入成功\",\"MESSAGE_V1\":\"\",\"MESSAGE_V2\":\"\",\"MESSAGE_V3\":\"\",\"MESSAGE_V4\":\"\",\"NUMBER\":\"000\",\"PARAMETER\":\"\",\"ROW\":\"\",\"SYSTEM\":\"\",\"TYPE\":\"S\"}]',1,1,NULL,1,NULL,0,21000,0,NULL,NULL,NULL,'2021-11-11 04:06:02','2021-11-11 04:06:02','172.16.4.240',NULL,NULL,NULL,NULL,0),(2111110000004689,'2111100000001575','{\"BUSS_DOC_NO\":\"2111090000001558\",\"BUSS_DOC_TYPE\":\"费用单\",\"BUSS_SYS\":\"MY1233\",\"COMP_CODE\":\"8031\",\"CREATED_AT\":\"20211110191246\",\"CURRENCY\":\"CNY\",\"DOC_DATE\":\"20211110\",\"DOC_TYPE\":\"AB\",\"EXCH_RATE\":1.00,\"FISC_YEAR\":\"2021\",\"HEADER_TXT\":\"供应商扣款费用发票核销2021-11-10\",\"ITEM\":[{\"ACCOUNT_TYPE\":\"S\",\"CS_TRANS_T\":\"\",\"DOC_CURR_AMT\":99.02,\"DR_CR_IND\":\"H\",\"GL_ACCOUNT\":\"6401080000\",\"ITEM_TEXT\":\"供应商扣款费用发票核销2021-11-10\",\"LOC_CURR_AMT\":99.02,\"PACK_DOC_ITEM\":2,\"POSTING_KEY\":\"96\",\"PROFIT_CTR\":\"8031\",\"REF_KEY_3\":\"2111090000001558\",\"SP_GL_IND\":\"\",\"TAX_CODE\":\"JI\",\"VENDOR_NO\":\"0000200111\"},{\"ACCOUNT_TYPE\":\"S\",\"CS_TRANS_T\":\"\",\"DOC_CURR_AMT\":99.02,\"DR_CR_IND\":\"S\",\"GL_ACCOUNT\":\"2202030200\",\"ITEM_TEXT\":\"供应商扣款费用发票核销2021-11-10\",\"LOC_CURR_AMT\":99.02,\"PACK_DOC_ITEM\":1,\"POSTING_KEY\":\"86\",\"PROFIT_CTR\":\"8031\",\"REF_KEY_3\":\"2111090000001558\",\"SP_GL_IND\":\"\",\"TAX_CODE\":\"JI\",\"VENDOR_NO\":\"0000200111\"}],\"PACK_DOC_NO\":\"2111100000001575\",\"PSTNG_DATE\":\"20211110\",\"REF_DOC_NO\":\"2111090000001558\",\"UPDATE_MOD\":\"A\"}','[{\"FIELD\":\"2111100000001575\",\"ID\":\"YH\",\"LOG_MSG_NO\":\"\",\"LOG_NO\":\"\",\"MESSAGE\":\"数据写入成功\",\"MESSAGE_V1\":\"\",\"MESSAGE_V2\":\"\",\"MESSAGE_V3\":\"\",\"MESSAGE_V4\":\"\",\"NUMBER\":\"000\",\"PARAMETER\":\"\",\"ROW\":\"\",\"SYSTEM\":\"\",\"TYPE\":\"S\"}]',1,1,NULL,1,NULL,0,21000,0,NULL,NULL,NULL,'2021-11-11 04:06:02','2021-11-11 04:06:02','172.16.4.240',NULL,NULL,NULL,NULL,0),(2111110000004690,'2111100000001578','{\"BUSS_DOC_NO\":\"2111090000002148\",\"BUSS_DOC_TYPE\":\"费用单\",\"BUSS_SYS\":\"MY1233\",\"COMP_CODE\":\"8031\",\"CREATED_AT\":\"20211110191246\",\"CURRENCY\":\"CNY\",\"DOC_DATE\":\"20211110\",\"DOC_TYPE\":\"AB\",\"EXCH_RATE\":1.00,\"FISC_YEAR\":\"2021\",\"HEADER_TXT\":\"供应商扣款费用发票核销2021-11-10\",\"ITEM\":[{\"ACCOUNT_TYPE\":\"S\",\"CS_TRANS_T\":\"\",\"DOC_CURR_AMT\":99.02,\"DR_CR_IND\":\"H\",\"GL_ACCOUNT\":\"6401080000\",\"ITEM_TEXT\":\"供应商扣款费用发票核销2021-11-10\",\"LOC_CURR_AMT\":99.02,\"PACK_DOC_ITEM\":2,\"POSTING_KEY\":\"96\",\"PROFIT_CTR\":\"8031\",\"REF_KEY_3\":\"2111090000002148\",\"SP_GL_IND\":\"\",\"TAX_CODE\":\"JI\",\"VENDOR_NO\":\"0000200111\"},{\"ACCOUNT_TYPE\":\"S\",\"CS_TRANS_T\":\"\",\"DOC_CURR_AMT\":99.02,\"DR_CR_IND\":\"S\",\"GL_ACCOUNT\":\"2202030200\",\"ITEM_TEXT\":\"供应商扣款费用发票核销2021-11-10\",\"LOC_CURR_AMT\":99.02,\"PACK_DOC_ITEM\":1,\"POSTING_KEY\":\"86\",\"PROFIT_CTR\":\"8031\",\"REF_KEY_3\":\"2111090000002148\",\"SP_GL_IND\":\"\",\"TAX_CODE\":\"JI\",\"VENDOR_NO\":\"0000200111\"}],\"PACK_DOC_NO\":\"2111100000001578\",\"PSTNG_DATE\":\"20211110\",\"REF_DOC_NO\":\"2111090000002148\",\"UPDATE_MOD\":\"A\"}','[{\"FIELD\":\"2111100000001578\",\"ID\":\"YH\",\"LOG_MSG_NO\":\"\",\"LOG_NO\":\"\",\"MESSAGE\":\"数据写入成功\",\"MESSAGE_V1\":\"\",\"MESSAGE_V2\":\"\",\"MESSAGE_V3\":\"\",\"MESSAGE_V4\":\"\",\"NUMBER\":\"000\",\"PARAMETER\":\"\",\"ROW\":\"\",\"SYSTEM\":\"\",\"TYPE\":\"S\"}]',1,1,NULL,1,NULL,0,21000,0,NULL,NULL,NULL,'2021-11-11 04:06:02','2021-11-11 04:06:02','172.16.4.240',NULL,NULL,NULL,NULL,0),(2111110000004691,'2111100000001581','{\"BUSS_DOC_NO\":\"2111090000002164\",\"BUSS_DOC_TYPE\":\"费用单\",\"BUSS_SYS\":\"MY1233\",\"COMP_CODE\":\"8031\",\"CREATED_AT\":\"20211110191246\",\"CURRENCY\":\"CNY\",\"DOC_DATE\":\"20211110\",\"DOC_TYPE\":\"AB\",\"EXCH_RATE\":1.00,\"FISC_YEAR\":\"2021\",\"HEADER_TXT\":\"供应商扣款费用发票核销2021-11-10\",\"ITEM\":[{\"ACCOUNT_TYPE\":\"S\",\"CS_TRANS_T\":\"\",\"DOC_CURR_AMT\":97.10,\"DR_CR_IND\":\"H\",\"GL_ACCOUNT\":\"6401080000\",\"ITEM_TEXT\":\"供应商扣款费用发票核销2021-11-10\",\"LOC_CURR_AMT\":97.10,\"PACK_DOC_ITEM\":2,\"POSTING_KEY\":\"96\",\"PROFIT_CTR\":\"8031\",\"REF_KEY_3\":\"2111090000002164\",\"SP_GL_IND\":\"\",\"TAX_CODE\":\"JJ\",\"VENDOR_NO\":\"0000200111\"},{\"ACCOUNT_TYPE\":\"S\",\"CS_TRANS_T\":\"\",\"DOC_CURR_AMT\":97.10,\"DR_CR_IND\":\"S\",\"GL_ACCOUNT\":\"2202030200\",\"ITEM_TEXT\":\"供应商扣款费用发票核销2021-11-10\",\"LOC_CURR_AMT\":97.10,\"PACK_DOC_ITEM\":1,\"POSTING_KEY\":\"86\",\"PROFIT_CTR\":\"8031\",\"REF_KEY_3\":\"2111090000002164\",\"SP_GL_IND\":\"\",\"TAX_CODE\":\"JJ\",\"VENDOR_NO\":\"0000200111\"}],\"PACK_DOC_NO\":\"2111100000001581\",\"PSTNG_DATE\":\"20211110\",\"REF_DOC_NO\":\"2111090000002164\",\"UPDATE_MOD\":\"A\"}','[{\"FIELD\":\"2111100000001581\",\"ID\":\"YH\",\"LOG_MSG_NO\":\"\",\"LOG_NO\":\"\",\"MESSAGE\":\"数据写入成功\",\"MESSAGE_V1\":\"\",\"MESSAGE_V2\":\"\",\"MESSAGE_V3\":\"\",\"MESSAGE_V4\":\"\",\"NUMBER\":\"000\",\"PARAMETER\":\"\",\"ROW\":\"\",\"SYSTEM\":\"\",\"TYPE\":\"S\"}]',1,1,NULL,1,NULL,0,21000,0,NULL,NULL,NULL,'2021-11-11 04:06:02','2021-11-11 04:06:02','172.16.4.240',NULL,NULL,NULL,NULL,0),(2111110000004692,'2111100000001584','{\"BUSS_DOC_NO\":\"2111090000002169\",\"BUSS_DOC_TYPE\":\"费用单\",\"BUSS_SYS\":\"MY1233\",\"COMP_CODE\":\"8031\",\"CREATED_AT\":\"20211110191246\",\"CURRENCY\":\"CNY\",\"DOC_DATE\":\"20211110\",\"DOC_TYPE\":\"AB\",\"EXCH_RATE\":1.00,\"FISC_YEAR\":\"2021\",\"HEADER_TXT\":\"供应商扣款费用发票核销2021-11-10\",\"ITEM\":[{\"ACCOUNT_TYPE\":\"S\",\"CS_TRANS_T\":\"\",\"DOC_CURR_AMT\":99.02,\"DR_CR_IND\":\"H\",\"GL_ACCOUNT\":\"6401080000\",\"ITEM_TEXT\":\"供应商扣款费用发票核销2021-11-10\",\"LOC_CURR_AMT\":99.02,\"PACK_DOC_ITEM\":2,\"POSTING_KEY\":\"96\",\"PROFIT_CTR\":\"8031\",\"REF_KEY_3\":\"2111090000002169\",\"SP_GL_IND\":\"\",\"TAX_CODE\":\"JI\",\"VENDOR_NO\":\"0000200111\"},{\"ACCOUNT_TYPE\":\"S\",\"CS_TRANS_T\":\"\",\"DOC_CURR_AMT\":99.02,\"DR_CR_IND\":\"S\",\"GL_ACCOUNT\":\"2202030200\",\"ITEM_TEXT\":\"供应商扣款费用发票核销2021-11-10\",\"LOC_CURR_AMT\":99.02,\"PACK_DOC_ITEM\":1,\"POSTING_KEY\":\"86\",\"PROFIT_CTR\":\"8031\",\"REF_KEY_3\":\"2111090000002169\",\"SP_GL_IND\":\"\",\"TAX_CODE\":\"JI\",\"VENDOR_NO\":\"0000200111\"}],\"PACK_DOC_NO\":\"2111100000001584\",\"PSTNG_DATE\":\"20211110\",\"REF_DOC_NO\":\"2111090000002169\",\"UPDATE_MOD\":\"A\"}','[{\"FIELD\":\"2111100000001584\",\"ID\":\"YH\",\"LOG_MSG_NO\":\"\",\"LOG_NO\":\"\",\"MESSAGE\":\"数据写入成功\",\"MESSAGE_V1\":\"\",\"MESSAGE_V2\":\"\",\"MESSAGE_V3\":\"\",\"MESSAGE_V4\":\"\",\"NUMBER\":\"000\",\"PARAMETER\":\"\",\"ROW\":\"\",\"SYSTEM\":\"\",\"TYPE\":\"S\"}]',1,1,NULL,1,NULL,0,21000,0,NULL,NULL,NULL,'2021-11-11 04:06:02','2021-11-11 04:06:02','172.16.4.240',NULL,NULL,NULL,NULL,0),(2111110000004693,'2111100000001587','{\"BUSS_DOC_NO\":\"2111090000002235\",\"BUSS_DOC_TYPE\":\"费用单\",\"BUSS_SYS\":\"MY1233\",\"COMP_CODE\":\"8031\",\"CREATED_AT\":\"20211110191246\",\"CURRENCY\":\"CNY\",\"DOC_DATE\":\"20211110\",\"DOC_TYPE\":\"AB\",\"EXCH_RATE\":1.00,\"FISC_YEAR\":\"2021\",\"HEADER_TXT\":\"供应商扣款费用核销2021-11-10\",\"ITEM\":[{\"ACCOUNT_TYPE\":\"S\",\"CS_TRANS_T\":\"\",\"DOC_CURR_AMT\":5.66,\"DR_CR_IND\":\"H\",\"GL_ACCOUNT\":\"2221010106\",\"ITEM_TEXT\":\"供应商扣款费用核销2021-11-10\",\"LOC_CURR_AMT\":5.66,\"PACK_DOC_ITEM\":1,\"POSTING_KEY\":\"50\",\"PROFIT_CTR\":\"8031\",\"REF_KEY_3\":\"2111090000002235\",\"SP_GL_IND\":\"\",\"TAX_CODE\":\"J6\",\"VENDOR_NO\":\"0000200111\"},{\"ACCOUNT_TYPE\":\"S\",\"CS_TRANS_T\":\"\",\"DOC_CURR_AMT\":94.35,\"DR_CR_IND\":\"H\",\"GL_ACCOUNT\":\"6051010000\",\"ITEM_TEXT\":\"供应商扣款费用核销2021-11-10\",\"LOC_CURR_AMT\":94.35,\"PACK_DOC_ITEM\":2,\"POSTING_KEY\":\"50\",\"PROFIT_CTR\":\"8031\",\"REF_KEY_3\":\"2111090000002235\",\"SP_GL_IND\":\"\",\"TAX_CODE\":\"J6\",\"VENDOR_NO\":\"0000200111\"},{\"ACCOUNT_TYPE\":\"S\",\"CS_TRANS_T\":\"\",\"DOC_CURR_AMT\":100.01,\"DR_CR_IND\":\"S\",\"GL_ACCOUNT\":\"2202010000\",\"ITEM_TEXT\":\"供应商扣款费用核销2021-11-10\",\"LOC_CURR_AMT\":100.01,\"PACK_DOC_ITEM\":1,\"POSTING_KEY\":\"86\",\"PROFIT_CTR\":\"8031\",\"REF_KEY_3\":\"2111090000002235\",\"SP_GL_IND\":\"\",\"TAX_CODE\":\"J6\",\"VENDOR_NO\":\"0000200111\"}],\"PACK_DOC_NO\":\"2111100000001587\",\"PSTNG_DATE\":\"20211110\",\"REF_DOC_NO\":\"2111090000002235\",\"UPDATE_MOD\":\"A\"}','[{\"FIELD\":\"2111100000001587\",\"ID\":\"YH\",\"LOG_MSG_NO\":\"\",\"LOG_NO\":\"\",\"MESSAGE\":\"数据写入成功\",\"MESSAGE_V1\":\"\",\"MESSAGE_V2\":\"\",\"MESSAGE_V3\":\"\",\"MESSAGE_V4\":\"\",\"NUMBER\":\"000\",\"PARAMETER\":\"\",\"ROW\":\"\",\"SYSTEM\":\"\",\"TYPE\":\"S\"}]',1,1,NULL,1,NULL,0,21000,0,NULL,NULL,NULL,'2021-11-11 04:06:02','2021-11-11 04:06:02','172.16.4.240',NULL,NULL,NULL,NULL,0),(2111110000004694,'2111100000001591','{\"BUSS_DOC_NO\":\"2111090000002239\",\"BUSS_DOC_TYPE\":\"费用单\",\"BUSS_SYS\":\"MY1233\",\"COMP_CODE\":\"8031\",\"CREATED_AT\":\"20211110191246\",\"CURRENCY\":\"CNY\",\"DOC_DATE\":\"20211110\",\"DOC_TYPE\":\"AB\",\"EXCH_RATE\":1.00,\"FISC_YEAR\":\"2021\",\"HEADER_TXT\":\"供应商扣款费用核销2021-11-10\",\"ITEM\":[{\"ACCOUNT_TYPE\":\"S\",\"CS_TRANS_T\":\"\",\"DOC_CURR_AMT\":5.66,\"DR_CR_IND\":\"H\",\"GL_ACCOUNT\":\"2221010106\",\"ITEM_TEXT\":\"供应商扣款费用核销2021-11-10\",\"LOC_CURR_AMT\":5.66,\"PACK_DOC_ITEM\":1,\"POSTING_KEY\":\"50\",\"PROFIT_CTR\":\"8031\",\"REF_KEY_3\":\"2111090000002239\",\"SP_GL_IND\":\"\",\"TAX_CODE\":\"J6\",\"VENDOR_NO\":\"0000200111\"},{\"ACCOUNT_TYPE\":\"S\",\"CS_TRANS_T\":\"\",\"DOC_CURR_AMT\":94.35,\"DR_CR_IND\":\"H\",\"GL_ACCOUNT\":\"6051010000\",\"ITEM_TEXT\":\"供应商扣款费用核销2021-11-10\",\"LOC_CURR_AMT\":94.35,\"PACK_DOC_ITEM\":2,\"POSTING_KEY\":\"50\",\"PROFIT_CTR\":\"8031\",\"REF_KEY_3\":\"2111090000002239\",\"SP_GL_IND\":\"\",\"TAX_CODE\":\"J6\",\"VENDOR_NO\":\"0000200111\"},{\"ACCOUNT_TYPE\":\"S\",\"CS_TRANS_T\":\"\",\"DOC_CURR_AMT\":100.01,\"DR_CR_IND\":\"S\",\"GL_ACCOUNT\":\"2202010000\",\"ITEM_TEXT\":\"供应商扣款费用核销2021-11-10\",\"LOC_CURR_AMT\":100.01,\"PACK_DOC_ITEM\":1,\"POSTING_KEY\":\"86\",\"PROFIT_CTR\":\"8031\",\"REF_KEY_3\":\"2111090000002239\",\"SP_GL_IND\":\"\",\"TAX_CODE\":\"J6\",\"VENDOR_NO\":\"0000200111\"}],\"PACK_DOC_NO\":\"2111100000001591\",\"PSTNG_DATE\":\"20211110\",\"REF_DOC_NO\":\"2111090000002239\",\"UPDATE_MOD\":\"A\"}','[{\"FIELD\":\"2111100000001591\",\"ID\":\"YH\",\"LOG_MSG_NO\":\"\",\"LOG_NO\":\"\",\"MESSAGE\":\"数据写入成功\",\"MESSAGE_V1\":\"\",\"MESSAGE_V2\":\"\",\"MESSAGE_V3\":\"\",\"MESSAGE_V4\":\"\",\"NUMBER\":\"000\",\"PARAMETER\":\"\",\"ROW\":\"\",\"SYSTEM\":\"\",\"TYPE\":\"S\"}]',1,1,NULL,1,NULL,0,21000,0,NULL,NULL,NULL,'2021-11-11 04:06:02','2021-11-11 04:06:02','172.16.4.240',NULL,NULL,NULL,NULL,0),(2111110000004695,'2111100000001595','{\"BUSS_DOC_NO\":\"2111090000002243\",\"BUSS_DOC_TYPE\":\"费用单\",\"BUSS_SYS\":\"MY1233\",\"COMP_CODE\":\"8031\",\"CREATED_AT\":\"20211110191246\",\"CURRENCY\":\"CNY\",\"DOC_DATE\":\"20211110\",\"DOC_TYPE\":\"AB\",\"EXCH_RATE\":1.00,\"FISC_YEAR\":\"2021\",\"HEADER_TXT\":\"供应商扣款费用核销2021-11-10\",\"ITEM\":[{\"ACCOUNT_TYPE\":\"S\",\"CS_TRANS_T\":\"\",\"DOC_CURR_AMT\":5.66,\"DR_CR_IND\":\"H\",\"GL_ACCOUNT\":\"2221010106\",\"ITEM_TEXT\":\"供应商扣款费用核销2021-11-10\",\"LOC_CURR_AMT\":5.66,\"PACK_DOC_ITEM\":1,\"POSTING_KEY\":\"50\",\"PROFIT_CTR\":\"8031\",\"REF_KEY_3\":\"2111090000002243\",\"SP_GL_IND\":\"\",\"TAX_CODE\":\"J6\",\"VENDOR_NO\":\"0000200111\"},{\"ACCOUNT_TYPE\":\"S\",\"CS_TRANS_T\":\"\",\"DOC_CURR_AMT\":94.35,\"DR_CR_IND\":\"H\",\"GL_ACCOUNT\":\"6051010000\",\"ITEM_TEXT\":\"供应商扣款费用核销2021-11-10\",\"LOC_CURR_AMT\":94.35,\"PACK_DOC_ITEM\":2,\"POSTING_KEY\":\"50\",\"PROFIT_CTR\":\"8031\",\"REF_KEY_3\":\"2111090000002243\",\"SP_GL_IND\":\"\",\"TAX_CODE\":\"J6\",\"VENDOR_NO\":\"0000200111\"},{\"ACCOUNT_TYPE\":\"S\",\"CS_TRANS_T\":\"\",\"DOC_CURR_AMT\":100.01,\"DR_CR_IND\":\"S\",\"GL_ACCOUNT\":\"2202010000\",\"ITEM_TEXT\":\"供应商扣款费用核销2021-11-10\",\"LOC_CURR_AMT\":100.01,\"PACK_DOC_ITEM\":1,\"POSTING_KEY\":\"86\",\"PROFIT_CTR\":\"8031\",\"REF_KEY_3\":\"2111090000002243\",\"SP_GL_IND\":\"\",\"TAX_CODE\":\"J6\",\"VENDOR_NO\":\"0000200111\"}],\"PACK_DOC_NO\":\"2111100000001595\",\"PSTNG_DATE\":\"20211110\",\"REF_DOC_NO\":\"2111090000002243\",\"UPDATE_MOD\":\"A\"}','[{\"FIELD\":\"2111100000001595\",\"ID\":\"YH\",\"LOG_MSG_NO\":\"\",\"LOG_NO\":\"\",\"MESSAGE\":\"数据写入成功\",\"MESSAGE_V1\":\"\",\"MESSAGE_V2\":\"\",\"MESSAGE_V3\":\"\",\"MESSAGE_V4\":\"\",\"NUMBER\":\"000\",\"PARAMETER\":\"\",\"ROW\":\"\",\"SYSTEM\":\"\",\"TYPE\":\"S\"}]',1,1,NULL,1,NULL,0,21000,0,NULL,NULL,NULL,'2021-11-11 04:06:02','2021-11-11 04:06:02','172.16.4.240',NULL,NULL,NULL,NULL,0),(2111110000004696,'2111100000001599','{\"BUSS_DOC_NO\":\"2111090000002197\",\"BUSS_DOC_TYPE\":\"费用单\",\"BUSS_SYS\":\"MY1233\",\"COMP_CODE\":\"8031\",\"CREATED_AT\":\"20211110191246\",\"CURRENCY\":\"CNY\",\"DOC_DATE\":\"20211110\",\"DOC_TYPE\":\"AB\",\"EXCH_RATE\":1.00,\"FISC_YEAR\":\"2021\",\"HEADER_TXT\":\"供应商无发票扣款2021-11-10\",\"ITEM\":[{\"ACCOUNT_TYPE\":\"S\",\"CS_TRANS_T\":\"\",\"DOC_CURR_AMT\":100.01,\"DR_CR_IND\":\"H\",\"GL_ACCOUNT\":\"6301030000\",\"ITEM_TEXT\":\"供应商无发票扣款2021-11-10\",\"LOC_CURR_AMT\":100.01,\"PACK_DOC_ITEM\":2,\"POSTING_KEY\":\"50\",\"PROFIT_CTR\":\"8031\",\"REF_KEY_3\":\"2111090000002197\",\"SP_GL_IND\":\"\",\"TAX_CODE\":\"J0\",\"VENDOR_NO\":\"0000200111\"},{\"ACCOUNT_TYPE\":\"S\",\"CS_TRANS_T\":\"\",\"DOC_CURR_AMT\":100.01,\"DR_CR_IND\":\"S\",\"GL_ACCOUNT\":\"2202010000\",\"ITEM_TEXT\":\"供应商无发票扣款2021-11-10\",\"LOC_CURR_AMT\":100.01,\"PACK_DOC_ITEM\":2,\"POSTING_KEY\":\"86\",\"PROFIT_CTR\":\"8031\",\"REF_KEY_3\":\"2111090000002197\",\"SP_GL_IND\":\"\",\"TAX_CODE\":\"J0\",\"VENDOR_NO\":\"0000200111\"}],\"PACK_DOC_NO\":\"2111100000001599\",\"PSTNG_DATE\":\"20211110\",\"REF_DOC_NO\":\"2111090000002197\",\"UPDATE_MOD\":\"A\"}','[{\"FIELD\":\"2111100000001599\",\"ID\":\"YH\",\"LOG_MSG_NO\":\"\",\"LOG_NO\":\"\",\"MESSAGE\":\"数据写入成功\",\"MESSAGE_V1\":\"\",\"MESSAGE_V2\":\"\",\"MESSAGE_V3\":\"\",\"MESSAGE_V4\":\"\",\"NUMBER\":\"000\",\"PARAMETER\":\"\",\"ROW\":\"\",\"SYSTEM\":\"\",\"TYPE\":\"S\"}]',1,1,NULL,1,NULL,0,21000,0,NULL,NULL,NULL,'2021-11-11 04:06:02','2021-11-11 04:06:02','172.16.4.240',NULL,NULL,NULL,NULL,0),(2111110000004697,'2111100000001602','{\"BUSS_DOC_NO\":\"2111090000002201\",\"BUSS_DOC_TYPE\":\"费用单\",\"BUSS_SYS\":\"MY1233\",\"COMP_CODE\":\"8031\",\"CREATED_AT\":\"20211110191246\",\"CURRENCY\":\"CNY\",\"DOC_DATE\":\"20211110\",\"DOC_TYPE\":\"AB\",\"EXCH_RATE\":1.00,\"FISC_YEAR\":\"2021\",\"HEADER_TXT\":\"供应商无发票扣款2021-11-10\",\"ITEM\":[{\"ACCOUNT_TYPE\":\"S\",\"CS_TRANS_T\":\"\",\"DOC_CURR_AMT\":100.01,\"DR_CR_IND\":\"H\",\"GL_ACCOUNT\":\"6301030000\",\"ITEM_TEXT\":\"供应商无发票扣款2021-11-10\",\"LOC_CURR_AMT\":100.01,\"PACK_DOC_ITEM\":2,\"POSTING_KEY\":\"50\",\"PROFIT_CTR\":\"8031\",\"REF_KEY_3\":\"2111090000002201\",\"SP_GL_IND\":\"\",\"TAX_CODE\":\"J0\",\"VENDOR_NO\":\"0000200111\"},{\"ACCOUNT_TYPE\":\"S\",\"CS_TRANS_T\":\"\",\"DOC_CURR_AMT\":100.01,\"DR_CR_IND\":\"S\",\"GL_ACCOUNT\":\"2202010000\",\"ITEM_TEXT\":\"供应商无发票扣款2021-11-10\",\"LOC_CURR_AMT\":100.01,\"PACK_DOC_ITEM\":2,\"POSTING_KEY\":\"86\",\"PROFIT_CTR\":\"8031\",\"REF_KEY_3\":\"2111090000002201\",\"SP_GL_IND\":\"\",\"TAX_CODE\":\"J0\",\"VENDOR_NO\":\"0000200111\"}],\"PACK_DOC_NO\":\"2111100000001602\",\"PSTNG_DATE\":\"20211110\",\"REF_DOC_NO\":\"2111090000002201\",\"UPDATE_MOD\":\"A\"}','[{\"FIELD\":\"2111100000001602\",\"ID\":\"YH\",\"LOG_MSG_NO\":\"\",\"LOG_NO\":\"\",\"MESSAGE\":\"数据写入成功\",\"MESSAGE_V1\":\"\",\"MESSAGE_V2\":\"\",\"MESSAGE_V3\":\"\",\"MESSAGE_V4\":\"\",\"NUMBER\":\"000\",\"PARAMETER\":\"\",\"ROW\":\"\",\"SYSTEM\":\"\",\"TYPE\":\"S\"}]',1,1,NULL,1,NULL,0,21000,0,NULL,NULL,NULL,'2021-11-11 04:06:02','2021-11-11 04:06:02','172.16.4.240',NULL,NULL,NULL,NULL,0),(2111110000004698,'2111100000001605','{\"BUSS_DOC_NO\":\"2111090000003174\",\"BUSS_DOC_TYPE\":\"费用单\",\"BUSS_SYS\":\"MY1233\",\"COMP_CODE\":\"8031\",\"CREATED_AT\":\"20211110191246\",\"CURRENCY\":\"CNY\",\"DOC_DATE\":\"20211110\",\"DOC_TYPE\":\"AB\",\"EXCH_RATE\":1.00,\"FISC_YEAR\":\"2021\",\"HEADER_TXT\":\"供应商扣款费用发票核销2021-11-10\",\"ITEM\":[{\"ACCOUNT_TYPE\":\"S\",\"CS_TRANS_T\":\"\",\"DOC_CURR_AMT\":88.50,\"DR_CR_IND\":\"H\",\"GL_ACCOUNT\":\"6401080000\",\"ITEM_TEXT\":\"供应商扣款费用发票核销2021-11-10\",\"LOC_CURR_AMT\":88.50,\"PACK_DOC_ITEM\":2,\"POSTING_KEY\":\"96\",\"PROFIT_CTR\":\"8031\",\"REF_KEY_3\":\"2111090000003174\",\"SP_GL_IND\":\"\",\"TAX_CODE\":\"JI\",\"VENDOR_NO\":\"0000200111\"},{\"ACCOUNT_TYPE\":\"S\",\"CS_TRANS_T\":\"\",\"DOC_CURR_AMT\":88.50,\"DR_CR_IND\":\"S\",\"GL_ACCOUNT\":\"2202030200\",\"ITEM_TEXT\":\"供应商扣款费用发票核销2021-11-10\",\"LOC_CURR_AMT\":88.50,\"PACK_DOC_ITEM\":1,\"POSTING_KEY\":\"86\",\"PROFIT_CTR\":\"8031\",\"REF_KEY_3\":\"2111090000003174\",\"SP_GL_IND\":\"\",\"TAX_CODE\":\"JI\",\"VENDOR_NO\":\"0000200111\"}],\"PACK_DOC_NO\":\"2111100000001605\",\"PSTNG_DATE\":\"20211110\",\"REF_DOC_NO\":\"2111090000003174\",\"UPDATE_MOD\":\"A\"}','[{\"FIELD\":\"2111100000001605\",\"ID\":\"YH\",\"LOG_MSG_NO\":\"\",\"LOG_NO\":\"\",\"MESSAGE\":\"数据写入成功\",\"MESSAGE_V1\":\"\",\"MESSAGE_V2\":\"\",\"MESSAGE_V3\":\"\",\"MESSAGE_V4\":\"\",\"NUMBER\":\"000\",\"PARAMETER\":\"\",\"ROW\":\"\",\"SYSTEM\":\"\",\"TYPE\":\"S\"}]',1,1,NULL,1,NULL,0,21000,0,NULL,NULL,NULL,'2021-11-11 04:06:02','2021-11-11 04:06:02','172.16.4.240',NULL,NULL,NULL,NULL,0),(2111110000004699,'2111100000001608','{\"BUSS_DOC_NO\":\"2111100000000559\",\"BUSS_DOC_TYPE\":\"费用单\",\"BUSS_SYS\":\"MY1233\",\"COMP_CODE\":\"8031\",\"CREATED_AT\":\"20211110191246\",\"CURRENCY\":\"CNY\",\"DOC_DATE\":\"20211110\",\"DOC_TYPE\":\"AB\",\"EXCH_RATE\":1.00,\"FISC_YEAR\":\"2021\",\"HEADER_TXT\":\"供应商扣款费用发票核销2021-11-10\",\"ITEM\":[{\"ACCOUNT_TYPE\":\"S\",\"CS_TRANS_T\":\"\",\"DOC_CURR_AMT\":88.50,\"DR_CR_IND\":\"H\",\"GL_ACCOUNT\":\"6401080000\",\"ITEM_TEXT\":\"供应商扣款费用发票核销2021-11-10\",\"LOC_CURR_AMT\":88.50,\"PACK_DOC_ITEM\":2,\"POSTING_KEY\":\"96\",\"PROFIT_CTR\":\"8031\",\"REF_KEY_3\":\"2111100000000559\",\"SP_GL_IND\":\"\",\"TAX_CODE\":\"JI\",\"VENDOR_NO\":\"0000200111\"},{\"ACCOUNT_TYPE\":\"S\",\"CS_TRANS_T\":\"\",\"DOC_CURR_AMT\":88.50,\"DR_CR_IND\":\"S\",\"GL_ACCOUNT\":\"2202030200\",\"ITEM_TEXT\":\"供应商扣款费用发票核销2021-11-10\",\"LOC_CURR_AMT\":88.50,\"PACK_DOC_ITEM\":1,\"POSTING_KEY\":\"86\",\"PROFIT_CTR\":\"8031\",\"REF_KEY_3\":\"2111100000000559\",\"SP_GL_IND\":\"\",\"TAX_CODE\":\"JI\",\"VENDOR_NO\":\"0000200111\"}],\"PACK_DOC_NO\":\"2111100000001608\",\"PSTNG_DATE\":\"20211110\",\"REF_DOC_NO\":\"2111100000000559\",\"UPDATE_MOD\":\"A\"}','[{\"FIELD\":\"2111100000001608\",\"ID\":\"YH\",\"LOG_MSG_NO\":\"\",\"LOG_NO\":\"\",\"MESSAGE\":\"数据写入成功\",\"MESSAGE_V1\":\"\",\"MESSAGE_V2\":\"\",\"MESSAGE_V3\":\"\",\"MESSAGE_V4\":\"\",\"NUMBER\":\"000\",\"PARAMETER\":\"\",\"ROW\":\"\",\"SYSTEM\":\"\",\"TYPE\":\"S\"}]',1,1,NULL,1,NULL,0,21000,0,NULL,NULL,NULL,'2021-11-11 04:06:02','2021-11-11 04:06:02','172.16.4.240',NULL,NULL,NULL,NULL,0),(2111120000001171,'2111110000009721','{\"BUSS_DOC_NO\":\"DZ2111090000000120\",\"BUSS_DOC_TYPE\":\"票核单\",\"BUSS_SYS\":\"MY1233\",\"COMP_CODE\":\"8031\",\"CREATED_AT\":\"20211111183820\",\"CURRENCY\":\"CNY\",\"DOC_DATE\":\"20211111\",\"DOC_TYPE\":\"KR\",\"EXCH_RATE\":1.00,\"FISC_YEAR\":\"2021\",\"HEADER_TXT\":\"采购发票核销2021-11-11\",\"ITEM\":[{\"ACCOUNT_TYPE\":\"S\",\"CS_TRANS_T\":\"\",\"DOC_CURR_AMT\":1594.34,\"DR_CR_IND\":\"H\",\"GL_ACCOUNT\":\"2202010000\",\"ITEM_TEXT\":\"采购发票核销2021-11-11\",\"LOC_CURR_AMT\":1594.34,\"PACK_DOC_ITEM\":3,\"POSTING_KEY\":\"96\",\"PROFIT_CTR\":\"8031\",\"REF_KEY_3\":\"DZ2111090000000120\",\"SP_GL_IND\":\"\",\"TAX_CODE\":\"J1\",\"VENDOR_NO\":\"0000200111\"},{\"ACCOUNT_TYPE\":\"S\",\"CS_TRANS_T\":\"\",\"DOC_CURR_AMT\":95.66,\"DR_CR_IND\":\"S\",\"GL_ACCOUNT\":\"2221010102\",\"ITEM_TEXT\":\"采购发票核销2021-11-11\",\"LOC_CURR_AMT\":95.66,\"PACK_DOC_ITEM\":2,\"POSTING_KEY\":\"40\",\"PROFIT_CTR\":\"8031\",\"REF_KEY_3\":\"DZ2111090000000120\",\"SP_GL_IND\":\"\",\"TAX_CODE\":\"J1\",\"VENDOR_NO\":\"0000200111\"},{\"ACCOUNT_TYPE\":\"S\",\"CS_TRANS_T\":\" \",\"DOC_CURR_AMT\":1498.68,\"DR_CR_IND\":\"S\",\"GL_ACCOUNT\":\"2202030100\",\"ITEM_TEXT\":\"采购发票核销2021-11-11\",\"LOC_CURR_AMT\":1498.68,\"PACK_DOC_ITEM\":1,\"POSTING_KEY\":\"86\",\"PROFIT_CTR\":\"8031\",\"REF_KEY_3\":\"DZ2111090000000120\",\"SP_GL_IND\":\"\",\"TAX_CODE\":\"J1\",\"VENDOR_NO\":\"0000200111\"}],\"PACK_DOC_NO\":\"2111110000009721\",\"PSTNG_DATE\":\"20211111\",\"REF_DOC_NO\":\"DZ2111090000000120\",\"UPDATE_MOD\":\"A\"}','{\"FIELD\":\"2111110000009721\",\"ID\":\"ZYH_001\",\"LOG_MSG_NO\":\"\",\"LOG_NO\":\"\",\"MESSAGE\":\"对于损益类科目，段为必输项.请检查商品主数据或成本中心主数据.\",\"MESSAGE_V1\":\"\",\"MESSAGE_V2\":\"\",\"MESSAGE_V3\":\"\",\"MESSAGE_V4\":\"\",\"NUMBER\":\"901\",\"PARAMETER\":\"\",\"ROW\":\"\",\"SYSTEM\":\"\",\"TYPE\":\"E\"}',1,1,1,1,'科目 2202010000 (公司代码 8031 )不能直接记帐,对于损益类科目，段为必输项.请检查商品主数据或成本中心主数据.',0,21000,0,NULL,NULL,NULL,'2021-11-12 05:00:43','2021-11-12 05:00:43','172.16.5.155',NULL,NULL,NULL,'2021-11-12 05:38:52',0),(2111120000001172,'2111110000009729','{\"BUSS_DOC_NO\":\"DZ2110260000001874\",\"BUSS_DOC_TYPE\":\"票核单\",\"BUSS_SYS\":\"MY1233\",\"COMP_CODE\":\"8031\",\"CREATED_AT\":\"20211111184640\",\"CURRENCY\":\"CNY\",\"DOC_DATE\":\"20211111\",\"DOC_TYPE\":\"KR\",\"EXCH_RATE\":1.00,\"FISC_YEAR\":\"2021\",\"HEADER_TXT\":\"采购发票核销2021-11-11\",\"ITEM\":[{\"ACCOUNT_TYPE\":\"S\",\"CS_TRANS_T\":\"\",\"DOC_CURR_AMT\":190476.20,\"DR_CR_IND\":\"H\",\"GL_ACCOUNT\":\"2202010000\",\"ITEM_TEXT\":\"采购发票核销2021-11-11\",\"LOC_CURR_AMT\":190476.20,\"PACK_DOC_ITEM\":3,\"POSTING_KEY\":\"96\",\"PROFIT_CTR\":\"8031\",\"REF_KEY_3\":\"DZ2110260000001874\",\"SP_GL_IND\":\"\",\"TAX_CODE\":\"JH\",\"VENDOR_NO\":\"0000200111\"},{\"ACCOUNT_TYPE\":\"S\",\"CS_TRANS_T\":\"\",\"DOC_CURR_AMT\":4761.90,\"DR_CR_IND\":\"S\",\"GL_ACCOUNT\":\"2221010130\",\"ITEM_TEXT\":\"采购发票核销2021-11-11\",\"LOC_CURR_AMT\":4761.90,\"PACK_DOC_ITEM\":2,\"POSTING_KEY\":\"40\",\"PROFIT_CTR\":\"8031\",\"REF_KEY_3\":\"DZ2110260000001874\",\"SP_GL_IND\":\"\",\"TAX_CODE\":\"JH\",\"VENDOR_NO\":\"0000200111\"},{\"ACCOUNT_TYPE\":\"S\",\"CS_TRANS_T\":\" \",\"DOC_CURR_AMT\":180952.40,\"DR_CR_IND\":\"S\",\"GL_ACCOUNT\":\"2202030100\",\"ITEM_TEXT\":\"采购发票核销2021-11-11\",\"LOC_CURR_AMT\":180952.40,\"PACK_DOC_ITEM\":1,\"POSTING_KEY\":\"86\",\"PROFIT_CTR\":\"8031\",\"REF_KEY_3\":\"DZ2110260000001874\",\"SP_GL_IND\":\"\",\"TAX_CODE\":\"JH\",\"VENDOR_NO\":\"0000200111\"},{\"ACCOUNT_TYPE\":\"S\",\"CS_TRANS_T\":\"\",\"DOC_CURR_AMT\":4761.90,\"DR_CR_IND\":\"S\",\"GL_ACCOUNT\":\"2221010128\",\"ITEM_TEXT\":\"采购发票核销2021-11-11\",\"LOC_CURR_AMT\":4761.90,\"PACK_DOC_ITEM\":2,\"POSTING_KEY\":\"40\",\"PROFIT_CTR\":\"8031\",\"REF_KEY_3\":\"DZ2110260000001874\",\"SP_GL_IND\":\"\",\"TAX_CODE\":\"JF\",\"VENDOR_NO\":\"0000200111\"}],\"PACK_DOC_NO\":\"2111110000009729\",\"PSTNG_DATE\":\"20211111\",\"REF_DOC_NO\":\"DZ2110260000001874\",\"UPDATE_MOD\":\"A\"}','{\"FIELD\":\"2111110000009729\",\"ID\":\"ZYH_001\",\"LOG_MSG_NO\":\"\",\"LOG_NO\":\"\",\"MESSAGE\":\"对于损益类科目，段为必输项.请检查商品主数据或成本中心主数据.\",\"MESSAGE_V1\":\"\",\"MESSAGE_V2\":\"\",\"MESSAGE_V3\":\"\",\"MESSAGE_V4\":\"\",\"NUMBER\":\"901\",\"PARAMETER\":\"\",\"ROW\":\"\",\"SYSTEM\":\"\",\"TYPE\":\"E\"}',1,1,1,1,'科目 2202010000 (公司代码 8031 )不能直接记帐,对于损益类科目，段为必输项.请检查商品主数据或成本中心主数据.',0,21000,0,NULL,NULL,NULL,'2021-11-12 05:00:43','2021-11-12 05:00:43','172.16.5.155',NULL,NULL,NULL,'2021-11-12 05:44:45',0),(2111120000001173,'2111120000000992','{\"BUSS_DOC_NO\":\"DZ2111080000002370\",\"BUSS_DOC_TYPE\":\"票核单\",\"BUSS_SYS\":\"MY1233\",\"COMP_CODE\":\"8031\",\"CREATED_AT\":\"20211112104038\",\"CURRENCY\":\"CNY\",\"DOC_DATE\":\"20211112\",\"DOC_TYPE\":\"KR\",\"EXCH_RATE\":1.00,\"FISC_YEAR\":\"2021\",\"HEADER_TXT\":\"采购发票核销2021-11-12\",\"ITEM\":[{\"ACCOUNT_TYPE\":\"S\",\"CS_TRANS_T\":\"\",\"DOC_CURR_AMT\":205.78,\"DR_CR_IND\":\"H\",\"GL_ACCOUNT\":\"2202010000\",\"ITEM_TEXT\":\"采购发票核销2021-11-12\",\"LOC_CURR_AMT\":205.78,\"PACK_DOC_ITEM\":3,\"POSTING_KEY\":\"96\",\"PROFIT_CTR\":\"8031\",\"REF_KEY_3\":\"DZ2111080000002370\",\"SP_GL_IND\":\"\",\"TAX_CODE\":\"J0\",\"VENDOR_NO\":\"0000200111\"},{\"ACCOUNT_TYPE\":\"S\",\"CS_TRANS_T\":\"\",\"DOC_CURR_AMT\":0.27,\"DR_CR_IND\":\"S\",\"GL_ACCOUNT\":\"\",\"ITEM_TEXT\":\"采购发票核销2021-11-12\",\"LOC_CURR_AMT\":0.27,\"PACK_DOC_ITEM\":2,\"POSTING_KEY\":\"40\",\"PROFIT_CTR\":\"8031\",\"REF_KEY_3\":\"DZ2111080000002370\",\"SP_GL_IND\":\"\",\"TAX_CODE\":\"J0\",\"VENDOR_NO\":\"0000200111\"},{\"ACCOUNT_TYPE\":\"S\",\"CS_TRANS_T\":\" \",\"DOC_CURR_AMT\":192.56,\"DR_CR_IND\":\"S\",\"GL_ACCOUNT\":\"2202030100\",\"ITEM_TEXT\":\"采购发票核销2021-11-12\",\"LOC_CURR_AMT\":192.56,\"PACK_DOC_ITEM\":1,\"POSTING_KEY\":\"86\",\"PROFIT_CTR\":\"8031\",\"REF_KEY_3\":\"DZ2111080000002370\",\"SP_GL_IND\":\"\",\"TAX_CODE\":\"J0\",\"VENDOR_NO\":\"0000200111\"},{\"ACCOUNT_TYPE\":\"S\",\"CS_TRANS_T\":\"\",\"DOC_CURR_AMT\":2.60,\"DR_CR_IND\":\"S\",\"GL_ACCOUNT\":\"2221010130\",\"ITEM_TEXT\":\"采购发票核销2021-11-12\",\"LOC_CURR_AMT\":2.60,\"PACK_DOC_ITEM\":2,\"POSTING_KEY\":\"40\",\"PROFIT_CTR\":\"8031\",\"REF_KEY_3\":\"DZ2111080000002370\",\"SP_GL_IND\":\"\",\"TAX_CODE\":\"JH\",\"VENDOR_NO\":\"0000200111\"},{\"ACCOUNT_TYPE\":\"S\",\"CS_TRANS_T\":\"\",\"DOC_CURR_AMT\":10.35,\"DR_CR_IND\":\"S\",\"GL_ACCOUNT\":\"2221010128\",\"ITEM_TEXT\":\"采购发票核销2021-11-12\",\"LOC_CURR_AMT\":10.35,\"PACK_DOC_ITEM\":2,\"POSTING_KEY\":\"40\",\"PROFIT_CTR\":\"8031\",\"REF_KEY_3\":\"DZ2111080000002370\",\"SP_GL_IND\":\"\",\"TAX_CODE\":\"JF\",\"VENDOR_NO\":\"0000200111\"}],\"PACK_DOC_NO\":\"2111120000000992\",\"PSTNG_DATE\":\"20211112\",\"REF_DOC_NO\":\"DZ2111080000002370\",\"UPDATE_MOD\":\"A\"}','[{\"FIELD\":\"2111120000000992\",\"ID\":\"YH\",\"LOG_MSG_NO\":\"\",\"LOG_NO\":\"\",\"MESSAGE\":\"数据写入成功\",\"MESSAGE_V1\":\"\",\"MESSAGE_V2\":\"\",\"MESSAGE_V3\":\"\",\"MESSAGE_V4\":\"\",\"NUMBER\":\"000\",\"PARAMETER\":\"\",\"ROW\":\"\",\"SYSTEM\":\"\",\"TYPE\":\"S\"}]',1,1,NULL,1,NULL,0,21000,0,NULL,NULL,NULL,'2021-11-12 05:00:43','2021-11-12 05:00:43','172.16.5.155',NULL,NULL,NULL,NULL,0),(2111120000001174,'2111120000001023','{\"BUSS_DOC_NO\":\"DZ2111090000001356\",\"BUSS_DOC_TYPE\":\"票核单\",\"BUSS_SYS\":\"MY1233\",\"COMP_CODE\":\"8031\",\"CREATED_AT\":\"20211112105507\",\"CURRENCY\":\"CNY\",\"DOC_DATE\":\"20211112\",\"DOC_TYPE\":\"KR\",\"EXCH_RATE\":1.00,\"FISC_YEAR\":\"2021\",\"HEADER_TXT\":\"采购发票核销2021-11-12\",\"ITEM\":[{\"ACCOUNT_TYPE\":\"S\",\"CS_TRANS_T\":\"\",\"DOC_CURR_AMT\":2615.78,\"DR_CR_IND\":\"H\",\"GL_ACCOUNT\":\"2202010000\",\"ITEM_TEXT\":\"采购发票核销2021-11-12\",\"LOC_CURR_AMT\":2615.78,\"PACK_DOC_ITEM\":3,\"POSTING_KEY\":\"96\",\"PROFIT_CTR\":\"8031\",\"REF_KEY_3\":\"DZ2111090000001356\",\"SP_GL_IND\":\"\",\"TAX_CODE\":\"JJ\",\"VENDOR_NO\":\"0000200111\"},{\"ACCOUNT_TYPE\":\"S\",\"CS_TRANS_T\":\"\",\"DOC_CURR_AMT\":78.47,\"DR_CR_IND\":\"S\",\"GL_ACCOUNT\":\"2221010132\",\"ITEM_TEXT\":\"采购发票核销2021-11-12\",\"LOC_CURR_AMT\":78.47,\"PACK_DOC_ITEM\":2,\"POSTING_KEY\":\"40\",\"PROFIT_CTR\":\"8031\",\"REF_KEY_3\":\"DZ2111090000001356\",\"SP_GL_IND\":\"\",\"TAX_CODE\":\"JJ\",\"VENDOR_NO\":\"0000200111\"},{\"ACCOUNT_TYPE\":\"S\",\"CS_TRANS_T\":\" \",\"DOC_CURR_AMT\":2537.31,\"DR_CR_IND\":\"S\",\"GL_ACCOUNT\":\"2202030100\",\"ITEM_TEXT\":\"采购发票核销2021-11-12\",\"LOC_CURR_AMT\":2537.31,\"PACK_DOC_ITEM\":1,\"POSTING_KEY\":\"86\",\"PROFIT_CTR\":\"8031\",\"REF_KEY_3\":\"DZ2111090000001356\",\"SP_GL_IND\":\"\",\"TAX_CODE\":\"JJ\",\"VENDOR_NO\":\"0000200111\"}],\"PACK_DOC_NO\":\"2111120000001023\",\"PSTNG_DATE\":\"20211112\",\"REF_DOC_NO\":\"DZ2111090000001356\",\"UPDATE_MOD\":\"A\"}','[{\"FIELD\":\"2111120000001023\",\"ID\":\"YH\",\"LOG_MSG_NO\":\"\",\"LOG_NO\":\"\",\"MESSAGE\":\"数据写入成功\",\"MESSAGE_V1\":\"\",\"MESSAGE_V2\":\"\",\"MESSAGE_V3\":\"\",\"MESSAGE_V4\":\"\",\"NUMBER\":\"000\",\"PARAMETER\":\"\",\"ROW\":\"\",\"SYSTEM\":\"\",\"TYPE\":\"S\"}]',1,1,NULL,1,NULL,0,21000,0,NULL,NULL,NULL,'2021-11-12 05:00:43','2021-11-12 05:00:43','172.16.5.155',NULL,NULL,NULL,NULL,0),(2111120000001663,'2111120000001395','{\"BUSS_DOC_NO\":\"2111090000001558\",\"BUSS_DOC_TYPE\":\"费用单\",\"BUSS_SYS\":\"MY1233\",\"COMP_CODE\":\"8031\",\"CREATED_AT\":\"20211112135750\",\"CURRENCY\":\"CNY\",\"DOC_DATE\":\"20211112\",\"DOC_TYPE\":\"AB\",\"EXCH_RATE\":1.00,\"FISC_YEAR\":\"2021\",\"HEADER_TXT\":\"供应商扣款费用发票核销2021-11-12\",\"ITEM\":[{\"ACCOUNT_TYPE\":\"S\",\"CS_TRANS_T\":\"\",\"DOC_CURR_AMT\":99.02,\"DR_CR_IND\":\"H\",\"GL_ACCOUNT\":\"6401080000\",\"ITEM_TEXT\":\"供应商扣款费用发票核销2021-11-12\",\"LOC_CURR_AMT\":99.02,\"PACK_DOC_ITEM\":2,\"POSTING_KEY\":\"96\",\"PROFIT_CTR\":\"8031\",\"REF_KEY_3\":\"2111090000001558\",\"SP_GL_IND\":\"\",\"TAX_CODE\":\"JI\",\"VENDOR_NO\":\"0000200111\"},{\"ACCOUNT_TYPE\":\"S\",\"CS_TRANS_T\":\"\",\"DOC_CURR_AMT\":99.02,\"DR_CR_IND\":\"S\",\"GL_ACCOUNT\":\"2202030200\",\"ITEM_TEXT\":\"供应商扣款费用发票核销2021-11-12\",\"LOC_CURR_AMT\":99.02,\"PACK_DOC_ITEM\":1,\"POSTING_KEY\":\"86\",\"PROFIT_CTR\":\"8031\",\"REF_KEY_3\":\"2111090000001558\",\"SP_GL_IND\":\"\",\"TAX_CODE\":\"JI\",\"VENDOR_NO\":\"0000200111\"}],\"PACK_DOC_NO\":\"2111120000001395\",\"PSTNG_DATE\":\"20211112\",\"REF_DOC_NO\":\"2111090000001558\",\"UPDATE_MOD\":\"A\"}','{\"FIELD\":\"2111120000001395\",\"ID\":\"ZYH_001\",\"LOG_MSG_NO\":\"\",\"LOG_NO\":\"\",\"MESSAGE\":\"对于损益类科目，段为必输项.请检查商品主数据或成本中心主数据.\",\"MESSAGE_V1\":\"\",\"MESSAGE_V2\":\"\",\"MESSAGE_V3\":\"\",\"MESSAGE_V4\":\"\",\"NUMBER\":\"901\",\"PARAMETER\":\"\",\"ROW\":\"\",\"SYSTEM\":\"\",\"TYPE\":\"E\"}',1,1,1,1,'科目 6401080000 要求一个成本会计分配,对于损益类科目，段为必输项.请检查商品主数据或成本中心主数据.',0,21000,0,NULL,NULL,NULL,'2021-11-12 06:11:41','2021-11-12 06:11:40','172.16.5.155',NULL,NULL,NULL,'2021-11-12 06:12:34',0),(2111120000001664,'2111120000001398','{\"BUSS_DOC_NO\":\"2111090000002148\",\"BUSS_DOC_TYPE\":\"费用单\",\"BUSS_SYS\":\"MY1233\",\"COMP_CODE\":\"8031\",\"CREATED_AT\":\"20211112135750\",\"CURRENCY\":\"CNY\",\"DOC_DATE\":\"20211112\",\"DOC_TYPE\":\"AB\",\"EXCH_RATE\":1.00,\"FISC_YEAR\":\"2021\",\"HEADER_TXT\":\"供应商扣款费用发票核销2021-11-12\",\"ITEM\":[{\"ACCOUNT_TYPE\":\"S\",\"CS_TRANS_T\":\"\",\"DOC_CURR_AMT\":99.02,\"DR_CR_IND\":\"H\",\"GL_ACCOUNT\":\"6401080000\",\"ITEM_TEXT\":\"供应商扣款费用发票核销2021-11-12\",\"LOC_CURR_AMT\":99.02,\"PACK_DOC_ITEM\":2,\"POSTING_KEY\":\"96\",\"PROFIT_CTR\":\"8031\",\"REF_KEY_3\":\"2111090000002148\",\"SP_GL_IND\":\"\",\"TAX_CODE\":\"JI\",\"VENDOR_NO\":\"0000200111\"},{\"ACCOUNT_TYPE\":\"S\",\"CS_TRANS_T\":\"\",\"DOC_CURR_AMT\":99.02,\"DR_CR_IND\":\"S\",\"GL_ACCOUNT\":\"2202030200\",\"ITEM_TEXT\":\"供应商扣款费用发票核销2021-11-12\",\"LOC_CURR_AMT\":99.02,\"PACK_DOC_ITEM\":1,\"POSTING_KEY\":\"86\",\"PROFIT_CTR\":\"8031\",\"REF_KEY_3\":\"2111090000002148\",\"SP_GL_IND\":\"\",\"TAX_CODE\":\"JI\",\"VENDOR_NO\":\"0000200111\"}],\"PACK_DOC_NO\":\"2111120000001398\",\"PSTNG_DATE\":\"20211112\",\"REF_DOC_NO\":\"2111090000002148\",\"UPDATE_MOD\":\"A\"}','{\"FIELD\":\"2111120000001398\",\"ID\":\"ZYH_001\",\"LOG_MSG_NO\":\"\",\"LOG_NO\":\"\",\"MESSAGE\":\"对于损益类科目，段为必输项.请检查商品主数据或成本中心主数据.\",\"MESSAGE_V1\":\"\",\"MESSAGE_V2\":\"\",\"MESSAGE_V3\":\"\",\"MESSAGE_V4\":\"\",\"NUMBER\":\"901\",\"PARAMETER\":\"\",\"ROW\":\"\",\"SYSTEM\":\"\",\"TYPE\":\"E\"}',1,1,1,1,'科目 6401080000 要求一个成本会计分配,对于损益类科目，段为必输项.请检查商品主数据或成本中心主数据.',0,21000,0,NULL,NULL,NULL,'2021-11-12 06:11:41','2021-11-12 06:11:40','172.16.5.155',NULL,NULL,NULL,'2021-11-12 06:15:35',0),(2111120000001665,'2111120000001401','{\"BUSS_DOC_NO\":\"2111090000002164\",\"BUSS_DOC_TYPE\":\"费用单\",\"BUSS_SYS\":\"MY1233\",\"COMP_CODE\":\"8031\",\"CREATED_AT\":\"20211112135750\",\"CURRENCY\":\"CNY\",\"DOC_DATE\":\"20211112\",\"DOC_TYPE\":\"AB\",\"EXCH_RATE\":1.00,\"FISC_YEAR\":\"2021\",\"HEADER_TXT\":\"供应商扣款费用发票核销2021-11-12\",\"ITEM\":[{\"ACCOUNT_TYPE\":\"S\",\"CS_TRANS_T\":\"\",\"DOC_CURR_AMT\":97.10,\"DR_CR_IND\":\"H\",\"GL_ACCOUNT\":\"6401080000\",\"ITEM_TEXT\":\"供应商扣款费用发票核销2021-11-12\",\"LOC_CURR_AMT\":97.10,\"PACK_DOC_ITEM\":2,\"POSTING_KEY\":\"96\",\"PROFIT_CTR\":\"8031\",\"REF_KEY_3\":\"2111090000002164\",\"SP_GL_IND\":\"\",\"TAX_CODE\":\"JJ\",\"VENDOR_NO\":\"0000200111\"},{\"ACCOUNT_TYPE\":\"S\",\"CS_TRANS_T\":\"\",\"DOC_CURR_AMT\":97.10,\"DR_CR_IND\":\"S\",\"GL_ACCOUNT\":\"2202030200\",\"ITEM_TEXT\":\"供应商扣款费用发票核销2021-11-12\",\"LOC_CURR_AMT\":97.10,\"PACK_DOC_ITEM\":1,\"POSTING_KEY\":\"86\",\"PROFIT_CTR\":\"8031\",\"REF_KEY_3\":\"2111090000002164\",\"SP_GL_IND\":\"\",\"TAX_CODE\":\"JJ\",\"VENDOR_NO\":\"0000200111\"}],\"PACK_DOC_NO\":\"2111120000001401\",\"PSTNG_DATE\":\"20211112\",\"REF_DOC_NO\":\"2111090000002164\",\"UPDATE_MOD\":\"A\"}','[{\"FIELD\":\"2111120000001401\",\"ID\":\"YH\",\"LOG_MSG_NO\":\"\",\"LOG_NO\":\"\",\"MESSAGE\":\"数据写入成功\",\"MESSAGE_V1\":\"\",\"MESSAGE_V2\":\"\",\"MESSAGE_V3\":\"\",\"MESSAGE_V4\":\"\",\"NUMBER\":\"000\",\"PARAMETER\":\"\",\"ROW\":\"\",\"SYSTEM\":\"\",\"TYPE\":\"S\"}]',1,1,NULL,1,NULL,0,21000,0,NULL,NULL,NULL,'2021-11-12 06:11:41','2021-11-12 06:11:40','172.16.5.155',NULL,NULL,NULL,NULL,0),(2111120000001666,'2111120000001404','{\"BUSS_DOC_NO\":\"2111090000002169\",\"BUSS_DOC_TYPE\":\"费用单\",\"BUSS_SYS\":\"MY1233\",\"COMP_CODE\":\"8031\",\"CREATED_AT\":\"20211112135750\",\"CURRENCY\":\"CNY\",\"DOC_DATE\":\"20211112\",\"DOC_TYPE\":\"AB\",\"EXCH_RATE\":1.00,\"FISC_YEAR\":\"2021\",\"HEADER_TXT\":\"供应商扣款费用发票核销2021-11-12\",\"ITEM\":[{\"ACCOUNT_TYPE\":\"S\",\"CS_TRANS_T\":\"\",\"DOC_CURR_AMT\":99.02,\"DR_CR_IND\":\"H\",\"GL_ACCOUNT\":\"6401080000\",\"ITEM_TEXT\":\"供应商扣款费用发票核销2021-11-12\",\"LOC_CURR_AMT\":99.02,\"PACK_DOC_ITEM\":2,\"POSTING_KEY\":\"96\",\"PROFIT_CTR\":\"8031\",\"REF_KEY_3\":\"2111090000002169\",\"SP_GL_IND\":\"\",\"TAX_CODE\":\"JI\",\"VENDOR_NO\":\"0000200111\"},{\"ACCOUNT_TYPE\":\"S\",\"CS_TRANS_T\":\"\",\"DOC_CURR_AMT\":99.02,\"DR_CR_IND\":\"S\",\"GL_ACCOUNT\":\"2202030200\",\"ITEM_TEXT\":\"供应商扣款费用发票核销2021-11-12\",\"LOC_CURR_AMT\":99.02,\"PACK_DOC_ITEM\":1,\"POSTING_KEY\":\"86\",\"PROFIT_CTR\":\"8031\",\"REF_KEY_3\":\"2111090000002169\",\"SP_GL_IND\":\"\",\"TAX_CODE\":\"JI\",\"VENDOR_NO\":\"0000200111\"}],\"PACK_DOC_NO\":\"2111120000001404\",\"PSTNG_DATE\":\"20211112\",\"REF_DOC_NO\":\"2111090000002169\",\"UPDATE_MOD\":\"A\"}','[{\"FIELD\":\"2111120000001404\",\"ID\":\"YH\",\"LOG_MSG_NO\":\"\",\"LOG_NO\":\"\",\"MESSAGE\":\"数据写入成功\",\"MESSAGE_V1\":\"\",\"MESSAGE_V2\":\"\",\"MESSAGE_V3\":\"\",\"MESSAGE_V4\":\"\",\"NUMBER\":\"000\",\"PARAMETER\":\"\",\"ROW\":\"\",\"SYSTEM\":\"\",\"TYPE\":\"S\"}]',1,1,NULL,1,NULL,0,21000,0,NULL,NULL,NULL,'2021-11-12 06:11:41','2021-11-12 06:11:40','172.16.5.155',NULL,NULL,NULL,NULL,0),(2111120000001720,'2111120000001708','{\"BUSS_DOC_NO\":\"2111090000001558\",\"BUSS_DOC_TYPE\":\"费用单\",\"BUSS_SYS\":\"MY1233\",\"COMP_CODE\":\"8031\",\"CREATED_AT\":\"20211112150054\",\"CURRENCY\":\"CNY\",\"DOC_DATE\":\"20211112\",\"DOC_TYPE\":\"AB\",\"EXCH_RATE\":1.00,\"FISC_YEAR\":\"2021\",\"HEADER_TXT\":\"供应商扣款费用发票核销2021-11-12\",\"ITEM\":[{\"ACCOUNT_TYPE\":\"S\",\"COSTCENTER\":\"0080310130\",\"CS_TRANS_T\":\"\",\"DOC_CURR_AMT\":99.02,\"DR_CR_IND\":\"H\",\"GL_ACCOUNT\":\"6401080000\",\"ITEM_TEXT\":\"供应商扣款费用发票核销2021-11-12\",\"LOC_CURR_AMT\":99.02,\"PACK_DOC_ITEM\":2,\"POSTING_KEY\":\"96\",\"PROFIT_CTR\":\"8031\",\"REF_KEY_3\":\"2111090000001558\",\"SP_GL_IND\":\"\",\"TAX_CODE\":\"JI\",\"VENDOR_NO\":\"0000200111\"},{\"ACCOUNT_TYPE\":\"S\",\"COSTCENTER\":\"0080310130\",\"CS_TRANS_T\":\"\",\"DOC_CURR_AMT\":99.02,\"DR_CR_IND\":\"S\",\"GL_ACCOUNT\":\"2202030200\",\"ITEM_TEXT\":\"供应商扣款费用发票核销2021-11-12\",\"LOC_CURR_AMT\":99.02,\"PACK_DOC_ITEM\":1,\"POSTING_KEY\":\"86\",\"PROFIT_CTR\":\"8031\",\"REF_KEY_3\":\"2111090000001558\",\"SP_GL_IND\":\"\",\"TAX_CODE\":\"JI\",\"VENDOR_NO\":\"0000200111\"}],\"PACK_DOC_NO\":\"2111120000001708\",\"PSTNG_DATE\":\"20211112\",\"REF_DOC_NO\":\"2111090000001558\",\"UPDATE_MOD\":\"A\"}','{\"FIELD\":\"2111120000001708\",\"ID\":\"YH\",\"LOG_MSG_NO\":\"\",\"LOG_NO\":\"\",\"MESSAGE\":\"凭证过帐成功: BKPFF 010000001880312021 ECPCLNT800\",\"MESSAGE_V1\":\"\",\"MESSAGE_V2\":\"010000001880312021\",\"MESSAGE_V3\":\"\",\"MESSAGE_V4\":\"\",\"NUMBER\":\"001\",\"PARAMETER\":\"\",\"ROW\":\"\",\"SYSTEM\":\"\",\"TYPE\":\"S\"}',1,1,1,1,NULL,0,21000,0,NULL,NULL,NULL,'2021-11-12 07:02:59','2021-11-12 07:02:58','172.16.5.155',NULL,NULL,NULL,'2021-11-12 07:04:06',0),(2111120000001721,'2111120000001711','{\"BUSS_DOC_NO\":\"2111090000002148\",\"BUSS_DOC_TYPE\":\"费用单\",\"BUSS_SYS\":\"MY1233\",\"COMP_CODE\":\"8031\",\"CREATED_AT\":\"20211112150054\",\"CURRENCY\":\"CNY\",\"DOC_DATE\":\"20211112\",\"DOC_TYPE\":\"AB\",\"EXCH_RATE\":1.00,\"FISC_YEAR\":\"2021\",\"HEADER_TXT\":\"供应商扣款费用发票核销2021-11-12\",\"ITEM\":[{\"ACCOUNT_TYPE\":\"S\",\"COSTCENTER\":\"0080310130\",\"CS_TRANS_T\":\"\",\"DOC_CURR_AMT\":99.02,\"DR_CR_IND\":\"H\",\"GL_ACCOUNT\":\"6401080000\",\"ITEM_TEXT\":\"供应商扣款费用发票核销2021-11-12\",\"LOC_CURR_AMT\":99.02,\"PACK_DOC_ITEM\":2,\"POSTING_KEY\":\"96\",\"PROFIT_CTR\":\"8031\",\"REF_KEY_3\":\"2111090000002148\",\"SP_GL_IND\":\"\",\"TAX_CODE\":\"JI\",\"VENDOR_NO\":\"0000200111\"},{\"ACCOUNT_TYPE\":\"S\",\"COSTCENTER\":\"0080310130\",\"CS_TRANS_T\":\"\",\"DOC_CURR_AMT\":99.02,\"DR_CR_IND\":\"S\",\"GL_ACCOUNT\":\"2202030200\",\"ITEM_TEXT\":\"供应商扣款费用发票核销2021-11-12\",\"LOC_CURR_AMT\":99.02,\"PACK_DOC_ITEM\":1,\"POSTING_KEY\":\"86\",\"PROFIT_CTR\":\"8031\",\"REF_KEY_3\":\"2111090000002148\",\"SP_GL_IND\":\"\",\"TAX_CODE\":\"JI\",\"VENDOR_NO\":\"0000200111\"}],\"PACK_DOC_NO\":\"2111120000001711\",\"PSTNG_DATE\":\"20211112\",\"REF_DOC_NO\":\"2111090000002148\",\"UPDATE_MOD\":\"A\"}','{\"FIELD\":\"2111120000001711\",\"ID\":\"YH\",\"LOG_MSG_NO\":\"\",\"LOG_NO\":\"\",\"MESSAGE\":\"凭证过帐成功: BKPFF 010000002880312021 ECPCLNT800\",\"MESSAGE_V1\":\"\",\"MESSAGE_V2\":\"010000002880312021\",\"MESSAGE_V3\":\"\",\"MESSAGE_V4\":\"\",\"NUMBER\":\"001\",\"PARAMETER\":\"\",\"ROW\":\"\",\"SYSTEM\":\"\",\"TYPE\":\"S\"}',1,1,1,1,NULL,0,21000,0,NULL,NULL,NULL,'2021-11-12 07:02:59','2021-11-12 07:02:58','172.16.5.155',NULL,NULL,NULL,'2021-11-13 13:45:20',0),(2111120000001722,'2111120000001714','{\"BUSS_DOC_NO\":\"2111090000002164\",\"BUSS_DOC_TYPE\":\"费用单\",\"BUSS_SYS\":\"MY1233\",\"COMP_CODE\":\"8031\",\"CREATED_AT\":\"20211112150054\",\"CURRENCY\":\"CNY\",\"DOC_DATE\":\"20211112\",\"DOC_TYPE\":\"AB\",\"EXCH_RATE\":1.00,\"FISC_YEAR\":\"2021\",\"HEADER_TXT\":\"供应商扣款费用发票核销2021-11-12\",\"ITEM\":[{\"ACCOUNT_TYPE\":\"S\",\"COSTCENTER\":\"0080310130\",\"CS_TRANS_T\":\"\",\"DOC_CURR_AMT\":97.10,\"DR_CR_IND\":\"H\",\"GL_ACCOUNT\":\"6401080000\",\"ITEM_TEXT\":\"供应商扣款费用发票核销2021-11-12\",\"LOC_CURR_AMT\":97.10,\"PACK_DOC_ITEM\":2,\"POSTING_KEY\":\"96\",\"PROFIT_CTR\":\"8031\",\"REF_KEY_3\":\"2111090000002164\",\"SP_GL_IND\":\"\",\"TAX_CODE\":\"JJ\",\"VENDOR_NO\":\"0000200111\"},{\"ACCOUNT_TYPE\":\"S\",\"COSTCENTER\":\"0080310130\",\"CS_TRANS_T\":\"\",\"DOC_CURR_AMT\":97.10,\"DR_CR_IND\":\"S\",\"GL_ACCOUNT\":\"2202030200\",\"ITEM_TEXT\":\"供应商扣款费用发票核销2021-11-12\",\"LOC_CURR_AMT\":97.10,\"PACK_DOC_ITEM\":1,\"POSTING_KEY\":\"86\",\"PROFIT_CTR\":\"8031\",\"REF_KEY_3\":\"2111090000002164\",\"SP_GL_IND\":\"\",\"TAX_CODE\":\"JJ\",\"VENDOR_NO\":\"0000200111\"}],\"PACK_DOC_NO\":\"2111120000001714\",\"PSTNG_DATE\":\"20211112\",\"REF_DOC_NO\":\"2111090000002164\",\"UPDATE_MOD\":\"A\"}','{\"FIELD\":\"2111120000001714\",\"ID\":\"YH\",\"LOG_MSG_NO\":\"\",\"LOG_NO\":\"\",\"MESSAGE\":\"凭证过帐成功: BKPFF 010000002980312021 ECPCLNT800\",\"MESSAGE_V1\":\"\",\"MESSAGE_V2\":\"010000002980312021\",\"MESSAGE_V3\":\"\",\"MESSAGE_V4\":\"\",\"NUMBER\":\"001\",\"PARAMETER\":\"\",\"ROW\":\"\",\"SYSTEM\":\"\",\"TYPE\":\"S\"}',1,1,1,1,NULL,0,21000,0,NULL,NULL,NULL,'2021-11-12 07:02:59','2021-11-12 07:02:58','172.16.5.155',NULL,NULL,NULL,'2021-11-13 13:44:51',0),(2111120000001723,'2111120000001717','{\"BUSS_DOC_NO\":\"2111090000002169\",\"BUSS_DOC_TYPE\":\"费用单\",\"BUSS_SYS\":\"MY1233\",\"COMP_CODE\":\"8031\",\"CREATED_AT\":\"20211112150054\",\"CURRENCY\":\"CNY\",\"DOC_DATE\":\"20211112\",\"DOC_TYPE\":\"AB\",\"EXCH_RATE\":1.00,\"FISC_YEAR\":\"2021\",\"HEADER_TXT\":\"供应商扣款费用发票核销2021-11-12\",\"ITEM\":[{\"ACCOUNT_TYPE\":\"S\",\"COSTCENTER\":\"0080310130\",\"CS_TRANS_T\":\"\",\"DOC_CURR_AMT\":99.02,\"DR_CR_IND\":\"H\",\"GL_ACCOUNT\":\"6401080000\",\"ITEM_TEXT\":\"供应商扣款费用发票核销2021-11-12\",\"LOC_CURR_AMT\":99.02,\"PACK_DOC_ITEM\":2,\"POSTING_KEY\":\"96\",\"PROFIT_CTR\":\"8031\",\"REF_KEY_3\":\"2111090000002169\",\"SP_GL_IND\":\"\",\"TAX_CODE\":\"JI\",\"VENDOR_NO\":\"0000200111\"},{\"ACCOUNT_TYPE\":\"S\",\"COSTCENTER\":\"0080310130\",\"CS_TRANS_T\":\"\",\"DOC_CURR_AMT\":99.02,\"DR_CR_IND\":\"S\",\"GL_ACCOUNT\":\"2202030200\",\"ITEM_TEXT\":\"供应商扣款费用发票核销2021-11-12\",\"LOC_CURR_AMT\":99.02,\"PACK_DOC_ITEM\":1,\"POSTING_KEY\":\"86\",\"PROFIT_CTR\":\"8031\",\"REF_KEY_3\":\"2111090000002169\",\"SP_GL_IND\":\"\",\"TAX_CODE\":\"JI\",\"VENDOR_NO\":\"0000200111\"}],\"PACK_DOC_NO\":\"2111120000001717\",\"PSTNG_DATE\":\"20211112\",\"REF_DOC_NO\":\"2111090000002169\",\"UPDATE_MOD\":\"A\"}','{\"FIELD\":\"2111120000001717\",\"ID\":\"YH\",\"LOG_MSG_NO\":\"\",\"LOG_NO\":\"\",\"MESSAGE\":\"凭证过帐成功: BKPFF 010000003080312021 ECPCLNT800\",\"MESSAGE_V1\":\"\",\"MESSAGE_V2\":\"010000003080312021\",\"MESSAGE_V3\":\"\",\"MESSAGE_V4\":\"\",\"NUMBER\":\"001\",\"PARAMETER\":\"\",\"ROW\":\"\",\"SYSTEM\":\"\",\"TYPE\":\"S\"}',1,1,1,1,NULL,0,21000,0,NULL,NULL,NULL,'2021-11-12 07:02:59','2021-11-12 07:02:58','172.16.5.155',NULL,NULL,NULL,'2021-11-13 13:44:26',0),(2111120000001740,'2111120000001732','{\"BUSS_DOC_NO\":\"2111090000002197\",\"BUSS_DOC_TYPE\":\"费用单\",\"BUSS_SYS\":\"MY1233\",\"COMP_CODE\":\"8031\",\"CREATED_AT\":\"20211112151352\",\"CURRENCY\":\"CNY\",\"DOC_DATE\":\"20211112\",\"DOC_TYPE\":\"AB\",\"EXCH_RATE\":1.00,\"FISC_YEAR\":\"2021\",\"HEADER_TXT\":\"供应商无发票扣款2021-11-12\",\"ITEM\":[{\"ACCOUNT_TYPE\":\"S\",\"COSTCENTER\":\"0080310130\",\"CS_TRANS_T\":\"\",\"DOC_CURR_AMT\":100.01,\"DR_CR_IND\":\"H\",\"GL_ACCOUNT\":\"6301030000\",\"ITEM_TEXT\":\"供应商无发票扣款2021-11-12\",\"LOC_CURR_AMT\":100.01,\"PACK_DOC_ITEM\":2,\"POSTING_KEY\":\"50\",\"PROFIT_CTR\":\"8031\",\"REF_KEY_3\":\"2111090000002197\",\"SP_GL_IND\":\"\",\"TAX_CODE\":\"J0\",\"VENDOR_NO\":\"0000200111\"},{\"ACCOUNT_TYPE\":\"S\",\"COSTCENTER\":\"0080310130\",\"CS_TRANS_T\":\"\",\"DOC_CURR_AMT\":100.01,\"DR_CR_IND\":\"S\",\"GL_ACCOUNT\":\"2202010000\",\"ITEM_TEXT\":\"供应商无发票扣款2021-11-12\",\"LOC_CURR_AMT\":100.01,\"PACK_DOC_ITEM\":2,\"POSTING_KEY\":\"86\",\"PROFIT_CTR\":\"8031\",\"REF_KEY_3\":\"2111090000002197\",\"SP_GL_IND\":\"\",\"TAX_CODE\":\"J0\",\"VENDOR_NO\":\"0000200111\"}],\"PACK_DOC_NO\":\"2111120000001732\",\"PSTNG_DATE\":\"20211112\",\"REF_DOC_NO\":\"2111090000002197\",\"UPDATE_MOD\":\"A\"}','{\"FIELD\":\"2111120000001732\",\"ID\":\"ZYH_001\",\"LOG_MSG_NO\":\"\",\"LOG_NO\":\"\",\"MESSAGE\":\"对于损益类科目，段为必输项.请检查商品主数据或成本中心主数据.\",\"MESSAGE_V1\":\"\",\"MESSAGE_V2\":\"\",\"MESSAGE_V3\":\"\",\"MESSAGE_V4\":\"\",\"NUMBER\":\"901\",\"PARAMETER\":\"\",\"ROW\":\"\",\"SYSTEM\":\"\",\"TYPE\":\"E\"}',1,1,1,1,'科目 2202010000 (公司代码 8031 )不能直接记帐,不要将成本会计中的任一对象分配给科目2202010000,对于损益类科目，段为必输项.请检查商品主数据或成本中心主数据.',0,21000,0,NULL,NULL,NULL,'2021-11-12 07:14:18','2021-11-12 07:14:17','172.16.5.155',NULL,NULL,NULL,'2021-11-12 07:17:33',0),(2111120000001741,'2111120000001735','{\"BUSS_DOC_NO\":\"2111090000002201\",\"BUSS_DOC_TYPE\":\"费用单\",\"BUSS_SYS\":\"MY1233\",\"COMP_CODE\":\"8031\",\"CREATED_AT\":\"20211112151352\",\"CURRENCY\":\"CNY\",\"DOC_DATE\":\"20211112\",\"DOC_TYPE\":\"AB\",\"EXCH_RATE\":1.00,\"FISC_YEAR\":\"2021\",\"HEADER_TXT\":\"供应商无发票扣款2021-11-12\",\"ITEM\":[{\"ACCOUNT_TYPE\":\"S\",\"COSTCENTER\":\"0080310130\",\"CS_TRANS_T\":\"\",\"DOC_CURR_AMT\":100.01,\"DR_CR_IND\":\"H\",\"GL_ACCOUNT\":\"6301030000\",\"ITEM_TEXT\":\"供应商无发票扣款2021-11-12\",\"LOC_CURR_AMT\":100.01,\"PACK_DOC_ITEM\":2,\"POSTING_KEY\":\"50\",\"PROFIT_CTR\":\"8031\",\"REF_KEY_3\":\"2111090000002201\",\"SP_GL_IND\":\"\",\"TAX_CODE\":\"J0\",\"VENDOR_NO\":\"0000200111\"},{\"ACCOUNT_TYPE\":\"S\",\"COSTCENTER\":\"0080310130\",\"CS_TRANS_T\":\"\",\"DOC_CURR_AMT\":100.01,\"DR_CR_IND\":\"S\",\"GL_ACCOUNT\":\"2202010000\",\"ITEM_TEXT\":\"供应商无发票扣款2021-11-12\",\"LOC_CURR_AMT\":100.01,\"PACK_DOC_ITEM\":2,\"POSTING_KEY\":\"86\",\"PROFIT_CTR\":\"8031\",\"REF_KEY_3\":\"2111090000002201\",\"SP_GL_IND\":\"\",\"TAX_CODE\":\"J0\",\"VENDOR_NO\":\"0000200111\"}],\"PACK_DOC_NO\":\"2111120000001735\",\"PSTNG_DATE\":\"20211112\",\"REF_DOC_NO\":\"2111090000002201\",\"UPDATE_MOD\":\"A\"}','[{\"FIELD\":\"2111120000001735\",\"ID\":\"YH\",\"LOG_MSG_NO\":\"\",\"LOG_NO\":\"\",\"MESSAGE\":\"数据写入成功\",\"MESSAGE_V1\":\"\",\"MESSAGE_V2\":\"\",\"MESSAGE_V3\":\"\",\"MESSAGE_V4\":\"\",\"NUMBER\":\"000\",\"PARAMETER\":\"\",\"ROW\":\"\",\"SYSTEM\":\"\",\"TYPE\":\"S\"}]',1,1,NULL,1,NULL,0,21000,0,NULL,NULL,NULL,'2021-11-12 07:14:18','2021-11-12 07:14:17','172.16.5.155',NULL,NULL,NULL,NULL,0),(2111120000001975,'2111120000001970','{\"BUSS_DOC_NO\":\"TH2111080000001121\",\"BUSS_DOC_TYPE\":\"采购退货出库单\",\"BUSS_SYS\":\"MY1233\",\"COMP_CODE\":\"8031\",\"CREATED_AT\":\"20211112160615\",\"CURRENCY\":\"CNY\",\"DOC_DATE\":\"20211112\",\"DOC_TYPE\":\"AB\",\"EXCH_RATE\":1.00,\"FISC_YEAR\":\"2021\",\"HEADER_TXT\":\"采购退货2021-11-12\",\"ITEM\":[{\"ACCOUNT_TYPE\":\"S\",\"CS_TRANS_T\":\"\",\"DOC_CURR_AMT\":0.00,\"DR_CR_IND\":\"S\",\"GL_ACCOUNT\":\"2202030100\",\"ITEM_TEXT\":\"采购退货2021-11-12\",\"LOC_CURR_AMT\":0.00,\"PACK_DOC_ITEM\":1,\"POSTING_KEY\":\"86\",\"PROFIT_CTR\":\"8031\",\"REF_KEY_3\":\"TH2111080000001121\",\"SP_GL_IND\":\"\",\"VENDOR_NO\":\"0000200111\"},{\"ACCOUNT_TYPE\":\"M\",\"CS_TRANS_T\":\"\",\"DOC_CURR_AMT\":0.00,\"DR_CR_IND\":\"H\",\"GL_ACCOUNT\":\"1405010000\",\"ITEM_TEXT\":\"采购退货2021-11-12\",\"LOC_CURR_AMT\":0.00,\"PACK_DOC_ITEM\":2,\"POSTING_KEY\":\"99\",\"PROFIT_CTR\":\"8031\",\"REF_KEY_3\":\"TH2111080000001121\",\"SP_GL_IND\":\"\",\"VENDOR_NO\":\"0000200111\"},{\"ACCOUNT_TYPE\":\"M\",\"CS_TRANS_T\":\"\",\"DOC_CURR_AMT\":0.00,\"DR_CR_IND\":\"H\",\"GL_ACCOUNT\":\"1405040000\",\"ITEM_TEXT\":\"采购退货2021-11-12\",\"LOC_CURR_AMT\":0.00,\"PACK_DOC_ITEM\":2,\"POSTING_KEY\":\"99\",\"PROFIT_CTR\":\"8031\",\"REF_KEY_3\":\"TH2111080000001121\",\"SP_GL_IND\":\"\",\"VENDOR_NO\":\"0000200111\"}],\"PACK_DOC_NO\":\"2111120000001970\",\"PSTNG_DATE\":\"20211112\",\"REF_DOC_NO\":\"TH2111080000001121\",\"UPDATE_MOD\":\"A\"}','{\"FIELD\":\"2111120000001970\",\"ID\":\"RW\",\"LOG_MSG_NO\":\"\",\"LOG_NO\":\"\",\"MESSAGE\":\"FI/CO接口:待更新的不一致的FI/CO凭证标题数据\",\"MESSAGE_V1\":\"\",\"MESSAGE_V2\":\"\",\"MESSAGE_V3\":\"\",\"MESSAGE_V4\":\"\",\"NUMBER\":\"015\",\"PARAMETER\":\"\",\"ROW\":\"\",\"SYSTEM\":\"\",\"TYPE\":\"E\"}',1,1,1,1,'FI/CO接口:待更新的不一致的FI/CO凭证标题数据',0,21000,0,NULL,NULL,NULL,'2021-11-12 08:06:37','2021-11-12 08:06:37','172.16.5.155',NULL,NULL,NULL,'2021-11-12 08:07:21',0),(2111120000002101,'2111120000002082','{\"BUSS_DOC_NO\":\"TH2111120000002003\",\"BUSS_DOC_TYPE\":\"采购退货出库单\",\"BUSS_SYS\":\"MY1233\",\"COMP_CODE\":\"8031\",\"CREATED_AT\":\"20211112163514\",\"CURRENCY\":\"CNY\",\"DOC_DATE\":\"20211112\",\"DOC_TYPE\":\"AB\",\"EXCH_RATE\":1.00,\"FISC_YEAR\":\"2021\",\"HEADER_TXT\":\"采购退货2021-11-12\",\"ITEM\":[{\"ACCOUNT_TYPE\":\"S\",\"CS_TRANS_T\":\"\",\"DOC_CURR_AMT\":0.88,\"DR_CR_IND\":\"S\",\"GL_ACCOUNT\":\"2202030100\",\"ITEM_TEXT\":\"采购退货2021-11-12\",\"LOC_CURR_AMT\":0.88,\"PACK_DOC_ITEM\":1,\"POSTING_KEY\":\"86\",\"PROFIT_CTR\":\"8031\",\"REF_KEY_3\":\"TH2111120000002003\",\"SP_GL_IND\":\"\",\"VENDOR_NO\":\"0000200111\"},{\"ACCOUNT_TYPE\":\"M\",\"CS_TRANS_T\":\"\",\"DOC_CURR_AMT\":0.88,\"DR_CR_IND\":\"H\",\"GL_ACCOUNT\":\"1405010000\",\"ITEM_TEXT\":\"采购退货2021-11-12\",\"LOC_CURR_AMT\":0.88,\"PACK_DOC_ITEM\":2,\"POSTING_KEY\":\"99\",\"PROFIT_CTR\":\"8031\",\"REF_KEY_3\":\"TH2111120000002003\",\"SP_GL_IND\":\"\",\"VENDOR_NO\":\"0000200111\"}],\"PACK_DOC_NO\":\"2111120000002082\",\"PSTNG_DATE\":\"20211112\",\"REF_DOC_NO\":\"TH2111120000002003\",\"UPDATE_MOD\":\"A\"}','{\"FIELD\":\"2111120000002082\",\"ID\":\"YH\",\"LOG_MSG_NO\":\"\",\"LOG_NO\":\"\",\"MESSAGE\":\"凭证过帐成功: BKPFF 010000002080312021 ECPCLNT800\",\"MESSAGE_V1\":\"\",\"MESSAGE_V2\":\"010000002080312021\",\"MESSAGE_V3\":\"\",\"MESSAGE_V4\":\"\",\"NUMBER\":\"001\",\"PARAMETER\":\"\",\"ROW\":\"\",\"SYSTEM\":\"\",\"TYPE\":\"S\"}',1,1,1,1,NULL,0,21000,0,NULL,NULL,NULL,'2021-11-12 08:36:02','2021-11-12 08:36:01','172.16.5.155',NULL,NULL,NULL,'2021-11-12 08:37:11',0),(2111120000002102,'2111120000002085','{\"BUSS_DOC_NO\":\"TH2111120000001987\",\"BUSS_DOC_TYPE\":\"采购退货出库单\",\"BUSS_SYS\":\"MY1233\",\"COMP_CODE\":\"8031\",\"CREATED_AT\":\"20211112163514\",\"CURRENCY\":\"CNY\",\"DOC_DATE\":\"20211112\",\"DOC_TYPE\":\"AB\",\"EXCH_RATE\":1.00,\"FISC_YEAR\":\"2021\",\"HEADER_TXT\":\"采购退货2021-11-12\",\"ITEM\":[{\"ACCOUNT_TYPE\":\"S\",\"CS_TRANS_T\":\"\",\"DOC_CURR_AMT\":906104.60,\"DR_CR_IND\":\"S\",\"GL_ACCOUNT\":\"2202030100\",\"ITEM_TEXT\":\"采购退货2021-11-12\",\"LOC_CURR_AMT\":906104.60,\"PACK_DOC_ITEM\":1,\"POSTING_KEY\":\"86\",\"PROFIT_CTR\":\"8031\",\"REF_KEY_3\":\"TH2111120000001987\",\"SP_GL_IND\":\"\",\"VENDOR_NO\":\"0000200111\"},{\"ACCOUNT_TYPE\":\"M\",\"CS_TRANS_T\":\"\",\"DOC_CURR_AMT\":0.01,\"DR_CR_IND\":\"H\",\"GL_ACCOUNT\":\"1405020000\",\"ITEM_TEXT\":\"采购退货2021-11-12\",\"LOC_CURR_AMT\":0.01,\"PACK_DOC_ITEM\":2,\"POSTING_KEY\":\"99\",\"PROFIT_CTR\":\"8031\",\"REF_KEY_3\":\"TH2111120000001987\",\"SP_GL_IND\":\"\",\"VENDOR_NO\":\"0000200111\"},{\"ACCOUNT_TYPE\":\"M\",\"CS_TRANS_T\":\"\",\"DOC_CURR_AMT\":906104.59,\"DR_CR_IND\":\"H\",\"GL_ACCOUNT\":\"1405040000\",\"ITEM_TEXT\":\"采购退货2021-11-12\",\"LOC_CURR_AMT\":906104.59,\"PACK_DOC_ITEM\":2,\"POSTING_KEY\":\"99\",\"PROFIT_CTR\":\"8031\",\"REF_KEY_3\":\"TH2111120000001987\",\"SP_GL_IND\":\"\",\"VENDOR_NO\":\"0000200111\"}],\"PACK_DOC_NO\":\"2111120000002085\",\"PSTNG_DATE\":\"20211112\",\"REF_DOC_NO\":\"TH2111120000001987\",\"UPDATE_MOD\":\"A\"}','{\"FIELD\":\"2111120000002085\",\"ID\":\"YH\",\"LOG_MSG_NO\":\"\",\"LOG_NO\":\"\",\"MESSAGE\":\"凭证过帐成功: BKPFF 010000002180312021 ECPCLNT800\",\"MESSAGE_V1\":\"\",\"MESSAGE_V2\":\"010000002180312021\",\"MESSAGE_V3\":\"\",\"MESSAGE_V4\":\"\",\"NUMBER\":\"001\",\"PARAMETER\":\"\",\"ROW\":\"\",\"SYSTEM\":\"\",\"TYPE\":\"S\"}',1,1,1,1,NULL,0,21000,0,NULL,NULL,NULL,'2021-11-12 08:36:02','2021-11-12 08:36:01','172.16.5.155',NULL,NULL,NULL,'2021-11-12 08:39:59',0),(2111120000002103,'2111120000002090','{\"BUSS_DOC_NO\":\"TH2111120000002012\",\"BUSS_DOC_TYPE\":\"采购退货出库单\",\"BUSS_SYS\":\"MY1233\",\"COMP_CODE\":\"8031\",\"CREATED_AT\":\"20211112163514\",\"CURRENCY\":\"CNY\",\"DOC_DATE\":\"20211112\",\"DOC_TYPE\":\"AB\",\"EXCH_RATE\":1.00,\"FISC_YEAR\":\"2021\",\"HEADER_TXT\":\"采购退货2021-11-12\",\"ITEM\":[{\"ACCOUNT_TYPE\":\"S\",\"CS_TRANS_T\":\"\",\"DOC_CURR_AMT\":9464478.78,\"DR_CR_IND\":\"S\",\"GL_ACCOUNT\":\"2202030100\",\"ITEM_TEXT\":\"采购退货2021-11-12\",\"LOC_CURR_AMT\":9464478.78,\"PACK_DOC_ITEM\":1,\"POSTING_KEY\":\"86\",\"PROFIT_CTR\":\"8031\",\"REF_KEY_3\":\"TH2111120000002012\",\"SP_GL_IND\":\"\",\"VENDOR_NO\":\"0000200111\"},{\"ACCOUNT_TYPE\":\"M\",\"CS_TRANS_T\":\"\",\"DOC_CURR_AMT\":9.56,\"DR_CR_IND\":\"H\",\"GL_ACCOUNT\":\"1405010000\",\"ITEM_TEXT\":\"采购退货2021-11-12\",\"LOC_CURR_AMT\":9.56,\"PACK_DOC_ITEM\":2,\"POSTING_KEY\":\"99\",\"PROFIT_CTR\":\"8031\",\"REF_KEY_3\":\"TH2111120000002012\",\"SP_GL_IND\":\"\",\"VENDOR_NO\":\"0000200111\"},{\"ACCOUNT_TYPE\":\"M\",\"CS_TRANS_T\":\"\",\"DOC_CURR_AMT\":0.20,\"DR_CR_IND\":\"H\",\"GL_ACCOUNT\":\"1405020000\",\"ITEM_TEXT\":\"采购退货2021-11-12\",\"LOC_CURR_AMT\":0.20,\"PACK_DOC_ITEM\":2,\"POSTING_KEY\":\"99\",\"PROFIT_CTR\":\"8031\",\"REF_KEY_3\":\"TH2111120000002012\",\"SP_GL_IND\":\"\",\"VENDOR_NO\":\"0000200111\"},{\"ACCOUNT_TYPE\":\"M\",\"CS_TRANS_T\":\"\",\"DOC_CURR_AMT\":9464469.02,\"DR_CR_IND\":\"H\",\"GL_ACCOUNT\":\"1405040000\",\"ITEM_TEXT\":\"采购退货2021-11-12\",\"LOC_CURR_AMT\":9464469.02,\"PACK_DOC_ITEM\":2,\"POSTING_KEY\":\"99\",\"PROFIT_CTR\":\"8031\",\"REF_KEY_3\":\"TH2111120000002012\",\"SP_GL_IND\":\"\",\"VENDOR_NO\":\"0000200111\"}],\"PACK_DOC_NO\":\"2111120000002090\",\"PSTNG_DATE\":\"20211112\",\"REF_DOC_NO\":\"TH2111120000002012\",\"UPDATE_MOD\":\"A\"}','{\"FIELD\":\"2111120000002090\",\"ID\":\"YH\",\"LOG_MSG_NO\":\"\",\"LOG_NO\":\"\",\"MESSAGE\":\"凭证过帐成功: BKPFF 010000002280312021 ECPCLNT800\",\"MESSAGE_V1\":\"\",\"MESSAGE_V2\":\"010000002280312021\",\"MESSAGE_V3\":\"\",\"MESSAGE_V4\":\"\",\"NUMBER\":\"001\",\"PARAMETER\":\"\",\"ROW\":\"\",\"SYSTEM\":\"\",\"TYPE\":\"S\"}',1,1,1,1,NULL,0,21000,0,NULL,NULL,NULL,'2021-11-12 08:36:02','2021-11-12 08:36:01','172.16.5.155',NULL,NULL,NULL,'2021-11-12 08:42:18',0),(2111120000002547,'2111120000002542','{\"BUSS_DOC_NO\":\"GZ2111120000002460\",\"BUSS_DOC_TYPE\":\"采购收货更正单出库单\",\"BUSS_SYS\":\"MY1233\",\"COMP_CODE\":\"8031\",\"CREATED_AT\":\"20211112170937\",\"CURRENCY\":\"CNY\",\"DOC_DATE\":\"20211112\",\"DOC_TYPE\":\"AB\",\"EXCH_RATE\":1.00,\"FISC_YEAR\":\"2021\",\"HEADER_TXT\":\"采购收货更正2021-11-12\",\"ITEM\":[{\"ACCOUNT_TYPE\":\"S\",\"CS_TRANS_T\":\"\",\"DOC_CURR_AMT\":8.94,\"DR_CR_IND\":\"S\",\"GL_ACCOUNT\":\"2202030100\",\"ITEM_TEXT\":\"采购收货更正2021-11-12\",\"LOC_CURR_AMT\":8.94,\"PACK_DOC_ITEM\":1,\"POSTING_KEY\":\"86\",\"PROFIT_CTR\":\"8031\",\"REF_KEY_3\":\"SH2111090000000536\",\"SP_GL_IND\":\"\",\"VENDOR_NO\":\"0000200111\"},{\"ACCOUNT_TYPE\":\"M\",\"CS_TRANS_T\":\"\",\"DOC_CURR_AMT\":8.85,\"DR_CR_IND\":\"H\",\"GL_ACCOUNT\":\"1405010000\",\"ITEM_TEXT\":\"采购收货更正2021-11-12\",\"LOC_CURR_AMT\":8.85,\"PACK_DOC_ITEM\":2,\"POSTING_KEY\":\"99\",\"PROFIT_CTR\":\"8031\",\"REF_KEY_3\":\"SH2111090000000536\",\"SP_GL_IND\":\"\",\"VENDOR_NO\":\"0000200111\"},{\"ACCOUNT_TYPE\":\"M\",\"CS_TRANS_T\":\"\",\"DOC_CURR_AMT\":0.09,\"DR_CR_IND\":\"H\",\"GL_ACCOUNT\":\"1405020000\",\"ITEM_TEXT\":\"采购收货更正2021-11-12\",\"LOC_CURR_AMT\":0.09,\"PACK_DOC_ITEM\":2,\"POSTING_KEY\":\"99\",\"PROFIT_CTR\":\"8031\",\"REF_KEY_3\":\"SH2111090000000536\",\"SP_GL_IND\":\"\",\"VENDOR_NO\":\"0000200111\"}],\"PACK_DOC_NO\":\"2111120000002542\",\"PSTNG_DATE\":\"20211112\",\"REF_DOC_NO\":\"SH2111090000000536\",\"UPDATE_MOD\":\"A\"}','{\"FIELD\":\"2111120000002542\",\"ID\":\"YH\",\"LOG_MSG_NO\":\"\",\"LOG_NO\":\"\",\"MESSAGE\":\"凭证过帐成功: BKPFF 010000002380312021 ECPCLNT800\",\"MESSAGE_V1\":\"\",\"MESSAGE_V2\":\"010000002380312021\",\"MESSAGE_V3\":\"\",\"MESSAGE_V4\":\"\",\"NUMBER\":\"001\",\"PARAMETER\":\"\",\"ROW\":\"\",\"SYSTEM\":\"\",\"TYPE\":\"S\"}',1,1,1,1,NULL,0,21000,0,NULL,NULL,NULL,'2021-11-12 09:09:48','2021-11-12 09:09:47','172.16.5.155',NULL,NULL,NULL,'2021-11-12 09:10:28',0),(2111130000000033,'2111130000000008','{\"BUSS_DOC_NO\":\"DZ2111080000002370\",\"BUSS_DOC_TYPE\":\"票核单\",\"BUSS_SYS\":\"MY1233\",\"COMP_CODE\":\"8031\",\"CREATED_AT\":\"20211113121636\",\"CURRENCY\":\"CNY\",\"DOC_DATE\":\"20211113\",\"DOC_TYPE\":\"KR\",\"EXCH_RATE\":1.00,\"FISC_YEAR\":\"2021\",\"HEADER_TXT\":\"采购发票核销2021-11-13\",\"ITEM\":[{\"ACCOUNT_TYPE\":\"S\",\"CS_TRANS_T\":\"\",\"DOC_CURR_AMT\":205.78,\"DR_CR_IND\":\"H\",\"GL_ACCOUNT\":\"2202010000\",\"ITEM_TEXT\":\"采购发票核销2021-11-13\",\"LOC_CURR_AMT\":205.78,\"PACK_DOC_ITEM\":3,\"POSTING_KEY\":\"96\",\"PROFIT_CTR\":\"8031\",\"REF_KEY_3\":\"DZ2111080000002370\",\"SP_GL_IND\":\"\",\"TAX_CODE\":\"J0\",\"VENDOR_NO\":\"0000200111\"},{\"ACCOUNT_TYPE\":\"S\",\"CS_TRANS_T\":\"\",\"DOC_CURR_AMT\":0.27,\"DR_CR_IND\":\"S\",\"GL_ACCOUNT\":\"\",\"ITEM_TEXT\":\"采购发票核销2021-11-13\",\"LOC_CURR_AMT\":0.27,\"PACK_DOC_ITEM\":2,\"POSTING_KEY\":\"40\",\"PROFIT_CTR\":\"8031\",\"REF_KEY_3\":\"DZ2111080000002370\",\"SP_GL_IND\":\"\",\"TAX_CODE\":\"J0\",\"VENDOR_NO\":\"0000200111\"},{\"ACCOUNT_TYPE\":\"S\",\"CS_TRANS_T\":\" \",\"DOC_CURR_AMT\":192.56,\"DR_CR_IND\":\"S\",\"GL_ACCOUNT\":\"2202030100\",\"ITEM_TEXT\":\"采购发票核销2021-11-13\",\"LOC_CURR_AMT\":192.56,\"PACK_DOC_ITEM\":1,\"POSTING_KEY\":\"86\",\"PROFIT_CTR\":\"8031\",\"REF_KEY_3\":\"DZ2111080000002370\",\"SP_GL_IND\":\"\",\"TAX_CODE\":\"J0\",\"VENDOR_NO\":\"0000200111\"},{\"ACCOUNT_TYPE\":\"S\",\"CS_TRANS_T\":\"\",\"DOC_CURR_AMT\":2.60,\"DR_CR_IND\":\"S\",\"GL_ACCOUNT\":\"2221010130\",\"ITEM_TEXT\":\"采购发票核销2021-11-13\",\"LOC_CURR_AMT\":2.60,\"PACK_DOC_ITEM\":2,\"POSTING_KEY\":\"40\",\"PROFIT_CTR\":\"8031\",\"REF_KEY_3\":\"DZ2111080000002370\",\"SP_GL_IND\":\"\",\"TAX_CODE\":\"JH\",\"VENDOR_NO\":\"0000200111\"},{\"ACCOUNT_TYPE\":\"S\",\"CS_TRANS_T\":\"\",\"DOC_CURR_AMT\":10.35,\"DR_CR_IND\":\"S\",\"GL_ACCOUNT\":\"2221010128\",\"ITEM_TEXT\":\"采购发票核销2021-11-13\",\"LOC_CURR_AMT\":10.35,\"PACK_DOC_ITEM\":2,\"POSTING_KEY\":\"40\",\"PROFIT_CTR\":\"8031\",\"REF_KEY_3\":\"DZ2111080000002370\",\"SP_GL_IND\":\"\",\"TAX_CODE\":\"JF\",\"VENDOR_NO\":\"0000200111\"}],\"PACK_DOC_NO\":\"2111130000000008\",\"PSTNG_DATE\":\"20211113\",\"REF_DOC_NO\":\"DZ2111080000002370\",\"UPDATE_MOD\":\"A\"}','[{\"FIELD\":\"2111130000000008\",\"ID\":\"YH\",\"LOG_MSG_NO\":\"\",\"LOG_NO\":\"\",\"MESSAGE\":\"数据写入成功\",\"MESSAGE_V1\":\"\",\"MESSAGE_V2\":\"\",\"MESSAGE_V3\":\"\",\"MESSAGE_V4\":\"\",\"NUMBER\":\"000\",\"PARAMETER\":\"\",\"ROW\":\"\",\"SYSTEM\":\"\",\"TYPE\":\"S\"}]',1,1,NULL,1,NULL,0,21000,0,NULL,NULL,NULL,'2021-11-13 04:34:19','2021-11-13 04:34:19','172.16.5.155',NULL,NULL,NULL,NULL,0),(2111130000000034,'2111130000000018','{\"BUSS_DOC_NO\":\"DZ2111090000000120\",\"BUSS_DOC_TYPE\":\"票核单\",\"BUSS_SYS\":\"MY1233\",\"COMP_CODE\":\"8031\",\"CREATED_AT\":\"20211113121636\",\"CURRENCY\":\"CNY\",\"DOC_DATE\":\"20211113\",\"DOC_TYPE\":\"KR\",\"EXCH_RATE\":1.00,\"FISC_YEAR\":\"2021\",\"HEADER_TXT\":\"采购发票核销2021-11-13\",\"ITEM\":[{\"ACCOUNT_TYPE\":\"S\",\"CS_TRANS_T\":\"\",\"DOC_CURR_AMT\":1594.34,\"DR_CR_IND\":\"H\",\"GL_ACCOUNT\":\"2202010000\",\"ITEM_TEXT\":\"采购发票核销2021-11-13\",\"LOC_CURR_AMT\":1594.34,\"PACK_DOC_ITEM\":3,\"POSTING_KEY\":\"96\",\"PROFIT_CTR\":\"8031\",\"REF_KEY_3\":\"DZ2111090000000120\",\"SP_GL_IND\":\"\",\"TAX_CODE\":\"J1\",\"VENDOR_NO\":\"0000200111\"},{\"ACCOUNT_TYPE\":\"S\",\"CS_TRANS_T\":\"\",\"DOC_CURR_AMT\":95.66,\"DR_CR_IND\":\"S\",\"GL_ACCOUNT\":\"2221010102\",\"ITEM_TEXT\":\"采购发票核销2021-11-13\",\"LOC_CURR_AMT\":95.66,\"PACK_DOC_ITEM\":2,\"POSTING_KEY\":\"40\",\"PROFIT_CTR\":\"8031\",\"REF_KEY_3\":\"DZ2111090000000120\",\"SP_GL_IND\":\"\",\"TAX_CODE\":\"J1\",\"VENDOR_NO\":\"0000200111\"},{\"ACCOUNT_TYPE\":\"S\",\"CS_TRANS_T\":\" \",\"DOC_CURR_AMT\":1498.68,\"DR_CR_IND\":\"S\",\"GL_ACCOUNT\":\"2202030100\",\"ITEM_TEXT\":\"采购发票核销2021-11-13\",\"LOC_CURR_AMT\":1498.68,\"PACK_DOC_ITEM\":1,\"POSTING_KEY\":\"86\",\"PROFIT_CTR\":\"8031\",\"REF_KEY_3\":\"DZ2111090000000120\",\"SP_GL_IND\":\"\",\"TAX_CODE\":\"J1\",\"VENDOR_NO\":\"0000200111\"}],\"PACK_DOC_NO\":\"2111130000000018\",\"PSTNG_DATE\":\"20211113\",\"REF_DOC_NO\":\"DZ2111090000000120\",\"UPDATE_MOD\":\"A\"}','[{\"FIELD\":\"2111130000000018\",\"ID\":\"YH\",\"LOG_MSG_NO\":\"\",\"LOG_NO\":\"\",\"MESSAGE\":\"数据写入成功\",\"MESSAGE_V1\":\"\",\"MESSAGE_V2\":\"\",\"MESSAGE_V3\":\"\",\"MESSAGE_V4\":\"\",\"NUMBER\":\"000\",\"PARAMETER\":\"\",\"ROW\":\"\",\"SYSTEM\":\"\",\"TYPE\":\"S\"}]',1,1,NULL,1,NULL,0,21000,0,NULL,NULL,NULL,'2021-11-13 04:34:19','2021-11-13 04:34:19','172.16.5.155',NULL,NULL,NULL,NULL,0),(2111130000000035,'2111130000000022','{\"BUSS_DOC_NO\":\"DZ2110260000001874\",\"BUSS_DOC_TYPE\":\"票核单\",\"BUSS_SYS\":\"MY1233\",\"COMP_CODE\":\"8031\",\"CREATED_AT\":\"20211113121636\",\"CURRENCY\":\"CNY\",\"DOC_DATE\":\"20211113\",\"DOC_TYPE\":\"KR\",\"EXCH_RATE\":1.00,\"FISC_YEAR\":\"2021\",\"HEADER_TXT\":\"采购发票核销2021-11-13\",\"ITEM\":[{\"ACCOUNT_TYPE\":\"S\",\"CS_TRANS_T\":\"\",\"DOC_CURR_AMT\":190476.20,\"DR_CR_IND\":\"H\",\"GL_ACCOUNT\":\"2202010000\",\"ITEM_TEXT\":\"采购发票核销2021-11-13\",\"LOC_CURR_AMT\":190476.20,\"PACK_DOC_ITEM\":3,\"POSTING_KEY\":\"96\",\"PROFIT_CTR\":\"8031\",\"REF_KEY_3\":\"DZ2110260000001874\",\"SP_GL_IND\":\"\",\"TAX_CODE\":\"JH\",\"VENDOR_NO\":\"0000200111\"},{\"ACCOUNT_TYPE\":\"S\",\"CS_TRANS_T\":\"\",\"DOC_CURR_AMT\":4761.90,\"DR_CR_IND\":\"S\",\"GL_ACCOUNT\":\"2221010130\",\"ITEM_TEXT\":\"采购发票核销2021-11-13\",\"LOC_CURR_AMT\":4761.90,\"PACK_DOC_ITEM\":2,\"POSTING_KEY\":\"40\",\"PROFIT_CTR\":\"8031\",\"REF_KEY_3\":\"DZ2110260000001874\",\"SP_GL_IND\":\"\",\"TAX_CODE\":\"JH\",\"VENDOR_NO\":\"0000200111\"},{\"ACCOUNT_TYPE\":\"S\",\"CS_TRANS_T\":\" \",\"DOC_CURR_AMT\":180952.40,\"DR_CR_IND\":\"S\",\"GL_ACCOUNT\":\"2202030100\",\"ITEM_TEXT\":\"采购发票核销2021-11-13\",\"LOC_CURR_AMT\":180952.40,\"PACK_DOC_ITEM\":1,\"POSTING_KEY\":\"86\",\"PROFIT_CTR\":\"8031\",\"REF_KEY_3\":\"DZ2110260000001874\",\"SP_GL_IND\":\"\",\"TAX_CODE\":\"JH\",\"VENDOR_NO\":\"0000200111\"},{\"ACCOUNT_TYPE\":\"S\",\"CS_TRANS_T\":\"\",\"DOC_CURR_AMT\":4761.90,\"DR_CR_IND\":\"S\",\"GL_ACCOUNT\":\"2221010128\",\"ITEM_TEXT\":\"采购发票核销2021-11-13\",\"LOC_CURR_AMT\":4761.90,\"PACK_DOC_ITEM\":2,\"POSTING_KEY\":\"40\",\"PROFIT_CTR\":\"8031\",\"REF_KEY_3\":\"DZ2110260000001874\",\"SP_GL_IND\":\"\",\"TAX_CODE\":\"JF\",\"VENDOR_NO\":\"0000200111\"}],\"PACK_DOC_NO\":\"2111130000000022\",\"PSTNG_DATE\":\"20211113\",\"REF_DOC_NO\":\"DZ2110260000001874\",\"UPDATE_MOD\":\"A\"}','[{\"FIELD\":\"2111130000000022\",\"ID\":\"YH\",\"LOG_MSG_NO\":\"\",\"LOG_NO\":\"\",\"MESSAGE\":\"数据写入成功\",\"MESSAGE_V1\":\"\",\"MESSAGE_V2\":\"\",\"MESSAGE_V3\":\"\",\"MESSAGE_V4\":\"\",\"NUMBER\":\"000\",\"PARAMETER\":\"\",\"ROW\":\"\",\"SYSTEM\":\"\",\"TYPE\":\"S\"}]',1,1,NULL,1,NULL,0,21000,0,NULL,NULL,NULL,'2021-11-13 04:34:19','2021-11-13 04:34:19','172.16.5.155',NULL,NULL,NULL,NULL,0),(2111130000000036,'2111130000000029','{\"BUSS_DOC_NO\":\"DZ2111090000001356\",\"BUSS_DOC_TYPE\":\"票核单\",\"BUSS_SYS\":\"MY1233\",\"COMP_CODE\":\"8031\",\"CREATED_AT\":\"20211113121636\",\"CURRENCY\":\"CNY\",\"DOC_DATE\":\"20211113\",\"DOC_TYPE\":\"KR\",\"EXCH_RATE\":1.00,\"FISC_YEAR\":\"2021\",\"HEADER_TXT\":\"采购发票核销2021-11-13\",\"ITEM\":[{\"ACCOUNT_TYPE\":\"S\",\"CS_TRANS_T\":\"\",\"DOC_CURR_AMT\":2615.78,\"DR_CR_IND\":\"H\",\"GL_ACCOUNT\":\"2202010000\",\"ITEM_TEXT\":\"采购发票核销2021-11-13\",\"LOC_CURR_AMT\":2615.78,\"PACK_DOC_ITEM\":3,\"POSTING_KEY\":\"96\",\"PROFIT_CTR\":\"8031\",\"REF_KEY_3\":\"DZ2111090000001356\",\"SP_GL_IND\":\"\",\"TAX_CODE\":\"JJ\",\"VENDOR_NO\":\"0000200111\"},{\"ACCOUNT_TYPE\":\"S\",\"CS_TRANS_T\":\"\",\"DOC_CURR_AMT\":78.47,\"DR_CR_IND\":\"S\",\"GL_ACCOUNT\":\"2221010132\",\"ITEM_TEXT\":\"采购发票核销2021-11-13\",\"LOC_CURR_AMT\":78.47,\"PACK_DOC_ITEM\":2,\"POSTING_KEY\":\"40\",\"PROFIT_CTR\":\"8031\",\"REF_KEY_3\":\"DZ2111090000001356\",\"SP_GL_IND\":\"\",\"TAX_CODE\":\"JJ\",\"VENDOR_NO\":\"0000200111\"},{\"ACCOUNT_TYPE\":\"S\",\"CS_TRANS_T\":\" \",\"DOC_CURR_AMT\":2537.31,\"DR_CR_IND\":\"S\",\"GL_ACCOUNT\":\"2202030100\",\"ITEM_TEXT\":\"采购发票核销2021-11-13\",\"LOC_CURR_AMT\":2537.31,\"PACK_DOC_ITEM\":1,\"POSTING_KEY\":\"86\",\"PROFIT_CTR\":\"8031\",\"REF_KEY_3\":\"DZ2111090000001356\",\"SP_GL_IND\":\"\",\"TAX_CODE\":\"JJ\",\"VENDOR_NO\":\"0000200111\"}],\"PACK_DOC_NO\":\"2111130000000029\",\"PSTNG_DATE\":\"20211113\",\"REF_DOC_NO\":\"DZ2111090000001356\",\"UPDATE_MOD\":\"A\"}','[{\"FIELD\":\"2111130000000029\",\"ID\":\"YH\",\"LOG_MSG_NO\":\"\",\"LOG_NO\":\"\",\"MESSAGE\":\"数据写入成功\",\"MESSAGE_V1\":\"\",\"MESSAGE_V2\":\"\",\"MESSAGE_V3\":\"\",\"MESSAGE_V4\":\"\",\"NUMBER\":\"000\",\"PARAMETER\":\"\",\"ROW\":\"\",\"SYSTEM\":\"\",\"TYPE\":\"S\"}]',1,1,NULL,1,NULL,0,21000,0,NULL,NULL,NULL,'2021-11-13 04:34:19','2021-11-13 04:34:19','172.16.5.155',NULL,NULL,NULL,NULL,0),(2111130000000054,'2111130000000040','{\"BUSS_DOC_NO\":\"DZ2111080000002370\",\"BUSS_DOC_TYPE\":\"票核单\",\"BUSS_SYS\":\"MY1233\",\"COMP_CODE\":\"8031\",\"CREATED_AT\":\"20211113182925\",\"CURRENCY\":\"CNY\",\"DOC_DATE\":\"20211113\",\"DOC_TYPE\":\"KR\",\"EXCH_RATE\":1.00,\"FISC_YEAR\":\"2021\",\"HEADER_TXT\":\"采购发票核销2021-11-13\",\"ITEM\":[{\"ACCOUNT_TYPE\":\"S\",\"CS_TRANS_T\":\"\",\"DOC_CURR_AMT\":205.78,\"DR_CR_IND\":\"H\",\"GL_ACCOUNT\":\"0000200111\",\"ITEM_TEXT\":\"采购发票核销2021-11-13\",\"LOC_CURR_AMT\":205.78,\"PACK_DOC_ITEM\":3,\"POSTING_KEY\":\"96\",\"PROFIT_CTR\":\"8031\",\"REF_KEY_3\":\"DZ2111080000002370\",\"SP_GL_IND\":\"\",\"TAX_CODE\":\"J0\",\"VENDOR_NO\":\"0000200111\"},{\"ACCOUNT_TYPE\":\"S\",\"CS_TRANS_T\":\"\",\"DOC_CURR_AMT\":0.27,\"DR_CR_IND\":\"S\",\"GL_ACCOUNT\":\"\",\"ITEM_TEXT\":\"采购发票核销2021-11-13\",\"LOC_CURR_AMT\":0.27,\"PACK_DOC_ITEM\":2,\"POSTING_KEY\":\"40\",\"PROFIT_CTR\":\"8031\",\"REF_KEY_3\":\"DZ2111080000002370\",\"SP_GL_IND\":\"\",\"TAX_CODE\":\"J0\",\"VENDOR_NO\":\"0000200111\"},{\"ACCOUNT_TYPE\":\"S\",\"CS_TRANS_T\":\" \",\"DOC_CURR_AMT\":192.56,\"DR_CR_IND\":\"S\",\"GL_ACCOUNT\":\"2202030100\",\"ITEM_TEXT\":\"采购发票核销2021-11-13\",\"LOC_CURR_AMT\":192.56,\"PACK_DOC_ITEM\":1,\"POSTING_KEY\":\"86\",\"PROFIT_CTR\":\"8031\",\"REF_KEY_3\":\"DZ2111080000002370\",\"SP_GL_IND\":\"\",\"TAX_CODE\":\"J0\",\"VENDOR_NO\":\"0000200111\"},{\"ACCOUNT_TYPE\":\"S\",\"CS_TRANS_T\":\"\",\"DOC_CURR_AMT\":2.60,\"DR_CR_IND\":\"S\",\"GL_ACCOUNT\":\"2221010130\",\"ITEM_TEXT\":\"采购发票核销2021-11-13\",\"LOC_CURR_AMT\":2.60,\"PACK_DOC_ITEM\":2,\"POSTING_KEY\":\"40\",\"PROFIT_CTR\":\"8031\",\"REF_KEY_3\":\"DZ2111080000002370\",\"SP_GL_IND\":\"\",\"TAX_CODE\":\"JH\",\"VENDOR_NO\":\"0000200111\"},{\"ACCOUNT_TYPE\":\"S\",\"CS_TRANS_T\":\"\",\"DOC_CURR_AMT\":10.35,\"DR_CR_IND\":\"S\",\"GL_ACCOUNT\":\"2221010128\",\"ITEM_TEXT\":\"采购发票核销2021-11-13\",\"LOC_CURR_AMT\":10.35,\"PACK_DOC_ITEM\":2,\"POSTING_KEY\":\"40\",\"PROFIT_CTR\":\"8031\",\"REF_KEY_3\":\"DZ2111080000002370\",\"SP_GL_IND\":\"\",\"TAX_CODE\":\"JF\",\"VENDOR_NO\":\"0000200111\"}],\"PACK_DOC_NO\":\"2111130000000040\",\"PSTNG_DATE\":\"20211113\",\"REF_DOC_NO\":\"DZ2111080000002370\",\"UPDATE_MOD\":\"A\"}','{\"FIELD\":\"2111130000000040\",\"ID\":\"ZYH_001\",\"LOG_MSG_NO\":\"\",\"LOG_NO\":\"\",\"MESSAGE\":\"对于损益类科目，段为必输项.请检查商品主数据或成本中心主数据.\",\"MESSAGE_V1\":\"\",\"MESSAGE_V2\":\"\",\"MESSAGE_V3\":\"\",\"MESSAGE_V4\":\"\",\"NUMBER\":\"901\",\"PARAMETER\":\"\",\"ROW\":\"\",\"SYSTEM\":\"\",\"TYPE\":\"E\"}',1,1,1,1,'会计科目 200111 在会计科目表 YHOC 中没有定义,未在项目00000 8031 200111中输入承诺项目,在参数 ACCOUNTGL 中没有转帐所需的字段 GL_ACCOUNT,对于损益类科目，段为必输项.请检查商品主数据或成本中心主数据.',0,21000,0,NULL,NULL,NULL,'2021-11-13 10:30:20','2021-11-13 10:30:19','172.16.11.37',NULL,NULL,NULL,'2021-11-13 10:31:30',0),(2111130000000055,'2111130000000050','{\"BUSS_DOC_NO\":\"DZ2111090000000120\",\"BUSS_DOC_TYPE\":\"票核单\",\"BUSS_SYS\":\"MY1233\",\"COMP_CODE\":\"8031\",\"CREATED_AT\":\"20211113182925\",\"CURRENCY\":\"CNY\",\"DOC_DATE\":\"20211113\",\"DOC_TYPE\":\"KR\",\"EXCH_RATE\":1.00,\"FISC_YEAR\":\"2021\",\"HEADER_TXT\":\"采购发票核销2021-11-13\",\"ITEM\":[{\"ACCOUNT_TYPE\":\"S\",\"CS_TRANS_T\":\"\",\"DOC_CURR_AMT\":1594.34,\"DR_CR_IND\":\"H\",\"GL_ACCOUNT\":\"0000200111\",\"ITEM_TEXT\":\"采购发票核销2021-11-13\",\"LOC_CURR_AMT\":1594.34,\"PACK_DOC_ITEM\":3,\"POSTING_KEY\":\"96\",\"PROFIT_CTR\":\"8031\",\"REF_KEY_3\":\"DZ2111090000000120\",\"SP_GL_IND\":\"\",\"TAX_CODE\":\"J1\",\"VENDOR_NO\":\"0000200111\"},{\"ACCOUNT_TYPE\":\"S\",\"CS_TRANS_T\":\"\",\"DOC_CURR_AMT\":95.66,\"DR_CR_IND\":\"S\",\"GL_ACCOUNT\":\"2221010102\",\"ITEM_TEXT\":\"采购发票核销2021-11-13\",\"LOC_CURR_AMT\":95.66,\"PACK_DOC_ITEM\":2,\"POSTING_KEY\":\"40\",\"PROFIT_CTR\":\"8031\",\"REF_KEY_3\":\"DZ2111090000000120\",\"SP_GL_IND\":\"\",\"TAX_CODE\":\"J1\",\"VENDOR_NO\":\"0000200111\"},{\"ACCOUNT_TYPE\":\"S\",\"CS_TRANS_T\":\" \",\"DOC_CURR_AMT\":1498.68,\"DR_CR_IND\":\"S\",\"GL_ACCOUNT\":\"2202030100\",\"ITEM_TEXT\":\"采购发票核销2021-11-13\",\"LOC_CURR_AMT\":1498.68,\"PACK_DOC_ITEM\":1,\"POSTING_KEY\":\"86\",\"PROFIT_CTR\":\"8031\",\"REF_KEY_3\":\"DZ2111090000000120\",\"SP_GL_IND\":\"\",\"TAX_CODE\":\"J1\",\"VENDOR_NO\":\"0000200111\"}],\"PACK_DOC_NO\":\"2111130000000050\",\"PSTNG_DATE\":\"20211113\",\"REF_DOC_NO\":\"DZ2111090000000120\",\"UPDATE_MOD\":\"A\"}','[{\"FIELD\":\"2111130000000050\",\"ID\":\"YH\",\"LOG_MSG_NO\":\"\",\"LOG_NO\":\"\",\"MESSAGE\":\"数据写入成功\",\"MESSAGE_V1\":\"\",\"MESSAGE_V2\":\"\",\"MESSAGE_V3\":\"\",\"MESSAGE_V4\":\"\",\"NUMBER\":\"000\",\"PARAMETER\":\"\",\"ROW\":\"\",\"SYSTEM\":\"\",\"TYPE\":\"S\"}]',1,1,NULL,1,NULL,0,21000,0,NULL,NULL,NULL,'2021-11-13 10:30:20','2021-11-13 10:30:19','172.16.11.37',NULL,NULL,NULL,NULL,0),(2111130000000066,'2111130000000056','{\"BUSS_DOC_NO\":\"DZ2111080000002370\",\"BUSS_DOC_TYPE\":\"票核单\",\"BUSS_SYS\":\"MY1233\",\"COMP_CODE\":\"8031\",\"CREATED_AT\":\"20211113201249\",\"CURRENCY\":\"CNY\",\"DOC_DATE\":\"20211113\",\"DOC_TYPE\":\"KR\",\"EXCH_RATE\":1.00,\"FISC_YEAR\":\"2021\",\"HEADER_TXT\":\"采购发票核销2021-11-13\",\"ITEM\":[{\"ACCOUNT_TYPE\":\"S\",\"CS_TRANS_T\":\"\",\"DOC_CURR_AMT\":205.78,\"DR_CR_IND\":\"H\",\"GL_ACCOUNT\":\"0000200111\",\"ITEM_TEXT\":\"采购发票核销2021-11-13\",\"LOC_CURR_AMT\":205.78,\"PACK_DOC_ITEM\":3,\"POSTING_KEY\":\"96\",\"PROFIT_CTR\":\"8031\",\"REF_KEY_3\":\"DZ2111080000002370\",\"SP_GL_IND\":\"\",\"TAX_CODE\":\"J0\",\"VENDOR_NO\":\"0000200111\"},{\"ACCOUNT_TYPE\":\"S\",\"CS_TRANS_T\":\"\",\"DOC_CURR_AMT\":0.00,\"DR_CR_IND\":\"S\",\"GL_ACCOUNT\":\"\",\"ITEM_TEXT\":\"采购发票核销2021-11-13\",\"LOC_CURR_AMT\":0.00,\"PACK_DOC_ITEM\":2,\"POSTING_KEY\":\"40\",\"PROFIT_CTR\":\"8031\",\"REF_KEY_3\":\"DZ2111080000002370\",\"SP_GL_IND\":\"\",\"TAX_CODE\":\"J0\",\"VENDOR_NO\":\"0000200111\"},{\"ACCOUNT_TYPE\":\"S\",\"CS_TRANS_T\":\" \",\"DOC_CURR_AMT\":192.83,\"DR_CR_IND\":\"S\",\"GL_ACCOUNT\":\"2202030100\",\"ITEM_TEXT\":\"采购发票核销2021-11-13\",\"LOC_CURR_AMT\":192.83,\"PACK_DOC_ITEM\":1,\"POSTING_KEY\":\"86\",\"PROFIT_CTR\":\"8031\",\"REF_KEY_3\":\"DZ2111080000002370\",\"SP_GL_IND\":\"\",\"TAX_CODE\":\"J0\",\"VENDOR_NO\":\"0000200111\"},{\"ACCOUNT_TYPE\":\"S\",\"CS_TRANS_T\":\"\",\"DOC_CURR_AMT\":2.60,\"DR_CR_IND\":\"S\",\"GL_ACCOUNT\":\"2221010130\",\"ITEM_TEXT\":\"采购发票核销2021-11-13\",\"LOC_CURR_AMT\":2.60,\"PACK_DOC_ITEM\":2,\"POSTING_KEY\":\"40\",\"PROFIT_CTR\":\"8031\",\"REF_KEY_3\":\"DZ2111080000002370\",\"SP_GL_IND\":\"\",\"TAX_CODE\":\"JH\",\"VENDOR_NO\":\"0000200111\"},{\"ACCOUNT_TYPE\":\"S\",\"CS_TRANS_T\":\"\",\"DOC_CURR_AMT\":10.35,\"DR_CR_IND\":\"S\",\"GL_ACCOUNT\":\"2221010128\",\"ITEM_TEXT\":\"采购发票核销2021-11-13\",\"LOC_CURR_AMT\":10.35,\"PACK_DOC_ITEM\":2,\"POSTING_KEY\":\"40\",\"PROFIT_CTR\":\"8031\",\"REF_KEY_3\":\"DZ2111080000002370\",\"SP_GL_IND\":\"\",\"TAX_CODE\":\"JF\",\"VENDOR_NO\":\"0000200111\"}],\"PACK_DOC_NO\":\"2111130000000056\",\"PSTNG_DATE\":\"20211113\",\"REF_DOC_NO\":\"DZ2111080000002370\",\"UPDATE_MOD\":\"A\"}','{\"FIELD\":\"2111130000000056\",\"ID\":\"ZYH_001\",\"LOG_MSG_NO\":\"\",\"LOG_NO\":\"\",\"MESSAGE\":\"对于损益类科目，段为必输项.请检查商品主数据或成本中心主数据.\",\"MESSAGE_V1\":\"\",\"MESSAGE_V2\":\"\",\"MESSAGE_V3\":\"\",\"MESSAGE_V4\":\"\",\"NUMBER\":\"901\",\"PARAMETER\":\"\",\"ROW\":\"\",\"SYSTEM\":\"\",\"TYPE\":\"E\"}',1,1,1,1,'会计科目 200111 在会计科目表 YHOC 中没有定义,未在项目00000 8031 200111中输入承诺项目,在参数 ACCOUNTGL 中没有转帐所需的字段 GL_ACCOUNT,对于损益类科目，段为必输项.请检查商品主数据或成本中心主数据.,会计科目 200111 在会计科目表 YHOC 中没有定义,未在项目00000 8031 200111中输入承诺项目,在参数 ACCOUNTGL 中没有转帐所需的字段 GL_ACCOUNT,对于损益类科目，段为必输项.请检查商品主数据或成本中心主数据.',0,21000,0,NULL,NULL,NULL,'2021-11-13 12:14:10','2021-11-13 12:14:09','172.16.11.37',NULL,NULL,NULL,'2021-11-13 12:16:49',0),(2111130000000084,'2111130000000072','{\"BUSS_DOC_NO\":\"2111090000002235\",\"BUSS_DOC_TYPE\":\"费用单\",\"BUSS_SYS\":\"MY1233\",\"COMP_CODE\":\"8031\",\"CREATED_AT\":\"20211113215625\",\"CURRENCY\":\"CNY\",\"DOC_DATE\":\"20211113\",\"DOC_TYPE\":\"AB\",\"EXCH_RATE\":1.00,\"FISC_YEAR\":\"2021\",\"HEADER_TXT\":\"供应商扣款费用核销2021-11-13\",\"ITEM\":[{\"ACCOUNT_TYPE\":\"S\",\"CS_TRANS_T\":\"\",\"DOC_CURR_AMT\":5.66,\"DR_CR_IND\":\"H\",\"GL_ACCOUNT\":\"2221010106\",\"ITEM_TEXT\":\"供应商扣款费用核销2021-11-13\",\"LOC_CURR_AMT\":5.66,\"PACK_DOC_ITEM\":1,\"POSTING_KEY\":\"50\",\"PROFIT_CTR\":\"8031\",\"REF_KEY_3\":\"2111090000002235\",\"SP_GL_IND\":\"\",\"TAX_CODE\":\"J6\",\"VENDOR_NO\":\"0000200111\"},{\"ACCOUNT_TYPE\":\"S\",\"CS_TRANS_T\":\"\",\"DOC_CURR_AMT\":94.35,\"DR_CR_IND\":\"H\",\"GL_ACCOUNT\":\"6051010000\",\"ITEM_TEXT\":\"供应商扣款费用核销2021-11-13\",\"LOC_CURR_AMT\":94.35,\"PACK_DOC_ITEM\":2,\"POSTING_KEY\":\"50\",\"PROFIT_CTR\":\"8031\",\"REF_KEY_3\":\"2111090000002235\",\"SP_GL_IND\":\"\",\"TAX_CODE\":\"J6\",\"VENDOR_NO\":\"0000200111\"},{\"ACCOUNT_TYPE\":\"S\",\"CS_TRANS_T\":\"\",\"DOC_CURR_AMT\":100.01,\"DR_CR_IND\":\"S\",\"GL_ACCOUNT\":\"0000200111\",\"ITEM_TEXT\":\"供应商扣款费用核销2021-11-13\",\"LOC_CURR_AMT\":100.01,\"PACK_DOC_ITEM\":1,\"POSTING_KEY\":\"86\",\"PROFIT_CTR\":\"8031\",\"REF_KEY_3\":\"2111090000002235\",\"SP_GL_IND\":\"\",\"TAX_CODE\":\"J6\",\"VENDOR_NO\":\"0000200111\"}],\"PACK_DOC_NO\":\"2111130000000072\",\"PSTNG_DATE\":\"20211113\",\"REF_DOC_NO\":\"2111090000002235\",\"UPDATE_MOD\":\"A\"}','[{\"FIELD\":\"2111130000000072\",\"ID\":\"YH\",\"LOG_MSG_NO\":\"\",\"LOG_NO\":\"\",\"MESSAGE\":\"数据写入成功\",\"MESSAGE_V1\":\"\",\"MESSAGE_V2\":\"\",\"MESSAGE_V3\":\"\",\"MESSAGE_V4\":\"\",\"NUMBER\":\"000\",\"PARAMETER\":\"\",\"ROW\":\"\",\"SYSTEM\":\"\",\"TYPE\":\"S\"}]',1,1,NULL,1,NULL,0,21000,0,NULL,NULL,NULL,'2021-11-13 13:56:52','2021-11-13 13:56:51','172.16.4.251',NULL,NULL,NULL,NULL,0),(2111130000000085,'2111130000000076','{\"BUSS_DOC_NO\":\"2111090000002239\",\"BUSS_DOC_TYPE\":\"费用单\",\"BUSS_SYS\":\"MY1233\",\"COMP_CODE\":\"8031\",\"CREATED_AT\":\"20211113215625\",\"CURRENCY\":\"CNY\",\"DOC_DATE\":\"20211113\",\"DOC_TYPE\":\"AB\",\"EXCH_RATE\":1.00,\"FISC_YEAR\":\"2021\",\"HEADER_TXT\":\"供应商扣款费用核销2021-11-13\",\"ITEM\":[{\"ACCOUNT_TYPE\":\"S\",\"CS_TRANS_T\":\"\",\"DOC_CURR_AMT\":5.66,\"DR_CR_IND\":\"H\",\"GL_ACCOUNT\":\"2221010106\",\"ITEM_TEXT\":\"供应商扣款费用核销2021-11-13\",\"LOC_CURR_AMT\":5.66,\"PACK_DOC_ITEM\":1,\"POSTING_KEY\":\"50\",\"PROFIT_CTR\":\"8031\",\"REF_KEY_3\":\"2111090000002239\",\"SP_GL_IND\":\"\",\"TAX_CODE\":\"J6\",\"VENDOR_NO\":\"0000200111\"},{\"ACCOUNT_TYPE\":\"S\",\"CS_TRANS_T\":\"\",\"DOC_CURR_AMT\":94.35,\"DR_CR_IND\":\"H\",\"GL_ACCOUNT\":\"6051010000\",\"ITEM_TEXT\":\"供应商扣款费用核销2021-11-13\",\"LOC_CURR_AMT\":94.35,\"PACK_DOC_ITEM\":2,\"POSTING_KEY\":\"50\",\"PROFIT_CTR\":\"8031\",\"REF_KEY_3\":\"2111090000002239\",\"SP_GL_IND\":\"\",\"TAX_CODE\":\"J6\",\"VENDOR_NO\":\"0000200111\"},{\"ACCOUNT_TYPE\":\"S\",\"CS_TRANS_T\":\"\",\"DOC_CURR_AMT\":100.01,\"DR_CR_IND\":\"S\",\"GL_ACCOUNT\":\"0000200111\",\"ITEM_TEXT\":\"供应商扣款费用核销2021-11-13\",\"LOC_CURR_AMT\":100.01,\"PACK_DOC_ITEM\":1,\"POSTING_KEY\":\"86\",\"PROFIT_CTR\":\"8031\",\"REF_KEY_3\":\"2111090000002239\",\"SP_GL_IND\":\"\",\"TAX_CODE\":\"J6\",\"VENDOR_NO\":\"0000200111\"}],\"PACK_DOC_NO\":\"2111130000000076\",\"PSTNG_DATE\":\"20211113\",\"REF_DOC_NO\":\"2111090000002239\",\"UPDATE_MOD\":\"A\"}','[{\"FIELD\":\"2111130000000076\",\"ID\":\"YH\",\"LOG_MSG_NO\":\"\",\"LOG_NO\":\"\",\"MESSAGE\":\"数据写入成功\",\"MESSAGE_V1\":\"\",\"MESSAGE_V2\":\"\",\"MESSAGE_V3\":\"\",\"MESSAGE_V4\":\"\",\"NUMBER\":\"000\",\"PARAMETER\":\"\",\"ROW\":\"\",\"SYSTEM\":\"\",\"TYPE\":\"S\"}]',1,1,NULL,1,NULL,0,21000,0,NULL,NULL,NULL,'2021-11-13 13:56:52','2021-11-13 13:56:51','172.16.4.251',NULL,NULL,NULL,NULL,0),(2111130000000086,'2111130000000080','{\"BUSS_DOC_NO\":\"2111090000002243\",\"BUSS_DOC_TYPE\":\"费用单\",\"BUSS_SYS\":\"MY1233\",\"COMP_CODE\":\"8031\",\"CREATED_AT\":\"20211113215625\",\"CURRENCY\":\"CNY\",\"DOC_DATE\":\"20211113\",\"DOC_TYPE\":\"AB\",\"EXCH_RATE\":1.00,\"FISC_YEAR\":\"2021\",\"HEADER_TXT\":\"供应商扣款费用核销2021-11-13\",\"ITEM\":[{\"ACCOUNT_TYPE\":\"S\",\"CS_TRANS_T\":\"\",\"DOC_CURR_AMT\":5.66,\"DR_CR_IND\":\"H\",\"GL_ACCOUNT\":\"2221010106\",\"ITEM_TEXT\":\"供应商扣款费用核销2021-11-13\",\"LOC_CURR_AMT\":5.66,\"PACK_DOC_ITEM\":1,\"POSTING_KEY\":\"50\",\"PROFIT_CTR\":\"8031\",\"REF_KEY_3\":\"2111090000002243\",\"SP_GL_IND\":\"\",\"TAX_CODE\":\"J6\",\"VENDOR_NO\":\"0000200111\"},{\"ACCOUNT_TYPE\":\"S\",\"CS_TRANS_T\":\"\",\"DOC_CURR_AMT\":94.35,\"DR_CR_IND\":\"H\",\"GL_ACCOUNT\":\"6051010000\",\"ITEM_TEXT\":\"供应商扣款费用核销2021-11-13\",\"LOC_CURR_AMT\":94.35,\"PACK_DOC_ITEM\":2,\"POSTING_KEY\":\"50\",\"PROFIT_CTR\":\"8031\",\"REF_KEY_3\":\"2111090000002243\",\"SP_GL_IND\":\"\",\"TAX_CODE\":\"J6\",\"VENDOR_NO\":\"0000200111\"},{\"ACCOUNT_TYPE\":\"S\",\"CS_TRANS_T\":\"\",\"DOC_CURR_AMT\":100.01,\"DR_CR_IND\":\"S\",\"GL_ACCOUNT\":\"0000200111\",\"ITEM_TEXT\":\"供应商扣款费用核销2021-11-13\",\"LOC_CURR_AMT\":100.01,\"PACK_DOC_ITEM\":1,\"POSTING_KEY\":\"86\",\"PROFIT_CTR\":\"8031\",\"REF_KEY_3\":\"2111090000002243\",\"SP_GL_IND\":\"\",\"TAX_CODE\":\"J6\",\"VENDOR_NO\":\"0000200111\"}],\"PACK_DOC_NO\":\"2111130000000080\",\"PSTNG_DATE\":\"20211113\",\"REF_DOC_NO\":\"2111090000002243\",\"UPDATE_MOD\":\"A\"}','[{\"FIELD\":\"2111130000000080\",\"ID\":\"YH\",\"LOG_MSG_NO\":\"\",\"LOG_NO\":\"\",\"MESSAGE\":\"数据写入成功\",\"MESSAGE_V1\":\"\",\"MESSAGE_V2\":\"\",\"MESSAGE_V3\":\"\",\"MESSAGE_V4\":\"\",\"NUMBER\":\"000\",\"PARAMETER\":\"\",\"ROW\":\"\",\"SYSTEM\":\"\",\"TYPE\":\"S\"}]',1,1,NULL,1,NULL,0,21000,0,NULL,NULL,NULL,'2021-11-13 13:56:52','2021-11-13 13:56:51','172.16.4.251',NULL,NULL,NULL,NULL,0),(2111130000000093,'2111130000000087','{\"BUSS_DOC_NO\":\"2111090000002197\",\"BUSS_DOC_TYPE\":\"费用单\",\"BUSS_SYS\":\"MY1233\",\"COMP_CODE\":\"8031\",\"CREATED_AT\":\"20211113220946\",\"CURRENCY\":\"CNY\",\"DOC_DATE\":\"20211113\",\"DOC_TYPE\":\"AB\",\"EXCH_RATE\":1.00,\"FISC_YEAR\":\"2021\",\"HEADER_TXT\":\"供应商无发票扣款2021-11-13\",\"ITEM\":[{\"ACCOUNT_TYPE\":\"S\",\"COSTCENTER\":\"0080310130\",\"CS_TRANS_T\":\"\",\"DOC_CURR_AMT\":100.01,\"DR_CR_IND\":\"H\",\"GL_ACCOUNT\":\"6301030000\",\"ITEM_TEXT\":\"供应商无发票扣款2021-11-13\",\"LOC_CURR_AMT\":100.01,\"PACK_DOC_ITEM\":2,\"POSTING_KEY\":\"50\",\"PROFIT_CTR\":\"8031\",\"REF_KEY_3\":\"2111090000002197\",\"SP_GL_IND\":\"\",\"TAX_CODE\":\"J0\",\"VENDOR_NO\":\"0000200111\"},{\"ACCOUNT_TYPE\":\"S\",\"COSTCENTER\":\"0080310130\",\"CS_TRANS_T\":\"\",\"DOC_CURR_AMT\":100.01,\"DR_CR_IND\":\"S\",\"GL_ACCOUNT\":\"0000200111\",\"ITEM_TEXT\":\"供应商无发票扣款2021-11-13\",\"LOC_CURR_AMT\":100.01,\"PACK_DOC_ITEM\":2,\"POSTING_KEY\":\"86\",\"PROFIT_CTR\":\"8031\",\"REF_KEY_3\":\"2111090000002197\",\"SP_GL_IND\":\"\",\"TAX_CODE\":\"J0\",\"VENDOR_NO\":\"0000200111\"}],\"PACK_DOC_NO\":\"2111130000000087\",\"PSTNG_DATE\":\"20211113\",\"REF_DOC_NO\":\"2111090000002197\",\"UPDATE_MOD\":\"A\"}','[{\"FIELD\":\"2111130000000087\",\"ID\":\"YH\",\"LOG_MSG_NO\":\"\",\"LOG_NO\":\"\",\"MESSAGE\":\"数据写入成功\",\"MESSAGE_V1\":\"\",\"MESSAGE_V2\":\"\",\"MESSAGE_V3\":\"\",\"MESSAGE_V4\":\"\",\"NUMBER\":\"000\",\"PARAMETER\":\"\",\"ROW\":\"\",\"SYSTEM\":\"\",\"TYPE\":\"S\"}]',1,1,NULL,1,NULL,0,21000,0,NULL,NULL,NULL,'2021-11-13 14:10:23','2021-11-13 14:10:22','172.16.4.251',NULL,NULL,NULL,NULL,0),(2111130000000094,'2111130000000090','{\"BUSS_DOC_NO\":\"2111090000002201\",\"BUSS_DOC_TYPE\":\"费用单\",\"BUSS_SYS\":\"MY1233\",\"COMP_CODE\":\"8031\",\"CREATED_AT\":\"20211113220946\",\"CURRENCY\":\"CNY\",\"DOC_DATE\":\"20211113\",\"DOC_TYPE\":\"AB\",\"EXCH_RATE\":1.00,\"FISC_YEAR\":\"2021\",\"HEADER_TXT\":\"供应商无发票扣款2021-11-13\",\"ITEM\":[{\"ACCOUNT_TYPE\":\"S\",\"COSTCENTER\":\"0080310130\",\"CS_TRANS_T\":\"\",\"DOC_CURR_AMT\":100.01,\"DR_CR_IND\":\"H\",\"GL_ACCOUNT\":\"6301030000\",\"ITEM_TEXT\":\"供应商无发票扣款2021-11-13\",\"LOC_CURR_AMT\":100.01,\"PACK_DOC_ITEM\":2,\"POSTING_KEY\":\"50\",\"PROFIT_CTR\":\"8031\",\"REF_KEY_3\":\"2111090000002201\",\"SP_GL_IND\":\"\",\"TAX_CODE\":\"J0\",\"VENDOR_NO\":\"0000200111\"},{\"ACCOUNT_TYPE\":\"S\",\"COSTCENTER\":\"0080310130\",\"CS_TRANS_T\":\"\",\"DOC_CURR_AMT\":100.01,\"DR_CR_IND\":\"S\",\"GL_ACCOUNT\":\"0000200111\",\"ITEM_TEXT\":\"供应商无发票扣款2021-11-13\",\"LOC_CURR_AMT\":100.01,\"PACK_DOC_ITEM\":2,\"POSTING_KEY\":\"86\",\"PROFIT_CTR\":\"8031\",\"REF_KEY_3\":\"2111090000002201\",\"SP_GL_IND\":\"\",\"TAX_CODE\":\"J0\",\"VENDOR_NO\":\"0000200111\"}],\"PACK_DOC_NO\":\"2111130000000090\",\"PSTNG_DATE\":\"20211113\",\"REF_DOC_NO\":\"2111090000002201\",\"UPDATE_MOD\":\"A\"}','[{\"FIELD\":\"2111130000000090\",\"ID\":\"YH\",\"LOG_MSG_NO\":\"\",\"LOG_NO\":\"\",\"MESSAGE\":\"数据写入成功\",\"MESSAGE_V1\":\"\",\"MESSAGE_V2\":\"\",\"MESSAGE_V3\":\"\",\"MESSAGE_V4\":\"\",\"NUMBER\":\"000\",\"PARAMETER\":\"\",\"ROW\":\"\",\"SYSTEM\":\"\",\"TYPE\":\"S\"}]',1,1,NULL,1,NULL,0,21000,0,NULL,NULL,NULL,'2021-11-13 14:10:23','2021-11-13 14:10:22','172.16.4.251',NULL,NULL,NULL,NULL,0);
/*!40000 ALTER TABLE `certificate_log` ENABLE KEYS */;
UNLOCK TABLES;

--
-- Table structure for table `child_subject_mapping_config`
--

DROP TABLE IF EXISTS `child_subject_mapping_config`;
/*!40101 SET @saved_cs_client     = @@character_set_client */;
/*!40101 SET character_set_client = utf8 */;
CREATE TABLE `child_subject_mapping_config` (
  `id` bigint(20) NOT NULL COMMENT 'id',
  `mapping_key` varchar(255) DEFAULT NULL COMMENT '映射条件',
  `mapping_type` tinyint(3) DEFAULT NULL COMMENT '映射条件类型 0资金 1应收应付 2退款冲销 3库存成本 4费用',
  `subject_id` bigint(20) DEFAULT NULL COMMENT '映射科目编码',
  `subject_parent_id` bigint(20) DEFAULT NULL COMMENT '映射父级科目编码',
  `merchant_code` varchar(64) NOT NULL COMMENT '商家编码',
  `is_deleted` tinyint(3) DEFAULT '0' COMMENT '逻辑删除字段 0 正常 1 已删除',
  `company_id` bigint(20) DEFAULT NULL COMMENT '公司id',
  `version_no` int(11) DEFAULT '0' COMMENT '版本号:默认0,每次更新+1',
  `create_userid` bigint(20) DEFAULT NULL COMMENT '创建人ID',
  `create_username` varchar(100) DEFAULT NULL COMMENT '创建人用户名',
  `create_userip` varchar(255) DEFAULT NULL COMMENT '创建人IP',
  `create_time` timestamp NULL DEFAULT CURRENT_TIMESTAMP COMMENT '创建时间-应用操作时间',
  `create_time_db` timestamp NULL DEFAULT CURRENT_TIMESTAMP COMMENT '创建时间-数据库操作时间',
  `server_ip` varchar(255) DEFAULT NULL COMMENT '服务器IP',
  `update_userid` bigint(20) DEFAULT NULL COMMENT '最后修改人ID',
  `update_username` varchar(100) DEFAULT NULL COMMENT '最后修改人用户名',
  `update_userip` varchar(255) DEFAULT NULL COMMENT '最后修改人IP',
  `update_time` timestamp NULL DEFAULT NULL ON UPDATE CURRENT_TIMESTAMP COMMENT '最后修改时间',
  PRIMARY KEY (`id`)
) ENGINE=InnoDB DEFAULT CHARSET=utf8mb4 COMMENT='子级科目映射表';
/*!40101 SET character_set_client = @saved_cs_client */;

--
-- Dumping data for table `child_subject_mapping_config`
--

LOCK TABLES `child_subject_mapping_config` WRITE;
/*!40000 ALTER TABLE `child_subject_mapping_config` DISABLE KEYS */;
INSERT INTO `child_subject_mapping_config` VALUES (1,'11',3,2,1,'8031',0,21000,1,21022317473132,'superadmin','127.0.0.1','2021-10-19 15:53:26','2021-10-19 15:53:26','127.0.0.1',21022317473132,'superadmin','127.0.0.1','2021-11-10 10:24:55'),(2,'12',3,3,1,'8031',0,21000,1,21022317473132,'superadmin','127.0.0.1','2021-10-19 15:53:26','2021-10-19 15:53:26','127.0.0.1',21022317473132,'superadmin','127.0.0.1','2021-11-10 10:24:55'),(3,'13',3,3,1,'8031',0,21000,1,21022317473132,'superadmin','127.0.0.1','2021-10-19 15:53:26','2021-10-19 15:53:26','127.0.0.1',21022317473132,'superadmin','127.0.0.1','2021-11-10 10:24:55'),(4,'10',3,4,1,'8031',0,21000,1,21022317473132,'superadmin','127.0.0.1','2021-10-19 15:53:26','2021-10-19 15:53:26','127.0.0.1',21022317473132,'superadmin','127.0.0.1','2021-11-10 10:24:55'),(5,'JF',1,13,9,'8031',0,21000,1,21022317473132,'superadmin','127.0.0.1','2021-10-19 15:53:26','2021-10-19 15:53:26','127.0.0.1',21022317473132,'superadmin','127.0.0.1','2021-11-10 10:24:55'),(6,'JG',4,13,9,'8031',0,21000,1,21022317473132,'superadmin','127.0.0.1','2021-10-19 15:53:26','2021-10-19 15:53:26','127.0.0.1',21022317473132,'superadmin','127.0.0.1','2021-11-10 10:24:55'),(7,'JH',1,14,9,'8031',0,21000,1,21022317473132,'superadmin','127.0.0.1','2021-10-19 15:53:26','2021-10-19 15:53:26','127.0.0.1',21022317473132,'superadmin','127.0.0.1','2021-11-10 10:24:55'),(8,'J1',1,10,9,'8031',0,21000,1,21022317473132,'superadmin','127.0.0.1','2021-10-19 15:53:26','2021-10-19 15:53:26','127.0.0.1',21022317473132,'superadmin','127.0.0.1','2021-11-10 10:24:55'),(9,'JJ',1,26,9,'8031',0,21000,1,21022317473132,'superadmin','127.0.0.1','2021-10-19 15:53:26','2021-10-19 15:53:26','127.0.0.1',21022317473132,'superadmin','127.0.0.1','2021-11-12 02:52:02'),(10,'J6',4,11,9,'8031',0,21000,1,21022317473132,'superadmin','127.0.0.1','2021-10-19 15:53:26','2021-10-19 15:53:26','127.0.0.1',21022317473132,'superadmin','127.0.0.1','2021-11-10 10:24:54'),(11,'J7',4,15,9,'8031',0,21000,1,21022317473132,'superadmin','127.0.0.1','2021-10-19 15:53:26','2021-10-19 15:53:26','127.0.0.1',21022317473132,'superadmin','127.0.0.1','2021-11-10 10:24:54'),(12,'J8',4,12,9,'8031',0,21000,1,21022317473132,'superadmin','127.0.0.1','2021-10-19 15:53:26','2021-10-19 15:53:26','127.0.0.1',21022317473132,'superadmin','127.0.0.1','2021-11-10 10:24:54'),(13,'XI',4,25,22,'8031',0,21000,1,21022317473132,'superadmin','127.0.0.1','2021-10-19 15:53:26','2021-10-19 15:53:26','127.0.0.1',21022317473132,'superadmin','127.0.0.1','2021-11-10 10:24:54'),(14,'XF',4,24,22,'8031',0,21000,1,21022317473132,'superadmin','127.0.0.1','2021-10-19 15:53:26','2021-10-19 15:53:26','127.0.0.1',21022317473132,'superadmin','127.0.0.1','2021-11-10 10:24:54');
/*!40000 ALTER TABLE `child_subject_mapping_config` ENABLE KEYS */;
UNLOCK TABLES;

--
-- Table structure for table `original`
--

DROP TABLE IF EXISTS `original`;
/*!40101 SET @saved_cs_client     = @@character_set_client */;
/*!40101 SET character_set_client = utf8 */;
CREATE TABLE `original` (
  `id` bigint(20) NOT NULL COMMENT 'ID,作为子表流水号',
  `business_code` varchar(64) NOT NULL COMMENT '业务单号',
  `order_code` varchar(64) NOT NULL COMMENT '原始订单号',
  `original_type` tinyint(3) NOT NULL COMMENT '原始数据类型 0 资金数据  1应收应付数据 2 退款收入冲减数据  3库存成本数据  4 费用数据',
  `business_type_code` varchar(64) NOT NULL COMMENT '业务类型代码',
  `merchant_code` varchar(64) NOT NULL COMMENT '商家编码',
  `profit_center` varchar(20) DEFAULT NULL COMMENT '利润中心',
  `cost_center` varchar(20) DEFAULT NULL COMMENT '成本中心',
  `distribution_code` varchar(20) NOT NULL COMMENT '供应商/客户编码',
  `distribution_type` tinyint(3) NOT NULL COMMENT '供应商/客户类型 0: 供应商 1:客户',
  `currency` varchar(10) DEFAULT 'CNY' COMMENT '货币，默认:CNY',
  `exchange_rate` decimal(14,2) DEFAULT '1.00' COMMENT '汇率',
  `data_summary_flag` tinyint(3) DEFAULT '0' COMMENT '是否数据汇总 0否 1是',
  `business_create_time` datetime DEFAULT NULL COMMENT '业务发生时间',
  `generate_flag` tinyint(3) DEFAULT '0' COMMENT '是否生成预制凭证 0否 1是',
  `business_type` varchar(20) DEFAULT NULL COMMENT '业务类型:纸皮收入,赠品收入,罚款收入',
  `is_deleted` tinyint(3) DEFAULT '0' COMMENT '逻辑删除字段 0 正常 1 已删除',
  `company_id` bigint(20) DEFAULT NULL COMMENT '公司id',
  `version_no` int(11) DEFAULT '0' COMMENT '版本号:默认0,每次更新+1',
  `create_userid` bigint(20) DEFAULT NULL COMMENT '创建人ID',
  `create_username` varchar(100) DEFAULT NULL COMMENT '创建人用户名',
  `create_userip` varchar(255) DEFAULT NULL COMMENT '创建人IP',
  `create_time` timestamp NULL DEFAULT CURRENT_TIMESTAMP COMMENT '创建时间-应用操作时间',
  `create_time_db` timestamp NULL DEFAULT CURRENT_TIMESTAMP COMMENT '创建时间-数据库操作时间',
  `server_ip` varchar(255) DEFAULT NULL COMMENT '服务器IP',
  `update_userid` bigint(20) DEFAULT NULL COMMENT '最后修改人ID',
  `update_username` varchar(100) DEFAULT NULL COMMENT '最后修改人用户名',
  `update_userip` varchar(255) DEFAULT NULL COMMENT '最后修改人IP',
  `update_time` timestamp NULL DEFAULT NULL ON UPDATE CURRENT_TIMESTAMP COMMENT '最后修改时间',
  PRIMARY KEY (`id`) USING BTREE
) ENGINE=InnoDB DEFAULT CHARSET=utf8mb4 COMMENT='原始数据总表';
/*!40101 SET character_set_client = @saved_cs_client */;

--
-- Dumping data for table `original`
--

LOCK TABLES `original` WRITE;
/*!40000 ALTER TABLE `original` DISABLE KEYS */;
INSERT INTO `original` VALUES (556,'SH2110310000000185','CG2110310000000186',3,'C02','8031','8031',NULL,'0000200111',0,'CNY',1.00,0,'2021-10-31 15:36:52',1,NULL,0,21000,0,NULL,NULL,NULL,'2021-11-08 08:06:01','2021-11-08 08:06:00','172.16.4.236',NULL,NULL,NULL,'2021-11-08 09:01:06'),(559,'SH2110310000000009','CG2110300000000144',3,'C02','8031','8031',NULL,'0000200111',0,'CNY',1.00,0,'2021-10-31 00:01:35',1,NULL,0,21000,0,NULL,NULL,NULL,'2021-11-08 08:06:01','2021-11-08 08:06:00','172.16.4.236',NULL,NULL,NULL,'2021-11-08 09:01:06'),(567,'TH2110310000000121','TH2110310000000121',3,'C06','8031','8031',NULL,'0000200111',0,'CNY',1.00,0,'2021-10-31 13:30:39',1,NULL,0,21000,0,NULL,NULL,NULL,'2021-11-08 08:06:01','2021-11-08 08:06:00','172.16.4.236',NULL,NULL,NULL,'2021-11-08 09:01:06'),(569,'TH2110300000000077','TH2110300000000077',3,'C06','8031','8031',NULL,'0000200111',0,'CNY',1.00,0,'2021-10-30 15:30:36',1,NULL,0,21000,0,NULL,NULL,NULL,'2021-11-08 08:06:01','2021-11-08 08:06:00','172.16.4.236',NULL,NULL,NULL,'2021-11-08 09:01:06'),(571,'TH2110310000000026','TH2110310000000026',3,'C06','8031','8031',NULL,'0000200111',0,'CNY',1.00,0,'2021-10-31 00:02:41',1,NULL,0,21000,0,NULL,NULL,NULL,'2021-11-08 08:06:01','2021-11-08 08:06:00','172.16.4.236',NULL,NULL,NULL,'2021-11-08 09:01:06'),(574,'GZ2110310000000200','CG2110310000000186',3,'C08','8031','8031',NULL,'0000200111',0,'CNY',1.00,0,'2021-10-31 15:38:08',1,NULL,0,21000,0,NULL,NULL,NULL,'2021-11-08 08:06:01','2021-11-08 08:06:00','172.16.4.236',NULL,NULL,NULL,'2021-11-08 09:01:06'),(576,'GZ2110310000000073','CG2110300000000144',3,'C09','8031','8031',NULL,'0000200111',0,'CNY',1.00,0,'2021-10-31 11:56:34',1,NULL,0,21000,0,NULL,NULL,NULL,'2021-11-08 08:06:01','2021-11-08 08:06:00','172.16.4.236',NULL,NULL,NULL,'2021-11-08 09:01:06'),(577,'GZ2110310000000211','CG2110310000000186',3,'C09','8031','8031',NULL,'0000200111',0,'CNY',1.00,0,'2021-10-31 15:38:45',1,NULL,0,21000,0,NULL,NULL,NULL,'2021-11-08 08:06:01','2021-11-08 08:06:00','172.16.4.236',NULL,NULL,NULL,'2021-11-08 09:01:06'),(579,'GZ2110310000000132','TH2110310000000121',3,'C10','8031','8031',NULL,'0000200111',0,'CNY',1.00,0,'2021-10-31 14:25:54',1,NULL,0,21000,0,NULL,NULL,NULL,'2021-11-08 08:06:01','2021-11-08 08:06:00','172.16.4.236',NULL,NULL,NULL,'2021-11-08 09:01:06'),(580,'GZ2110310000000080','TH2110310000000026',3,'C11','8031','8031',NULL,'0000200111',0,'CNY',1.00,0,'2021-10-31 12:38:05',1,NULL,0,21000,0,NULL,NULL,NULL,'2021-11-08 08:06:01','2021-11-08 08:06:00','172.16.4.236',NULL,NULL,NULL,'2021-11-08 09:01:06'),(581,'GZ2110310000000127','TH2110310000000121',3,'C11','8031','8031',NULL,'0000200111',0,'CNY',1.00,0,'2021-10-31 14:25:59',1,NULL,0,21000,0,NULL,NULL,NULL,'2021-11-08 08:06:01','2021-11-08 08:06:00','172.16.4.236',NULL,NULL,NULL,'2021-11-08 09:01:06'),(589,'PD2111040000000001','PD2111040000000001',3,'E01','8031','8031',NULL,'0000200111',0,'CNY',1.00,0,'2021-11-04 11:08:23',1,NULL,0,21000,0,NULL,NULL,NULL,'2021-11-08 08:06:01','2021-11-08 08:06:00','172.16.4.236',NULL,NULL,NULL,'2021-11-08 09:01:06'),(590,'PD2110310000000002','PD2110310000000002',3,'E02','8031','8031',NULL,'0000200111',0,'CNY',1.00,0,'2021-10-31 13:36:08',1,NULL,0,21000,0,NULL,NULL,NULL,'2021-11-08 08:06:01','2021-11-08 08:06:00','172.16.4.236',NULL,NULL,NULL,'2021-11-08 09:01:06'),(591,'PD2110310000000001','PD2110310000000001',3,'E02','8031','8031',NULL,'0000200111',0,'CNY',1.00,0,'2021-10-31 13:34:56',1,NULL,0,21000,0,NULL,NULL,NULL,'2021-11-08 08:06:01','2021-11-08 08:06:00','172.16.4.236',NULL,NULL,NULL,'2021-11-08 09:01:06'),(592,'TH2111040000001740','TH2111040000001740',3,'C06','yh-1233maoyi','yh-1233maoyi',NULL,'yh-chenguang',0,'CNY',1.00,0,'2021-11-04 16:34:51',1,NULL,0,21000,0,NULL,NULL,NULL,'2021-11-08 08:06:01','2021-11-08 08:06:00','172.16.4.236',NULL,NULL,NULL,'2021-11-08 09:01:06'),(839,'SH2111080000000268','SH2111080000000268',3,'C02','8031','8031',NULL,'0000200111',0,'CNY',1.00,0,'2021-11-08 10:14:03',1,NULL,0,21000,0,NULL,NULL,NULL,'2021-11-08 08:06:01','2021-11-08 08:06:00','172.16.4.236',NULL,NULL,NULL,'2021-11-08 09:01:06'),(840,'SH2111080000000278','CG2111080000000283',3,'C02','8031','8031',NULL,'0000200111',0,'CNY',1.00,0,'2021-11-08 10:16:58',1,NULL,0,21000,0,NULL,NULL,NULL,'2021-11-08 08:06:01','2021-11-08 08:06:00','172.16.4.236',NULL,NULL,NULL,'2021-11-08 09:01:06'),(841,'SH2111080000000324','SH2111080000000324',3,'C02','8031','8031',NULL,'0000200111',0,'CNY',1.00,0,'2021-11-08 10:33:27',1,NULL,0,21000,0,NULL,NULL,NULL,'2021-11-08 08:06:01','2021-11-08 08:06:00','172.16.4.236',NULL,NULL,NULL,'2021-11-08 09:01:06'),(842,'SH2111080000000328','SH2111080000000328',3,'C02','8031','8031',NULL,'0000200111',0,'CNY',1.00,0,'2021-11-08 11:09:14',1,NULL,0,21000,0,NULL,NULL,NULL,'2021-11-08 08:06:01','2021-11-08 08:06:00','172.16.4.236',NULL,NULL,NULL,'2021-11-08 09:01:06'),(843,'TH2111080000000335','TH2111080000000335',3,'C06','8031','8031',NULL,'0000200111',0,'CNY',1.00,0,'2021-11-08 13:40:43',1,NULL,0,21000,0,NULL,NULL,NULL,'2021-11-08 08:06:01','2021-11-08 08:06:00','172.16.4.236',NULL,NULL,NULL,'2021-11-08 09:01:06'),(845,'TH2111080000001151','TH2111080000001151',3,'C06','8031','8031',NULL,'0000200111',0,'CNY',1.00,0,'2021-11-08 13:45:02',1,NULL,0,21000,0,NULL,NULL,NULL,'2021-11-08 08:06:01','2021-11-08 08:06:00','172.16.4.236',NULL,NULL,NULL,'2021-11-08 09:01:06'),(846,'TH2111080000001151','TH2111080000001151',3,'C06','8031','8031',NULL,'0000200111',0,'CNY',1.00,0,'2021-11-08 13:45:02',1,NULL,0,21000,0,NULL,NULL,NULL,'2021-11-08 08:06:01','2021-11-08 08:06:00','172.16.4.236',NULL,NULL,NULL,'2021-11-08 09:01:06'),(847,'SH2111080000001488','SH2111080000001488',3,'C02','8031','8031',NULL,'0000200111',0,'CNY',1.00,0,'2021-11-08 14:06:35',1,NULL,0,21000,0,NULL,NULL,NULL,'2021-11-08 08:06:01','2021-11-08 08:06:00','172.16.4.236',NULL,NULL,NULL,'2021-11-08 09:01:06'),(848,'SH2111080000000901','SH2111080000000901',3,'C02','8031','8031',NULL,'0000200111',0,'CNY',1.00,0,'2021-11-08 14:06:59',1,NULL,0,21000,0,NULL,NULL,NULL,'2021-11-08 08:06:01','2021-11-08 08:06:00','172.16.4.236',NULL,NULL,NULL,'2021-11-08 09:01:06'),(849,'SH2111080000004747','SH2111080000004747',3,'C02','8031','8031',NULL,'0000200111',0,'CNY',1.00,0,'2021-11-08 17:44:58',1,NULL,0,21000,0,NULL,NULL,NULL,'2021-11-08 09:57:00','2021-11-08 09:57:00','172.16.8.170',NULL,NULL,NULL,'2021-11-08 14:43:48'),(850,'TH2111080000002378','TH2111080000002378',3,'C06','yh-1233maoyi','yh-1233maoyi',NULL,'yh-chenguang',0,'CNY',1.00,0,'2021-11-08 18:10:30',1,NULL,0,21000,0,NULL,NULL,NULL,'2021-11-08 10:18:00','2021-11-08 10:18:00','172.16.8.170',NULL,NULL,NULL,'2021-11-08 14:43:48'),(851,'SH2111090000000038','SH2111090000000038',3,'C02','8031','8031',NULL,'0000200111',0,'CNY',1.00,0,'2021-11-09 09:27:09',1,NULL,0,21000,0,NULL,NULL,NULL,'2021-11-09 01:39:01','2021-11-09 01:39:00','172.16.8.170',NULL,NULL,NULL,'2021-11-09 10:13:01'),(852,'SH2111090000000081','SH2111090000000081',3,'C02','8031','8031',NULL,'0000200111',0,'CNY',1.00,0,'2021-11-09 09:53:30',1,NULL,0,21000,0,NULL,NULL,NULL,'2021-11-09 02:18:00','2021-11-09 02:18:00','172.16.8.170',NULL,NULL,NULL,'2021-11-09 10:13:01'),(854,'SH2111090000000217','SH2111090000000217',3,'C02','8031','8031',NULL,'0000200111',0,'CNY',1.00,0,'2021-11-09 11:05:07',1,NULL,0,21000,0,NULL,NULL,NULL,'2021-11-09 03:27:00','2021-11-09 03:27:00','172.16.8.170',NULL,NULL,NULL,'2021-11-09 10:13:01'),(855,'PD2111090000000002','PD2111090000000002',3,'E01','8031','8031',NULL,'0000200111',0,'CNY',1.00,0,'2021-11-09 11:33:27',1,NULL,0,21000,0,NULL,NULL,NULL,'2021-11-09 03:39:00','2021-11-09 03:39:00','172.16.8.170',NULL,NULL,NULL,'2021-11-09 10:13:01'),(856,'PD2111090000000001','PD2111090000000001',3,'E01','8031','8031',NULL,'0000200111',0,'CNY',1.00,0,'2021-11-09 11:32:08',1,NULL,0,21000,0,NULL,NULL,NULL,'2021-11-09 03:39:00','2021-11-09 03:39:00','172.16.8.170',NULL,NULL,NULL,'2021-11-09 10:13:01'),(857,'PD2111090000000002','PD2111090000000002',3,'E02','8031','8031',NULL,'0000200111',0,'CNY',1.00,0,'2021-11-09 11:33:27',1,NULL,0,21000,0,NULL,NULL,NULL,'2021-11-09 03:39:00','2021-11-09 03:39:00','172.16.8.170',NULL,NULL,NULL,'2021-11-09 10:13:01'),(858,'PD2111090000000001','PD2111090000000001',3,'E02','8031','8031',NULL,'0000200111',0,'CNY',1.00,0,'2021-11-09 11:32:08',1,NULL,0,21000,0,NULL,NULL,NULL,'2021-11-09 03:39:00','2021-11-09 03:39:00','172.16.8.170',NULL,NULL,NULL,'2021-11-09 10:13:01'),(859,'SH2111090000000521','SH2111090000000521',3,'C02','8031','8031',NULL,'0000200111',0,'CNY',1.00,0,'2021-11-09 13:43:35',1,NULL,0,21000,0,NULL,NULL,NULL,'2021-11-09 05:54:00','2021-11-09 05:54:00','172.16.8.170',NULL,NULL,NULL,'2021-11-09 10:13:01'),(860,'SH2111090000000530','SH2111090000000530',3,'C02','8031','8031',NULL,'0000200111',0,'CNY',1.00,0,'2021-11-09 13:44:16',1,NULL,0,21000,0,NULL,NULL,NULL,'2021-11-09 05:54:00','2021-11-09 05:54:00','172.16.8.170',NULL,NULL,NULL,'2021-11-09 10:13:01'),(861,'SH2111090000000536','SH2111090000000536',3,'C02','8031','8031',NULL,'0000200111',0,'CNY',1.00,0,'2021-11-09 13:45:04',1,NULL,0,21000,0,NULL,NULL,NULL,'2021-11-09 05:57:00','2021-11-09 05:57:00','172.16.8.170',NULL,NULL,NULL,'2021-11-10 11:12:46'),(862,'SH2111090000001059','SH2111090000001059',3,'C02','8031','8031',NULL,'0000200111',0,'CNY',1.00,0,'2021-11-09 14:26:56',1,NULL,0,21000,0,NULL,NULL,NULL,'2021-11-09 06:36:01','2021-11-09 06:36:00','172.16.8.170',NULL,NULL,NULL,'2021-11-10 11:12:46'),(925,'2111120000001689','2111120000001689',4,'C04','8031','8031',NULL,'0000200111',0,'CNY',1.00,0,'2021-11-12 14:42:12',0,NULL,0,21000,0,NULL,NULL,NULL,'2021-11-12 07:00:14','2021-11-12 07:00:13','172.16.5.155',NULL,NULL,NULL,NULL),(926,'2111090000001558','2111090000001558',4,'C04','8031','8031','0080310130','0000200111',0,'CNY',1.00,0,'2021-11-09 15:20:02',1,NULL,0,21000,0,NULL,NULL,NULL,'2021-11-12 07:00:14','2021-11-12 07:00:13','172.16.5.155',NULL,NULL,NULL,'2021-11-12 07:00:54'),(927,'2111090000002148','2111090000002148',4,'C04','8031','8031','0080310130','0000200111',0,'CNY',1.00,0,'2021-11-09 16:08:43',1,NULL,0,21000,0,NULL,NULL,NULL,'2021-11-12 07:00:14','2021-11-12 07:00:13','172.16.5.155',NULL,NULL,NULL,'2021-11-12 07:00:54'),(928,'2111090000002164','2111090000002164',4,'C04','8031','8031','0080310130','0000200111',0,'CNY',1.00,0,'2021-11-09 16:12:00',1,NULL,0,21000,0,NULL,NULL,NULL,'2021-11-12 07:00:14','2021-11-12 07:00:13','172.16.5.155',NULL,NULL,NULL,'2021-11-12 07:00:54'),(929,'2111090000002169','2111090000002169',4,'C04','8031','8031','0080310130','0000200111',0,'CNY',1.00,0,'2021-11-09 16:13:41',1,NULL,0,21000,0,NULL,NULL,NULL,'2021-11-12 07:00:14','2021-11-12 07:00:13','172.16.5.155',NULL,NULL,NULL,'2021-11-12 07:00:54'),(932,'TH2111080000001121','TH2111080000001121',3,'C06','8031','8031',NULL,'0000200111',0,'CNY',1.00,0,'2021-11-08 13:40:26',1,NULL,0,21000,0,NULL,NULL,NULL,'2021-11-12 08:05:50','2021-11-12 08:05:50','172.16.5.155',NULL,NULL,NULL,'2021-11-12 08:06:14'),(933,'TH2111120000002003','TH2111120000002003',3,'C06','8031','8031',NULL,'0000200111',0,'CNY',1.00,0,'2021-11-12 16:16:19',1,NULL,0,21000,0,NULL,NULL,NULL,'2021-11-12 08:30:48','2021-11-12 08:30:47','172.16.5.155',NULL,NULL,NULL,'2021-11-12 08:35:13'),(934,'TH2111120000001987','TH2111120000001987',3,'C06','8031','8031',NULL,'0000200111',0,'CNY',1.00,0,'2021-11-12 16:15:04',1,NULL,0,21000,0,NULL,NULL,NULL,'2021-11-12 08:30:48','2021-11-12 08:30:47','172.16.5.155',NULL,NULL,NULL,'2021-11-12 08:35:13'),(935,'TH2111120000002012','TH2111120000002012',3,'C06','8031','8031',NULL,'0000200111',0,'CNY',1.00,0,'2021-11-12 16:18:34',1,NULL,0,21000,0,NULL,NULL,NULL,'2021-11-12 08:30:48','2021-11-12 08:30:47','172.16.5.155',NULL,NULL,NULL,'2021-11-12 08:35:13'),(936,'GZ2111120000002460','SH2111090000000536',3,'C09','8031','8031',NULL,'0000200111',0,'CNY',1.00,0,'2021-11-12 16:57:10',1,NULL,0,21000,0,NULL,NULL,NULL,'2021-11-12 09:07:30','2021-11-12 09:07:29','172.16.5.155',NULL,NULL,NULL,'2021-11-12 09:09:36'),(937,'GZ2111120000002428','CG2111080000000283',3,'C09','8031','8031',NULL,'0000200111',0,'CNY',1.00,0,'2021-11-12 16:51:32',0,NULL,0,21000,0,NULL,NULL,NULL,'2021-11-12 09:07:30','2021-11-12 09:07:29','172.16.5.155',NULL,NULL,NULL,NULL),(940,'DZ2110260000001874','DZ2110260000001874',1,'C03','8031','8031',NULL,'0000200111',0,'CNY',1.00,0,'2021-10-26 18:18:26',1,NULL,0,21000,0,NULL,NULL,NULL,'2021-11-13 04:05:26','2021-11-13 04:05:25','172.16.5.155',NULL,NULL,NULL,'2021-11-13 04:16:36'),(941,'DZ2111090000001356','DZ2111090000001356',1,'C03','8031','8031',NULL,'0000200111',0,'CNY',1.00,0,'2021-05-31 11:10:51',1,NULL,0,21000,0,NULL,NULL,NULL,'2021-11-13 04:05:26','2021-11-13 04:05:25','172.16.5.155',NULL,NULL,NULL,'2021-11-13 04:16:36'),(943,'DZ2111090000000120','DZ2111090000000120',1,'C03','8031','8031',NULL,'0000200111',0,'CNY',1.00,0,'2021-05-31 11:10:51',1,NULL,0,21000,0,NULL,NULL,NULL,'2021-11-13 04:46:30','2021-11-13 04:46:29','172.16.7.208',NULL,NULL,NULL,'2021-11-13 10:29:25'),(944,'DZ2111080000002370','DZ2111080000002370',1,'C03','8031','8031',NULL,'0000200111',0,'CNY',1.00,0,'2021-11-08 18:11:55',1,NULL,0,21000,0,NULL,NULL,NULL,'2021-11-13 12:10:24','2021-11-13 12:10:24','172.16.11.37',NULL,NULL,NULL,'2021-11-13 12:12:49'),(945,'2111090000002235','2111090000002235',4,'C05','8031','8031',NULL,'0000200111',0,'CNY',1.00,0,'2021-11-09 16:31:17',1,NULL,0,21000,0,NULL,NULL,NULL,'2021-11-13 13:52:47','2021-11-13 13:52:47','172.16.4.251',NULL,NULL,NULL,'2021-11-13 13:56:25'),(946,'2111090000002239','2111090000002239',4,'C05','8031','8031',NULL,'0000200111',0,'CNY',1.00,0,'2021-11-09 16:32:03',1,NULL,0,21000,0,NULL,NULL,NULL,'2021-11-13 13:52:47','2021-11-13 13:52:47','172.16.4.251',NULL,NULL,NULL,'2021-11-13 13:56:25'),(947,'2111090000002243','2111090000002243',4,'C05','8031','8031',NULL,'0000200111',0,'CNY',1.00,0,'2021-11-09 16:32:20',1,NULL,0,21000,0,NULL,NULL,NULL,'2021-11-13 13:52:47','2021-11-13 13:52:47','172.16.4.251',NULL,NULL,NULL,'2021-11-13 13:56:25'),(948,'2111090000002197','2111090000002197',4,'C13','8031','8031','0080310130','0000200111',0,'CNY',1.00,0,'2021-11-09 16:26:45',1,NULL,0,21000,0,NULL,NULL,NULL,'2021-11-13 14:09:16','2021-11-13 14:09:16','172.16.4.251',NULL,NULL,NULL,'2021-11-13 14:09:45'),(949,'2111090000002201','2111090000002201',4,'C13','8031','8031','0080310130','0000200111',0,'CNY',1.00,0,'2021-11-09 16:27:16',1,NULL,0,21000,0,NULL,NULL,NULL,'2021-11-13 14:09:16','2021-11-13 14:09:16','172.16.4.251',NULL,NULL,NULL,'2021-11-13 14:09:45');
/*!40000 ALTER TABLE `original` ENABLE KEYS */;
UNLOCK TABLES;

--
-- Table structure for table `original_item`
--

DROP TABLE IF EXISTS `original_item`;
/*!40101 SET @saved_cs_client     = @@character_set_client */;
/*!40101 SET character_set_client = utf8 */;
CREATE TABLE `original_item` (
  `id` bigint(20) NOT NULL AUTO_INCREMENT COMMENT 'ID',
  `original_id` bigint(20) NOT NULL COMMENT '数据流水号,在originl表中唯一,由业务方获取填写提交',
  `original_type` tinyint(3) NOT NULL COMMENT '原始数据类型 0 资金数据  1应收应付数据 2 退款收入冲减数据  3库存成本数据  4 费用数据 ',
  `tax_amount` decimal(14,2) DEFAULT NULL COMMENT '含税金额',
  `generic_amount` decimal(14,2) DEFAULT NULL COMMENT '不含税金额',
  `tax` decimal(14,2) DEFAULT NULL COMMENT '税额',
  `tax_code` varchar(20) DEFAULT NULL COMMENT '税码',
  `amount` decimal(14,2) DEFAULT NULL COMMENT '资金类型的金额数目',
  `account` varchar(64) DEFAULT NULL COMMENT '账号',
  `account_type` tinyint(3) DEFAULT '1' COMMENT '账号类型 1:银行卡 2.支付宝 3.微信',
  `category_code` varchar(20) DEFAULT NULL COMMENT '成本类目编码',
  `category_name` varchar(20) DEFAULT NULL COMMENT '成本类目名称',
  `is_deleted` tinyint(3) DEFAULT '0' COMMENT '逻辑删除字段 0 正常 1 已删除',
  `company_id` bigint(20) DEFAULT NULL COMMENT '公司id',
  `version_no` int(11) DEFAULT '0' COMMENT '版本号:默认0,每次更新+1',
  `create_userid` bigint(20) DEFAULT NULL COMMENT '创建人ID',
  `create_username` varchar(100) DEFAULT NULL COMMENT '创建人用户名',
  `create_userip` varchar(255) DEFAULT NULL COMMENT '创建人IP',
  `create_time` timestamp NULL DEFAULT CURRENT_TIMESTAMP COMMENT '创建时间-应用操作时间',
  `create_time_db` timestamp NULL DEFAULT CURRENT_TIMESTAMP COMMENT '创建时间-数据库操作时间',
  `server_ip` varchar(255) DEFAULT NULL COMMENT '服务器IP',
  `update_userid` bigint(20) DEFAULT NULL COMMENT '最后修改人ID',
  `update_username` varchar(100) DEFAULT NULL COMMENT '最后修改人用户名',
  `update_userip` varchar(255) DEFAULT NULL COMMENT '最后修改人IP',
  `update_time` timestamp NULL DEFAULT NULL ON UPDATE CURRENT_TIMESTAMP COMMENT '最后修改时间',
  PRIMARY KEY (`id`) USING BTREE
) ENGINE=InnoDB AUTO_INCREMENT=242 DEFAULT CHARSET=utf8mb4 COMMENT='原始单据子表包含成本/资金/费用/冲减/成本';
/*!40101 SET character_set_client = @saved_cs_client */;

--
-- Dumping data for table `original_item`
--

LOCK TABLES `original_item` WRITE;
/*!40000 ALTER TABLE `original_item` DISABLE KEYS */;
INSERT INTO `original_item` VALUES (103,556,3,NULL,0.36,NULL,NULL,NULL,NULL,NULL,'12','食品类',0,21000,0,NULL,NULL,NULL,'2021-11-04 07:30:01','2021-11-08 08:06:00','172.16.4.236',NULL,NULL,NULL,NULL),(104,556,3,NULL,36244183.49,NULL,NULL,NULL,NULL,NULL,'10','加工部',0,21000,0,NULL,NULL,NULL,'2021-11-04 07:30:01','2021-11-08 08:06:00','172.16.4.236',NULL,NULL,NULL,NULL),(105,559,3,NULL,172.82,NULL,NULL,NULL,NULL,NULL,'11','生鲜部',0,21000,0,NULL,NULL,NULL,'2021-11-04 07:30:01','2021-11-08 08:06:00','172.16.4.236',NULL,NULL,NULL,NULL),(106,559,3,NULL,1.80,NULL,NULL,NULL,NULL,NULL,'12','食品类',0,21000,0,NULL,NULL,NULL,'2021-11-04 07:30:01','2021-11-08 08:06:00','172.16.4.236',NULL,NULL,NULL,NULL),(107,559,3,NULL,90610458.72,NULL,NULL,NULL,NULL,NULL,'10','加工部',0,21000,0,NULL,NULL,NULL,'2021-11-04 07:30:01','2021-11-08 08:06:00','172.16.4.236',NULL,NULL,NULL,NULL),(108,567,3,NULL,0.00,NULL,NULL,NULL,NULL,NULL,'12','食品类',0,21000,0,NULL,NULL,NULL,'2021-11-04 07:30:01','2021-11-08 08:06:00','172.16.4.236',NULL,NULL,NULL,NULL),(109,569,3,NULL,0.00,NULL,NULL,NULL,NULL,NULL,'11','生鲜部',0,21000,0,NULL,NULL,NULL,'2021-11-04 07:30:01','2021-11-08 08:06:00','172.16.4.236',NULL,NULL,NULL,NULL),(110,569,3,NULL,0.00,NULL,NULL,NULL,NULL,NULL,'12','食品类',0,21000,0,NULL,NULL,NULL,'2021-11-04 07:30:01','2021-11-08 08:06:00','172.16.4.236',NULL,NULL,NULL,NULL),(111,569,3,NULL,0.00,NULL,NULL,NULL,NULL,NULL,'13','用品类',0,21000,0,NULL,NULL,NULL,'2021-11-04 07:30:01','2021-11-08 08:06:00','172.16.4.236',NULL,NULL,NULL,NULL),(112,569,3,NULL,0.00,NULL,NULL,NULL,NULL,NULL,'10','加工部',0,21000,0,NULL,NULL,NULL,'2021-11-04 07:30:01','2021-11-08 08:06:00','172.16.4.236',NULL,NULL,NULL,NULL),(113,571,3,NULL,9.17,NULL,NULL,NULL,NULL,NULL,'11','生鲜部',0,21000,0,NULL,NULL,NULL,'2021-11-04 07:30:01','2021-11-08 08:06:00','172.16.4.236',NULL,NULL,NULL,NULL),(114,571,3,NULL,0.18,NULL,NULL,NULL,NULL,NULL,'12','食品类',0,21000,0,NULL,NULL,NULL,'2021-11-04 07:30:01','2021-11-08 08:06:00','172.16.4.236',NULL,NULL,NULL,NULL),(115,571,3,NULL,9061045.87,NULL,NULL,NULL,NULL,NULL,'10','加工部',0,21000,0,NULL,NULL,NULL,'2021-11-04 07:30:01','2021-11-08 08:06:00','172.16.4.236',NULL,NULL,NULL,NULL),(116,574,3,NULL,0.05,NULL,NULL,NULL,NULL,NULL,'12','食品类',0,21000,0,NULL,NULL,NULL,'2021-11-04 07:30:02','2021-11-08 08:06:00','172.16.4.236',NULL,NULL,NULL,NULL),(117,574,3,NULL,4530522.94,NULL,NULL,NULL,NULL,NULL,'10','加工部',0,21000,0,NULL,NULL,NULL,'2021-11-04 07:30:02','2021-11-08 08:06:00','172.16.4.236',NULL,NULL,NULL,NULL),(118,576,3,NULL,0.01,NULL,NULL,NULL,NULL,NULL,'12','食品类',0,21000,0,NULL,NULL,NULL,'2021-11-04 07:30:02','2021-11-08 08:06:00','172.16.4.236',NULL,NULL,NULL,NULL),(119,577,3,NULL,0.03,NULL,NULL,NULL,NULL,NULL,'12','食品类',0,21000,0,NULL,NULL,NULL,'2021-11-04 07:30:02','2021-11-08 08:06:00','172.16.4.236',NULL,NULL,NULL,NULL),(120,577,3,NULL,2718313.76,NULL,NULL,NULL,NULL,NULL,'10','加工部',0,21000,0,NULL,NULL,NULL,'2021-11-04 07:30:02','2021-11-08 08:06:00','172.16.4.236',NULL,NULL,NULL,NULL),(121,579,3,NULL,0.01,NULL,NULL,NULL,NULL,NULL,'12','食品类',0,21000,0,NULL,NULL,NULL,'2021-11-04 07:30:02','2021-11-08 08:06:00','172.16.4.236',NULL,NULL,NULL,NULL),(122,580,3,NULL,906104.59,NULL,NULL,NULL,NULL,NULL,'10','加工部',0,21000,0,NULL,NULL,NULL,'2021-11-04 07:30:02','2021-11-08 08:06:00','172.16.4.236',NULL,NULL,NULL,NULL),(123,581,3,NULL,0.01,NULL,NULL,NULL,NULL,NULL,'12','食品类',0,21000,0,NULL,NULL,NULL,'2021-11-04 07:30:02','2021-11-08 08:06:00','172.16.4.236',NULL,NULL,NULL,NULL),(124,589,3,NULL,9515993.78,NULL,NULL,NULL,NULL,NULL,'10','加工部',0,21000,0,NULL,NULL,NULL,'2021-11-04 07:36:01','2021-11-08 08:06:00','172.16.4.236',NULL,NULL,NULL,NULL),(125,590,3,NULL,10.58,NULL,NULL,NULL,NULL,NULL,'12','食品类',0,21000,0,NULL,NULL,NULL,'2021-11-04 07:36:01','2021-11-08 08:06:00','172.16.4.236',NULL,NULL,NULL,NULL),(126,591,3,NULL,117.18,NULL,NULL,NULL,NULL,NULL,'12','食品类',0,21000,0,NULL,NULL,NULL,'2021-11-04 07:36:01','2021-11-08 08:06:00','172.16.4.236',NULL,NULL,NULL,NULL),(127,592,3,NULL,551.99,NULL,NULL,NULL,NULL,NULL,'13','用品类',0,21000,0,NULL,NULL,NULL,'2021-11-04 08:42:00','2021-11-08 08:06:00','172.16.4.236',NULL,NULL,NULL,NULL),(129,839,3,NULL,64.86,NULL,NULL,NULL,NULL,NULL,'11','生鲜部',0,21000,0,NULL,NULL,NULL,'2021-11-08 02:21:01','2021-11-08 08:06:00','172.16.4.236',NULL,NULL,NULL,NULL),(130,839,3,NULL,63427321.10,NULL,NULL,NULL,NULL,NULL,'10','加工部',0,21000,0,NULL,NULL,NULL,'2021-11-08 02:21:01','2021-11-08 08:06:00','172.16.4.236',NULL,NULL,NULL,NULL),(131,840,3,NULL,1.54,NULL,NULL,NULL,NULL,NULL,'12','食品类',0,21000,0,NULL,NULL,NULL,'2021-11-08 02:24:00','2021-11-08 08:06:00','172.16.4.236',NULL,NULL,NULL,NULL),(132,841,3,NULL,88.50,NULL,NULL,NULL,NULL,NULL,'11','生鲜部',0,21000,0,NULL,NULL,NULL,'2021-11-08 02:42:02','2021-11-08 08:06:00','172.16.4.236',NULL,NULL,NULL,NULL),(133,842,3,NULL,88.50,NULL,NULL,NULL,NULL,NULL,'11','生鲜部',0,21000,0,NULL,NULL,NULL,'2021-11-08 03:18:00','2021-11-08 08:06:00','172.16.4.236',NULL,NULL,NULL,NULL),(134,842,3,NULL,9061045.87,NULL,NULL,NULL,NULL,NULL,'10','加工部',0,21000,0,NULL,NULL,NULL,'2021-11-08 03:18:00','2021-11-08 08:06:00','172.16.4.236',NULL,NULL,NULL,NULL),(135,843,3,NULL,0.00,NULL,NULL,NULL,NULL,NULL,'11','生鲜部',0,21000,0,NULL,NULL,NULL,'2021-11-08 05:48:00','2021-11-08 08:06:00','172.16.4.236',NULL,NULL,NULL,NULL),(138,845,3,NULL,0.00,NULL,NULL,NULL,NULL,NULL,'11','生鲜部',0,21000,0,NULL,NULL,NULL,'2021-11-08 05:51:01','2021-11-08 08:06:00','172.16.4.236',NULL,NULL,NULL,NULL),(139,846,3,NULL,0.00,NULL,NULL,NULL,NULL,NULL,'10','加工部',0,21000,0,NULL,NULL,NULL,'2021-11-08 05:54:01','2021-11-08 08:06:00','172.16.4.236',NULL,NULL,NULL,NULL),(140,847,3,NULL,61.95,NULL,NULL,NULL,NULL,NULL,'11','生鲜部',0,21000,0,NULL,NULL,NULL,'2021-11-08 06:21:00','2021-11-08 08:06:00','172.16.4.236',NULL,NULL,NULL,NULL),(141,848,3,NULL,88.50,NULL,NULL,NULL,NULL,NULL,'11','生鲜部',0,21000,0,NULL,NULL,NULL,'2021-11-08 06:21:00','2021-11-08 08:06:00','172.16.4.236',NULL,NULL,NULL,NULL),(142,849,3,NULL,88.50,NULL,NULL,NULL,NULL,NULL,'11','生鲜部',0,21000,0,NULL,NULL,NULL,'2021-11-08 09:54:00','2021-11-08 09:57:00','172.16.8.170',NULL,NULL,NULL,NULL),(143,850,3,NULL,551.99,NULL,NULL,NULL,NULL,NULL,'13','用品类',0,21000,0,NULL,NULL,NULL,'2021-11-08 10:15:00','2021-11-08 10:18:00','172.16.8.170',NULL,NULL,NULL,NULL),(144,851,3,NULL,0.90,NULL,NULL,NULL,NULL,NULL,'12','食品类',0,21000,0,NULL,NULL,NULL,'2021-11-09 01:36:01','2021-11-09 01:39:00','172.16.8.170',NULL,NULL,NULL,NULL),(145,852,3,NULL,0.90,NULL,NULL,NULL,NULL,NULL,'12','食品类',0,21000,0,NULL,NULL,NULL,'2021-11-09 02:15:00','2021-11-09 02:18:00','172.16.8.170',NULL,NULL,NULL,NULL),(146,854,3,NULL,0.90,NULL,NULL,NULL,NULL,NULL,'12','食品类',0,21000,0,NULL,NULL,NULL,'2021-11-09 03:12:00','2021-11-09 03:27:00','172.16.8.170',NULL,NULL,NULL,NULL),(147,855,3,NULL,83.85,NULL,NULL,NULL,NULL,NULL,'12','食品类',0,21000,0,NULL,NULL,NULL,'2021-11-09 03:37:58','2021-11-09 03:39:00','172.16.8.170',NULL,NULL,NULL,NULL),(148,856,3,NULL,4.58,NULL,NULL,NULL,NULL,NULL,'12','食品类',0,21000,0,NULL,NULL,NULL,'2021-11-09 03:37:58','2021-11-09 03:39:00','172.16.8.170',NULL,NULL,NULL,NULL),(149,856,3,NULL,87073114.97,NULL,NULL,NULL,NULL,NULL,'10','加工部',0,21000,0,NULL,NULL,NULL,'2021-11-09 03:37:58','2021-11-09 03:39:00','172.16.8.170',NULL,NULL,NULL,NULL),(150,857,3,NULL,18073717.98,NULL,NULL,NULL,NULL,NULL,'11','生鲜部',0,21000,0,NULL,NULL,NULL,'2021-11-09 03:37:58','2021-11-09 03:39:00','172.16.8.170',NULL,NULL,NULL,NULL),(151,858,3,NULL,3.38,NULL,NULL,NULL,NULL,NULL,'11','生鲜部',0,21000,0,NULL,NULL,NULL,'2021-11-09 03:37:58','2021-11-09 03:39:00','172.16.8.170',NULL,NULL,NULL,NULL),(152,859,3,NULL,0.90,NULL,NULL,NULL,NULL,NULL,'12','食品类',0,21000,0,NULL,NULL,NULL,'2021-11-09 05:51:00','2021-11-09 05:54:00','172.16.8.170',NULL,NULL,NULL,NULL),(153,860,3,NULL,88.50,NULL,NULL,NULL,NULL,NULL,'11','生鲜部',0,21000,0,NULL,NULL,NULL,'2021-11-09 05:51:00','2021-11-09 05:54:00','172.16.8.170',NULL,NULL,NULL,NULL),(154,861,3,NULL,88.50,NULL,NULL,NULL,NULL,NULL,'11','生鲜部',0,21000,0,NULL,NULL,NULL,'2021-11-09 05:54:01','2021-11-09 05:57:00','172.16.8.170',NULL,NULL,NULL,NULL),(155,861,3,NULL,0.90,NULL,NULL,NULL,NULL,NULL,'12','食品类',0,21000,0,NULL,NULL,NULL,'2021-11-09 05:54:01','2021-11-09 05:57:00','172.16.8.170',NULL,NULL,NULL,NULL),(156,862,3,NULL,0.90,NULL,NULL,NULL,NULL,NULL,'12','食品类',0,21000,0,NULL,NULL,NULL,'2021-11-09 06:33:01','2021-11-09 06:36:00','172.16.8.170',NULL,NULL,NULL,NULL),(179,905,1,2615.78,2537.31,78.47,'JJ',NULL,NULL,NULL,NULL,NULL,0,21000,0,NULL,NULL,NULL,'2021-11-11 08:41:41','2021-11-11 08:42:01','172.16.10.165',NULL,NULL,NULL,NULL),(205,925,4,100.00,88.50,11.50,'JI',NULL,NULL,NULL,NULL,NULL,0,21000,0,NULL,NULL,NULL,'2021-11-12 06:53:34','2021-11-12 07:00:13','172.16.5.155',NULL,NULL,NULL,NULL),(206,926,4,100.01,99.02,0.99,'JI',NULL,NULL,NULL,NULL,NULL,0,21000,0,NULL,NULL,NULL,'2021-11-12 06:59:13','2021-11-12 07:00:13','172.16.5.155',NULL,NULL,NULL,NULL),(207,927,4,100.01,99.02,0.99,'JI',NULL,NULL,NULL,NULL,NULL,0,21000,0,NULL,NULL,NULL,'2021-11-12 06:59:13','2021-11-12 07:00:13','172.16.5.155',NULL,NULL,NULL,NULL),(208,928,4,100.01,97.10,2.91,'JJ',NULL,NULL,NULL,NULL,NULL,0,21000,0,NULL,NULL,NULL,'2021-11-12 06:59:13','2021-11-12 07:00:13','172.16.5.155',NULL,NULL,NULL,NULL),(209,929,4,100.01,99.02,0.99,'JI',NULL,NULL,NULL,NULL,NULL,0,21000,0,NULL,NULL,NULL,'2021-11-12 06:59:13','2021-11-12 07:00:13','172.16.5.155',NULL,NULL,NULL,NULL),(212,932,3,NULL,0.00,NULL,NULL,NULL,NULL,NULL,'11','生鲜部',0,21000,0,NULL,NULL,NULL,'2021-11-12 08:05:01','2021-11-12 08:05:50','172.16.5.155',NULL,NULL,NULL,NULL),(213,932,3,NULL,0.00,NULL,NULL,NULL,NULL,NULL,'10','加工部',0,21000,0,NULL,NULL,NULL,'2021-11-12 08:05:01','2021-11-12 08:05:50','172.16.5.155',NULL,NULL,NULL,NULL),(214,933,3,NULL,0.88,NULL,NULL,NULL,NULL,NULL,'11','生鲜部',0,21000,0,NULL,NULL,NULL,'2021-11-12 08:21:17','2021-11-12 08:30:47','172.16.5.155',NULL,NULL,NULL,NULL),(215,934,3,NULL,0.01,NULL,NULL,NULL,NULL,NULL,'12','食品类',0,21000,0,NULL,NULL,NULL,'2021-11-12 08:21:17','2021-11-12 08:30:47','172.16.5.155',NULL,NULL,NULL,NULL),(216,934,3,NULL,906104.59,NULL,NULL,NULL,NULL,NULL,'10','加工部',0,21000,0,NULL,NULL,NULL,'2021-11-12 08:21:17','2021-11-12 08:30:47','172.16.5.155',NULL,NULL,NULL,NULL),(217,935,3,NULL,9.56,NULL,NULL,NULL,NULL,NULL,'11','生鲜部',0,21000,0,NULL,NULL,NULL,'2021-11-12 08:30:27','2021-11-12 08:30:47','172.16.5.155',NULL,NULL,NULL,NULL),(218,935,3,NULL,0.20,NULL,NULL,NULL,NULL,NULL,'12','食品类',0,21000,0,NULL,NULL,NULL,'2021-11-12 08:30:27','2021-11-12 08:30:47','172.16.5.155',NULL,NULL,NULL,NULL),(219,935,3,NULL,9464469.02,NULL,NULL,NULL,NULL,NULL,'10','加工部',0,21000,0,NULL,NULL,NULL,'2021-11-12 08:30:27','2021-11-12 08:30:47','172.16.5.155',NULL,NULL,NULL,NULL),(220,936,3,NULL,8.85,NULL,NULL,NULL,NULL,NULL,'11','生鲜部',0,21000,0,NULL,NULL,NULL,'2021-11-12 09:06:46','2021-11-12 09:07:29','172.16.5.155',NULL,NULL,NULL,NULL),(221,936,3,NULL,0.09,NULL,NULL,NULL,NULL,NULL,'12','食品类',0,21000,0,NULL,NULL,NULL,'2021-11-12 09:06:46','2021-11-12 09:07:29','172.16.5.155',NULL,NULL,NULL,NULL),(222,937,3,NULL,0.10,NULL,NULL,NULL,NULL,NULL,'12','食品类',0,21000,0,NULL,NULL,NULL,'2021-11-12 09:06:46','2021-11-12 09:07:29','172.16.5.155',NULL,NULL,NULL,NULL),(227,940,1,95238.10,90476.20,4761.90,'JH',NULL,NULL,NULL,NULL,NULL,0,21000,0,NULL,NULL,NULL,'2021-11-13 04:04:28','2021-11-13 04:05:25','172.16.5.155',NULL,NULL,NULL,NULL),(228,940,1,95238.10,90476.20,4761.90,'JF',NULL,NULL,NULL,NULL,NULL,0,21000,0,NULL,NULL,NULL,'2021-11-13 04:04:28','2021-11-13 04:05:25','172.16.5.155',NULL,NULL,NULL,NULL),(229,941,1,2615.78,2537.31,78.47,'JJ',NULL,NULL,NULL,NULL,NULL,0,21000,0,NULL,NULL,NULL,'2021-11-13 04:04:28','2021-11-13 04:05:25','172.16.5.155',NULL,NULL,NULL,NULL),(233,943,1,1594.34,1498.68,95.66,'J1',NULL,NULL,NULL,NULL,NULL,0,21000,0,NULL,NULL,NULL,'2021-11-13 04:46:14','2021-11-13 04:46:29','172.16.7.208',NULL,NULL,NULL,NULL),(234,944,1,4.45,4.45,0.00,'J0',NULL,NULL,NULL,NULL,NULL,0,21000,0,NULL,NULL,NULL,'2021-11-13 12:09:46','2021-11-13 12:10:24','172.16.11.37',NULL,NULL,NULL,NULL),(235,944,1,28.87,26.27,2.60,'JH',NULL,NULL,NULL,NULL,NULL,0,21000,0,NULL,NULL,NULL,'2021-11-13 12:09:46','2021-11-13 12:10:24','172.16.11.37',NULL,NULL,NULL,NULL),(236,944,1,172.46,162.11,10.35,'JF',NULL,NULL,NULL,NULL,NULL,0,21000,0,NULL,NULL,NULL,'2021-11-13 12:09:46','2021-11-13 12:10:24','172.16.11.37',NULL,NULL,NULL,NULL),(237,945,4,100.01,94.35,5.66,'J6',NULL,NULL,NULL,NULL,NULL,0,21000,0,NULL,NULL,NULL,'2021-11-13 13:52:10','2021-11-13 13:52:47','172.16.4.251',NULL,NULL,NULL,NULL),(238,946,4,100.01,94.35,5.66,'J6',NULL,NULL,NULL,NULL,NULL,0,21000,0,NULL,NULL,NULL,'2021-11-13 13:52:10','2021-11-13 13:52:47','172.16.4.251',NULL,NULL,NULL,NULL),(239,947,4,100.01,94.35,5.66,'J6',NULL,NULL,NULL,NULL,NULL,0,21000,0,NULL,NULL,NULL,'2021-11-13 13:52:10','2021-11-13 13:52:47','172.16.4.251',NULL,NULL,NULL,NULL),(240,948,4,100.01,100.01,0.00,'J0',NULL,NULL,NULL,NULL,NULL,0,21000,0,NULL,NULL,NULL,'2021-11-13 14:09:00','2021-11-13 14:09:16','172.16.4.251',NULL,NULL,NULL,NULL),(241,949,4,100.01,100.01,0.00,'J0',NULL,NULL,NULL,NULL,NULL,0,21000,0,NULL,NULL,NULL,'2021-11-13 14:09:00','2021-11-13 14:09:16','172.16.4.251',NULL,NULL,NULL,NULL);
/*!40000 ALTER TABLE `original_item` ENABLE KEYS */;
UNLOCK TABLES;

--
-- Table structure for table `pre_certificate`
--

DROP TABLE IF EXISTS `pre_certificate`;
/*!40101 SET @saved_cs_client     = @@character_set_client */;
/*!40101 SET character_set_client = utf8 */;
CREATE TABLE `pre_certificate` (
  `id` bigint(20) NOT NULL COMMENT 'id',
  `pack_doc_no` varchar(255) NOT NULL COMMENT '预制凭证编号',
  `original_id` bigint(20) NOT NULL COMMENT '原始数据流水号',
  `ecc_flag` tinyint(3) DEFAULT NULL COMMENT '是否推送ecc 0 否 1是',
  `ac_doc_no` varchar(255) DEFAULT NULL COMMENT '凭证编号',
  `ecc_result` tinyint(3) DEFAULT NULL COMMENT 'ecc结果 0 失败 1成功',
  `ecc_result_message` varchar(255) DEFAULT NULL COMMENT 'ecc结果原因',
  `buss_sys` varchar(255) NOT NULL COMMENT '业务系统',
  `buss_doc_type` varchar(255) NOT NULL COMMENT '业务单据类型',
  `buss_doc_no` varchar(255) NOT NULL COMMENT '业务单据号',
  `update_mod` varchar(255) NOT NULL COMMENT '处理方式 S-同步 A-异步',
  `doc_type` varchar(255) NOT NULL COMMENT '凭证类型 SA 总帐科目凭证 KR 供应商发票 AB 会计凭证 DA 客户凭证',
  `comp_code` varchar(255) NOT NULL COMMENT '公司代码',
  `fisc_year` varchar(255) NOT NULL COMMENT '会计年度',
  `doc_date` datetime NOT NULL COMMENT '凭证日期',
  `pstng_date` datetime NOT NULL COMMENT '过账日期',
  `header_txt` text COMMENT '凭证抬头文本',
  `ref_doc_no` varchar(255) NOT NULL COMMENT '参照',
  `currency` varchar(255) NOT NULL COMMENT '货币',
  `exch_rate` decimal(14,2) DEFAULT NULL COMMENT '汇率',
  `is_deleted` tinyint(3) DEFAULT '0' COMMENT '逻辑删除字段 0 正常 1 已删除',
  `company_id` bigint(20) DEFAULT NULL COMMENT '公司id',
  `version_no` int(11) DEFAULT '0' COMMENT '版本号:默认0,每次更新+1',
  `create_userid` bigint(20) DEFAULT NULL COMMENT '创建人ID',
  `create_username` varchar(100) DEFAULT NULL COMMENT '创建人用户名',
  `create_userip` varchar(255) DEFAULT NULL COMMENT '创建人IP',
  `create_time` timestamp NULL DEFAULT CURRENT_TIMESTAMP COMMENT '创建时间-应用操作时间',
  `create_time_db` timestamp NULL DEFAULT CURRENT_TIMESTAMP COMMENT '创建时间-数据库操作时间',
  `server_ip` varchar(255) DEFAULT NULL COMMENT '服务器IP',
  `update_userid` bigint(20) DEFAULT NULL COMMENT '最后修改人ID',
  `update_username` varchar(100) DEFAULT NULL COMMENT '最后修改人用户名',
  `update_userip` varchar(255) DEFAULT NULL COMMENT '最后修改人IP',
  `update_time` timestamp NULL DEFAULT NULL ON UPDATE CURRENT_TIMESTAMP COMMENT '最后修改时间',
  PRIMARY KEY (`id`) USING BTREE
) ENGINE=InnoDB DEFAULT CHARSET=utf8mb4 COMMENT='预制凭证表';
/*!40101 SET character_set_client = @saved_cs_client */;

--
-- Dumping data for table `pre_certificate`
--

LOCK TABLES `pre_certificate` WRITE;
/*!40000 ALTER TABLE `pre_certificate` DISABLE KEYS */;
INSERT INTO `pre_certificate` VALUES (2111080000003625,'2111080000003625',556,1,'010000001480312021',NULL,NULL,'MY1233','采购入库单','SH2110310000000185','A','AB','8031','2021','2021-11-08 16:59:46','2021-11-08 16:59:46','采购入库2021-11-08','CG2110310000000186','CNY',1.00,0,21000,0,NULL,NULL,NULL,'2021-11-08 09:01:04','2021-11-08 09:01:04','10.129.1.107',NULL,NULL,NULL,'2021-11-08 09:35:49'),(2111080000003630,'2111080000003630',559,0,NULL,NULL,NULL,'MY1233','采购入库单','SH2110310000000009','A','AB','8031','2021','2021-11-08 17:00:09','2021-11-08 17:00:09','采购入库2021-11-08','CG2110300000000144','CNY',1.00,0,21000,0,NULL,NULL,NULL,'2021-11-08 09:01:04','2021-11-08 09:01:04','10.129.1.107',NULL,NULL,NULL,'2021-11-11 05:46:35'),(2111080000003637,'2111080000003637',567,0,NULL,NULL,NULL,'MY1233','采购退货出库单','TH2110310000000121','A','AB','8031','2021','2021-11-08 17:00:12','2021-11-08 17:00:12','采购退货2021-11-08','TH2110310000000121','CNY',1.00,0,21000,0,NULL,NULL,NULL,'2021-11-08 09:01:04','2021-11-08 09:01:04','10.129.1.107',NULL,NULL,NULL,'2021-11-11 05:46:35'),(2111080000003640,'2111080000003640',569,0,NULL,NULL,NULL,'MY1233','采购退货出库单','TH2110300000000077','A','AB','8031','2021','2021-11-08 17:00:13','2021-11-08 17:00:13','采购退货2021-11-08','TH2110300000000077','CNY',1.00,0,21000,0,NULL,NULL,NULL,'2021-11-08 09:01:04','2021-11-08 09:01:04','10.129.1.107',NULL,NULL,NULL,'2021-11-11 05:46:35'),(2111080000003649,'2111080000003649',571,0,NULL,NULL,NULL,'MY1233','采购退货出库单','TH2110310000000026','A','AB','8031','2021','2021-11-08 17:00:16','2021-11-08 17:00:16','采购退货2021-11-08','TH2110310000000026','CNY',1.00,0,21000,0,NULL,NULL,NULL,'2021-11-08 09:01:04','2021-11-08 09:01:04','10.129.1.107',NULL,NULL,NULL,'2021-11-11 05:46:35'),(2111080000003656,'2111080000003656',574,1,'010000001680312021',NULL,NULL,'MY1233','采购收货更正单出库','GZ2110310000000200','A','AB','8031','2021','2021-11-08 17:00:19','2021-11-08 17:00:19','采购收货更正2021-11-08','CG2110310000000186','CNY',1.00,0,21000,0,NULL,NULL,NULL,'2021-11-08 09:01:04','2021-11-08 09:01:04','10.129.1.107',NULL,NULL,NULL,'2021-11-11 04:06:02'),(2111080000003661,'2111080000003661',576,0,NULL,NULL,NULL,'MY1233','采购收货更正单出库单','GZ2110310000000073','A','AB','8031','2021','2021-11-08 17:00:21','2021-11-08 17:00:21','采购收货更正2021-11-08','CG2110300000000144','CNY',1.00,0,21000,0,NULL,NULL,NULL,'2021-11-08 09:01:04','2021-11-08 09:01:04','10.129.1.107',NULL,NULL,NULL,'2021-11-11 05:46:35'),(2111080000003664,'2111080000003664',577,1,'010000001780312021',NULL,NULL,'MY1233','采购收货更正单出库单','GZ2110310000000211','A','AB','8031','2021','2021-11-08 17:00:22','2021-11-08 17:00:22','采购收货更正2021-11-08','CG2110310000000186','CNY',1.00,0,21000,0,NULL,NULL,NULL,'2021-11-08 09:01:04','2021-11-08 09:01:04','10.129.1.107',NULL,NULL,NULL,'2021-11-12 08:49:05'),(2111080000003669,'2111080000003669',579,1,'010000002480312021',NULL,NULL,'MY1233','采购退货更正单入库单','GZ2110310000000132','A','AB','8031','2021','2021-11-08 17:00:24','2021-11-08 17:00:24','采购退货更正2021-11-08','TH2110310000000121','CNY',1.00,0,21000,0,NULL,NULL,NULL,'2021-11-08 09:01:04','2021-11-08 09:01:04','10.129.1.107',NULL,NULL,NULL,'2021-11-12 09:46:41'),(2111080000003672,'2111080000003672',580,0,NULL,NULL,NULL,'MY1233','采购退货更正单出库单','GZ2110310000000080','A','AB','8031','2021','2021-11-08 17:00:25','2021-11-08 17:00:25','采购退货更正2021-11-08','TH2110310000000026','CNY',1.00,0,21000,0,NULL,NULL,NULL,'2021-11-08 09:01:04','2021-11-08 09:01:04','10.129.1.107',NULL,NULL,NULL,'2021-11-11 05:46:35'),(2111080000003675,'2111080000003675',581,1,'010000002580312021',NULL,NULL,'MY1233','采购退货更正单出库单','GZ2110310000000127','A','AB','8031','2021','2021-11-08 17:00:26','2021-11-08 17:00:26','采购退货更正2021-11-08','TH2110310000000121','CNY',1.00,0,21000,0,NULL,NULL,NULL,'2021-11-08 09:01:04','2021-11-08 09:01:04','10.129.1.107',NULL,NULL,NULL,'2021-11-12 09:48:47'),(2111080000003678,'2111080000003678',589,0,NULL,NULL,NULL,'MY1233','盘盈单','PD2111040000000001','A','AB','8031','2021','2021-11-08 17:00:27','2021-11-08 17:00:27','盘盈处理2021-11-08','PD2111040000000001','CNY',1.00,0,21000,0,NULL,NULL,NULL,'2021-11-08 09:01:04','2021-11-08 09:01:04','10.129.1.107',NULL,NULL,NULL,'2021-11-11 05:46:35'),(2111080000003681,'2111080000003681',590,0,NULL,NULL,NULL,'MY1233','盘亏单','PD2110310000000002','A','AB','8031','2021','2021-11-08 17:00:28','2021-11-08 17:00:28','盘盈处理2021-11-08','PD2110310000000002','CNY',1.00,0,21000,0,NULL,NULL,NULL,'2021-11-08 09:01:04','2021-11-08 09:01:04','10.129.1.107',NULL,NULL,NULL,'2021-11-11 05:46:35'),(2111080000003684,'2111080000003684',591,0,NULL,NULL,NULL,'MY1233','盘亏单','PD2110310000000001','A','AB','8031','2021','2021-11-08 17:00:29','2021-11-08 17:00:29','盘盈处理2021-11-08','PD2110310000000001','CNY',1.00,0,21000,0,NULL,NULL,NULL,'2021-11-08 09:01:04','2021-11-08 09:01:04','10.129.1.107',NULL,NULL,NULL,'2021-11-11 05:46:35'),(2111080000003687,'2111080000003687',592,0,NULL,NULL,NULL,'MY1233','采购退货出库单','TH2111040000001740','A','AB','yh-1233maoyi','2021','2021-11-08 17:00:31','2021-11-08 17:00:31','采购退货2021-11-08','TH2111040000001740','CNY',1.00,0,21000,0,NULL,NULL,NULL,'2021-11-08 09:01:04','2021-11-08 09:01:04','10.129.1.107',NULL,NULL,NULL,'2021-11-11 05:46:35'),(2111080000003694,'2111080000003694',839,0,NULL,NULL,NULL,'MY1233','采购入库单','SH2111080000000268','A','AB','8031','2021','2021-11-08 17:00:34','2021-11-08 17:00:34','采购入库2021-11-08','SH2111080000000268','CNY',1.00,0,21000,0,NULL,NULL,NULL,'2021-11-08 09:01:04','2021-11-08 09:01:04','10.129.1.107',NULL,NULL,NULL,'2021-11-11 05:46:35'),(2111080000003699,'2111080000003699',840,0,NULL,NULL,NULL,'MY1233','采购入库单','SH2111080000000278','A','AB','8031','2021','2021-11-08 17:00:35','2021-11-08 17:00:35','采购入库2021-11-08','CG2111080000000283','CNY',1.00,0,21000,0,NULL,NULL,NULL,'2021-11-08 09:01:04','2021-11-08 09:01:04','10.129.1.107',NULL,NULL,NULL,'2021-11-11 05:46:35'),(2111080000003702,'2111080000003702',841,0,NULL,NULL,NULL,'MY1233','采购入库单','SH2111080000000324','A','AB','8031','2021','2021-11-08 17:00:37','2021-11-08 17:00:37','采购入库2021-11-08','SH2111080000000324','CNY',1.00,0,21000,0,NULL,NULL,NULL,'2021-11-08 09:01:04','2021-11-08 09:01:04','10.129.1.107',NULL,NULL,NULL,'2021-11-11 05:46:35'),(2111080000003705,'2111080000003705',842,0,NULL,NULL,NULL,'MY1233','采购入库单','SH2111080000000328','A','AB','8031','2021','2021-11-08 17:00:38','2021-11-08 17:00:38','采购入库2021-11-08','SH2111080000000328','CNY',1.00,0,21000,0,NULL,NULL,NULL,'2021-11-08 09:01:04','2021-11-08 09:01:04','10.129.1.107',NULL,NULL,NULL,'2021-11-11 05:46:35'),(2111080000003710,'2111080000003710',843,0,NULL,NULL,NULL,'MY1233','采购退货出库单','TH2111080000000335','A','AB','8031','2021','2021-11-08 17:00:39','2021-11-08 17:00:39','采购退货2021-11-08','TH2111080000000335','CNY',1.00,0,21000,0,NULL,NULL,NULL,'2021-11-08 09:01:04','2021-11-08 09:01:04','10.129.1.107',NULL,NULL,NULL,'2021-11-11 05:46:35'),(2111080000003718,'2111080000003718',845,0,NULL,NULL,NULL,'MY1233','采购退货出库单','TH2111080000001151','A','AB','8031','2021','2021-11-08 17:00:42','2021-11-08 17:00:42','采购退货2021-11-08','TH2111080000001151','CNY',1.00,0,21000,0,NULL,NULL,NULL,'2021-11-08 09:01:04','2021-11-08 09:01:04','10.129.1.107',NULL,NULL,NULL,'2021-11-11 05:46:35'),(2111080000003721,'2111080000003721',846,0,NULL,NULL,NULL,'MY1233','采购退货出库单','TH2111080000001151','A','AB','8031','2021','2021-11-08 17:00:44','2021-11-08 17:00:44','采购退货2021-11-08','TH2111080000001151','CNY',1.00,0,21000,0,NULL,NULL,NULL,'2021-11-08 09:01:04','2021-11-08 09:01:04','10.129.1.107',NULL,NULL,NULL,'2021-11-11 05:46:35'),(2111080000003724,'2111080000003724',847,0,NULL,NULL,NULL,'MY1233','采购入库单','SH2111080000001488','A','AB','8031','2021','2021-11-08 17:00:45','2021-11-08 17:00:45','采购入库2021-11-08','SH2111080000001488','CNY',1.00,0,21000,0,NULL,NULL,NULL,'2021-11-08 09:01:04','2021-11-08 09:01:04','10.129.1.107',NULL,NULL,NULL,'2021-11-11 05:46:35'),(2111080000003727,'2111080000003727',848,0,NULL,NULL,NULL,'MY1233','采购入库单','SH2111080000000901','A','AB','8031','2021','2021-11-08 17:00:46','2021-11-08 17:00:46','采购入库2021-11-08','SH2111080000000901','CNY',1.00,0,21000,0,NULL,NULL,NULL,'2021-11-08 09:01:04','2021-11-08 09:01:05','10.129.1.107',NULL,NULL,NULL,'2021-11-11 05:46:35'),(2111080000005475,'2111080000005475',849,0,NULL,NULL,NULL,'MY1233','采购入库单','SH2111080000004747','A','AB','8031','2021','2021-11-08 22:43:46','2021-11-08 22:43:46','采购入库2021-11-08','SH2111080000004747','CNY',1.00,0,21000,0,NULL,NULL,NULL,'2021-11-08 14:43:48','2021-11-08 14:43:48','172.16.8.170',NULL,NULL,NULL,'2021-11-11 05:46:35'),(2111080000005478,'2111080000005478',850,0,NULL,NULL,NULL,'MY1233','采购退货出库单','TH2111080000002378','A','AB','yh-1233maoyi','2021','2021-11-08 22:43:47','2021-11-08 22:43:47','采购退货2021-11-08','TH2111080000002378','CNY',1.00,0,21000,0,NULL,NULL,NULL,'2021-11-08 14:43:48','2021-11-08 14:43:48','172.16.8.170',NULL,NULL,NULL,'2021-11-11 05:46:35'),(2111090000000010,'2111090000000010',837,1,'010000001580312021',NULL,NULL,'MY1233','费用单','2110260000001410','A','AB','8031','2021','2021-11-09 09:11:58','2021-11-09 09:11:58','供应商扣款费用发票核销2021-11-09','2110260000001410','CNY',1.00,0,21000,0,NULL,NULL,NULL,'2021-11-09 01:11:59','2021-11-09 01:11:58','172.16.8.170',NULL,NULL,NULL,'2021-11-09 01:14:57'),(2111090000003075,'2111090000003075',851,0,NULL,NULL,NULL,'MY1233','采购入库单','SH2111090000000038','A','AB','8031','2021','2021-11-09 18:12:40','2021-11-09 18:12:40','采购入库2021-11-09','SH2111090000000038','CNY',1.00,0,21000,0,NULL,NULL,NULL,'2021-11-09 10:13:01','2021-11-09 10:13:00','172.16.8.170',NULL,NULL,NULL,'2021-11-11 05:46:35'),(2111090000003078,'2111090000003078',852,0,NULL,NULL,NULL,'MY1233','采购入库单','SH2111090000000081','A','AB','8031','2021','2021-11-09 18:12:41','2021-11-09 18:12:41','采购入库2021-11-09','SH2111090000000081','CNY',1.00,0,21000,0,NULL,NULL,NULL,'2021-11-09 10:13:01','2021-11-09 10:13:00','172.16.8.170',NULL,NULL,NULL,'2021-11-11 05:46:35'),(2111090000003081,'2111090000003081',854,0,NULL,NULL,NULL,'MY1233','采购入库单','SH2111090000000217','A','AB','8031','2021','2021-11-09 18:12:42','2021-11-09 18:12:42','采购入库2021-11-09','SH2111090000000217','CNY',1.00,0,21000,0,NULL,NULL,NULL,'2021-11-09 10:13:01','2021-11-09 10:13:00','172.16.8.170',NULL,NULL,NULL,'2021-11-11 05:46:35'),(2111090000003084,'2111090000003084',855,0,NULL,NULL,NULL,'MY1233','盘盈单','PD2111090000000002','A','AB','8031','2021','2021-11-09 18:12:44','2021-11-09 18:12:44','盘盈处理2021-11-09','PD2111090000000002','CNY',1.00,0,21000,0,NULL,NULL,NULL,'2021-11-09 10:13:01','2021-11-09 10:13:00','172.16.8.170',NULL,NULL,NULL,'2021-11-11 05:46:35'),(2111090000003087,'2111090000003087',856,1,'010000002780312021',NULL,NULL,'MY1233','盘盈单','PD2111090000000001','A','AB','8031','2021','2021-11-09 18:12:45','2021-11-09 18:12:45','盘盈处理2021-11-09','PD2111090000000001','CNY',1.00,0,21000,0,NULL,NULL,NULL,'2021-11-09 10:13:01','2021-11-09 10:13:00','172.16.8.170',NULL,NULL,NULL,'2021-11-12 09:53:27'),(2111090000003092,'2111090000003092',857,0,NULL,NULL,NULL,'MY1233','盘亏单','PD2111090000000002','A','AB','8031','2021','2021-11-09 18:12:46','2021-11-09 18:12:46','盘盈处理2021-11-09','PD2111090000000002','CNY',1.00,0,21000,0,NULL,NULL,NULL,'2021-11-09 10:13:01','2021-11-09 10:13:00','172.16.8.170',NULL,NULL,NULL,'2021-11-11 05:46:35'),(2111090000003095,'2111090000003095',858,1,'010000002680312021',NULL,NULL,'MY1233','盘亏单','PD2111090000000001','A','AB','8031','2021','2021-11-09 18:12:48','2021-11-09 18:12:48','盘盈处理2021-11-09','PD2111090000000001','CNY',1.00,0,21000,0,NULL,NULL,NULL,'2021-11-09 10:13:01','2021-11-09 10:13:00','172.16.8.170',NULL,NULL,NULL,'2021-11-12 09:51:02'),(2111090000003098,'2111090000003098',859,0,NULL,NULL,NULL,'MY1233','采购入库单','SH2111090000000521','A','AB','8031','2021','2021-11-09 18:12:49','2021-11-09 18:12:49','采购入库2021-11-09','SH2111090000000521','CNY',1.00,0,21000,0,NULL,NULL,NULL,'2021-11-09 10:13:01','2021-11-09 10:13:00','172.16.8.170',NULL,NULL,NULL,'2021-11-11 05:46:35'),(2111090000003101,'2111090000003101',860,0,NULL,NULL,NULL,'MY1233','采购入库单','SH2111090000000530','A','AB','8031','2021','2021-11-09 18:12:50','2021-11-09 18:12:50','采购入库2021-11-09','SH2111090000000530','CNY',1.00,0,21000,0,NULL,NULL,NULL,'2021-11-09 10:13:01','2021-11-09 10:13:00','172.16.8.170',NULL,NULL,NULL,'2021-11-11 05:46:35'),(2111100000001564,'2111100000001564',861,0,NULL,NULL,NULL,'MY1233','采购入库单','SH2111090000000536','A','AB','8031','2021','2021-11-10 19:12:26','2021-11-10 19:12:26','采购入库2021-11-10','SH2111090000000536','CNY',1.00,0,21000,0,NULL,NULL,NULL,'2021-11-10 11:12:46','2021-11-10 11:12:45','10.129.1.107',NULL,NULL,NULL,'2021-11-11 05:46:35'),(2111100000001569,'2111100000001569',862,0,NULL,NULL,NULL,'MY1233','采购入库单','SH2111090000001059','A','AB','8031','2021','2021-11-10 19:12:29','2021-11-10 19:12:29','采购入库2021-11-10','SH2111090000001059','CNY',1.00,0,21000,0,NULL,NULL,NULL,'2021-11-10 11:12:46','2021-11-10 11:12:45','10.129.1.107',NULL,NULL,NULL,'2021-11-11 05:46:35'),(2111120000001708,'2111120000001708',926,1,'010000001880312021',NULL,NULL,'MY1233','费用单','2111090000001558','A','AB','8031','2021','2021-11-12 15:00:51','2021-11-12 15:00:51','供应商扣款费用发票核销2021-11-12','2111090000001558','CNY',1.00,0,21000,0,NULL,NULL,NULL,'2021-11-12 07:00:54','2021-11-12 07:00:54','172.16.5.155',NULL,NULL,NULL,'2021-11-12 07:04:06'),(2111120000001711,'2111120000001711',927,1,'010000002880312021',NULL,NULL,'MY1233','费用单','2111090000002148','A','AB','8031','2021','2021-11-12 15:00:52','2021-11-12 15:00:52','供应商扣款费用发票核销2021-11-12','2111090000002148','CNY',1.00,0,21000,0,NULL,NULL,NULL,'2021-11-12 07:00:54','2021-11-12 07:00:54','172.16.5.155',NULL,NULL,NULL,'2021-11-13 13:45:20'),(2111120000001714,'2111120000001714',928,1,'010000002980312021',NULL,NULL,'MY1233','费用单','2111090000002164','A','AB','8031','2021','2021-11-12 15:00:53','2021-11-12 15:00:53','供应商扣款费用发票核销2021-11-12','2111090000002164','CNY',1.00,0,21000,0,NULL,NULL,NULL,'2021-11-12 07:00:54','2021-11-12 07:00:54','172.16.5.155',NULL,NULL,NULL,'2021-11-13 13:44:51'),(2111120000001717,'2111120000001717',929,1,'010000003080312021',NULL,NULL,'MY1233','费用单','2111090000002169','A','AB','8031','2021','2021-11-12 15:00:54','2021-11-12 15:00:54','供应商扣款费用发票核销2021-11-12','2111090000002169','CNY',1.00,0,21000,0,NULL,NULL,NULL,'2021-11-12 07:00:54','2021-11-12 07:00:54','172.16.5.155',NULL,NULL,NULL,'2021-11-13 13:44:26'),(2111120000001970,'2111120000001970',932,1,NULL,NULL,NULL,'MY1233','采购退货出库单','TH2111080000001121','A','AB','8031','2021','2021-11-12 16:06:13','2021-11-12 16:06:13','采购退货2021-11-12','TH2111080000001121','CNY',1.00,0,21000,0,NULL,NULL,NULL,'2021-11-12 08:06:15','2021-11-12 08:06:14','172.16.5.155',NULL,NULL,NULL,'2021-11-12 08:06:37'),(2111120000002082,'2111120000002082',933,1,'010000002080312021',NULL,NULL,'MY1233','采购退货出库单','TH2111120000002003','A','AB','8031','2021','2021-11-12 16:35:10','2021-11-12 16:35:10','采购退货2021-11-12','TH2111120000002003','CNY',1.00,0,21000,0,NULL,NULL,NULL,'2021-11-12 08:35:14','2021-11-12 08:35:13','172.16.5.155',NULL,NULL,NULL,'2021-11-12 08:37:11'),(2111120000002085,'2111120000002085',934,1,'010000002180312021',NULL,NULL,'MY1233','采购退货出库单','TH2111120000001987','A','AB','8031','2021','2021-11-12 16:35:11','2021-11-12 16:35:11','采购退货2021-11-12','TH2111120000001987','CNY',1.00,0,21000,0,NULL,NULL,NULL,'2021-11-12 08:35:14','2021-11-12 08:35:13','172.16.5.155',NULL,NULL,NULL,'2021-11-12 08:39:59'),(2111120000002090,'2111120000002090',935,1,'010000002280312021',NULL,NULL,'MY1233','采购退货出库单','TH2111120000002012','A','AB','8031','2021','2021-11-12 16:35:12','2021-11-12 16:35:12','采购退货2021-11-12','TH2111120000002012','CNY',1.00,0,21000,0,NULL,NULL,NULL,'2021-11-12 08:35:14','2021-11-12 08:35:13','172.16.5.155',NULL,NULL,NULL,'2021-11-12 08:42:18'),(2111120000002542,'2111120000002542',936,1,'010000002380312021',NULL,NULL,'MY1233','采购收货更正单出库单','GZ2111120000002460','A','AB','8031','2021','2021-11-12 17:09:36','2021-11-12 17:09:36','采购收货更正2021-11-12','SH2111090000000536','CNY',1.00,0,21000,0,NULL,NULL,NULL,'2021-11-12 09:09:37','2021-11-12 09:09:36','172.16.5.155',NULL,NULL,NULL,'2021-11-12 09:10:28'),(2111130000000022,'2111130000000022',940,1,NULL,NULL,NULL,'MY1233','票核单','DZ2110260000001874','A','KR','8031','2021','2021-11-13 12:16:34','2021-11-13 12:16:34','采购发票核销2021-11-13','DZ2110260000001874','CNY',1.00,0,21000,0,NULL,NULL,NULL,'2021-11-13 04:16:36','2021-11-13 04:16:36','172.16.5.155',NULL,NULL,NULL,'2021-11-13 04:34:19'),(2111130000000029,'2111130000000029',941,1,NULL,NULL,NULL,'MY1233','票核单','DZ2111090000001356','A','KR','8031','2021','2021-11-13 12:16:36','2021-11-13 12:16:36','采购发票核销2021-11-13','DZ2111090000001356','CNY',1.00,0,21000,0,NULL,NULL,NULL,'2021-11-13 04:16:36','2021-11-13 04:16:36','172.16.5.155',NULL,NULL,NULL,'2021-11-13 04:34:19'),(2111130000000050,'2111130000000050',943,1,NULL,NULL,NULL,'MY1233','票核单','DZ2111090000000120','A','KR','8031','2021','2021-11-13 18:29:24','2021-11-13 18:29:24','采购发票核销2021-11-13','DZ2111090000000120','CNY',1.00,0,21000,0,NULL,NULL,NULL,'2021-11-13 10:29:25','2021-11-13 10:29:25','172.16.11.37',NULL,NULL,NULL,'2021-11-13 10:30:19'),(2111130000000056,'2111130000000056',944,0,NULL,NULL,NULL,'MY1233','票核单','DZ2111080000002370','A','KR','8031','2021','2021-11-13 20:12:46','2021-11-13 20:12:46','采购发票核销2021-11-13','DZ2111080000002370','CNY',1.00,0,21000,0,NULL,NULL,NULL,'2021-11-13 12:12:49','2021-11-13 12:12:49','172.16.11.37',NULL,NULL,NULL,'2021-11-13 12:14:56'),(2111130000000072,'2111130000000072',945,1,NULL,NULL,NULL,'MY1233','费用单','2111090000002235','A','AB','8031','2021','2021-11-13 21:56:21','2021-11-13 21:56:21','供应商扣款费用核销2021-11-13','2111090000002235','CNY',1.00,0,21000,0,NULL,NULL,NULL,'2021-11-13 13:56:25','2021-11-13 13:56:25','172.16.4.251',NULL,NULL,NULL,'2021-11-13 13:56:51'),(2111130000000076,'2111130000000076',946,1,NULL,NULL,NULL,'MY1233','费用单','2111090000002239','A','AB','8031','2021','2021-11-13 21:56:23','2021-11-13 21:56:23','供应商扣款费用核销2021-11-13','2111090000002239','CNY',1.00,0,21000,0,NULL,NULL,NULL,'2021-11-13 13:56:25','2021-11-13 13:56:25','172.16.4.251',NULL,NULL,NULL,'2021-11-13 13:56:51'),(2111130000000080,'2111130000000080',947,1,NULL,NULL,NULL,'MY1233','费用单','2111090000002243','A','AB','8031','2021','2021-11-13 21:56:24','2021-11-13 21:56:24','供应商扣款费用核销2021-11-13','2111090000002243','CNY',1.00,0,21000,0,NULL,NULL,NULL,'2021-11-13 13:56:25','2021-11-13 13:56:25','172.16.4.251',NULL,NULL,NULL,'2021-11-13 13:56:51'),(2111130000000087,'2111130000000087',948,1,NULL,NULL,NULL,'MY1233','费用单','2111090000002197','A','AB','8031','2021','2021-11-13 22:09:44','2021-11-13 22:09:44','供应商无发票扣款2021-11-13','2111090000002197','CNY',1.00,0,21000,0,NULL,NULL,NULL,'2021-11-13 14:09:46','2021-11-13 14:09:45','172.16.4.251',NULL,NULL,NULL,'2021-11-13 14:10:22'),(2111130000000090,'2111130000000090',949,1,NULL,NULL,NULL,'MY1233','费用单','2111090000002201','A','AB','8031','2021','2021-11-13 22:09:45','2021-11-13 22:09:45','供应商无发票扣款2021-11-13','2111090000002201','CNY',1.00,0,21000,0,NULL,NULL,NULL,'2021-11-13 14:09:46','2021-11-13 14:09:45','172.16.4.251',NULL,NULL,NULL,'2021-11-13 14:10:22');
/*!40000 ALTER TABLE `pre_certificate` ENABLE KEYS */;
UNLOCK TABLES;

--
-- Table structure for table `pre_certificate_detail`
--

DROP TABLE IF EXISTS `pre_certificate_detail`;
/*!40101 SET @saved_cs_client     = @@character_set_client */;
/*!40101 SET character_set_client = utf8 */;
CREATE TABLE `pre_certificate_detail` (
  `id` bigint(20) NOT NULL COMMENT 'id',
  `pre_certificate_id` bigint(20) NOT NULL COMMENT '预制凭证表id',
  `pack_doc_item` int(11) NOT NULL COMMENT '预制凭证行号',
  `posting_key` varchar(64) NOT NULL COMMENT '记账代码 客户: 01 发票 客户: 11 贷方凭证  供应商: 21 贷项凭证  供应商: 31 发票  总帐: 40 借方分录  总帐: 50 贷方分录 ',
  `account_type` varchar(64) NOT NULL COMMENT '科目类型 A 资产 D客户 K供应商  M商品 S总分类帐科目',
  `gl_account` varchar(64) NOT NULL COMMENT '总账科目',
  `dr_cr_ind` varchar(64) NOT NULL COMMENT '借方/贷方标识 "H 贷方 S借方',
  `customer` varchar(64) DEFAULT NULL COMMENT '客户编号',
  `vendor_no` varchar(64) DEFAULT '' COMMENT '供应商编号',
  `sp_gl_ind` varchar(255) DEFAULT '' COMMENT '特殊总账标识 A 预付账款   B 其他应付款-代垫款  C 其他应付款-供应商保证金  D 其他应收款-供应商押金 ',
  `cost_ctr` varchar(20) DEFAULT '' COMMENT '成本中心',
  `profit_ctr` varchar(20) DEFAULT '' COMMENT '利润中心',
  `ref_key3` varchar(64) NOT NULL COMMENT '原始订单号',
  `order_id` varchar(64) DEFAULT '' COMMENT '业务单号',
  `buss_type` varchar(255) DEFAULT NULL COMMENT '业务类型',
  `cs_trans_t` varchar(255) DEFAULT NULL COMMENT '事务类型 A50 购买商品、接收劳务支付的现金 A52 支付的各项税费 A53 支付其他与经营活动有关的现金  A55 支付利息、手续费及佣金的现金 A56 支付给职工以及为职工支付的现金 ',
  `loc_curr_amt` decimal(14,2) NOT NULL COMMENT '本位币金额',
  `doc_curr_amt` decimal(14,2) NOT NULL COMMENT '凭证货币金额',
  `item_text` text COMMENT '项目文本',
  `tax_code` varchar(20) DEFAULT NULL COMMENT '税码',
  `supplier_code` varchar(20) DEFAULT NULL COMMENT '供应商编码',
  `customer_code` varchar(20) DEFAULT NULL COMMENT '客户编码',
  `pymt_meth` int(11) DEFAULT '0' COMMENT '收付方式',
  `is_deleted` tinyint(3) DEFAULT '0' COMMENT '逻辑删除字段 0 正常 1 已删除',
  `company_id` bigint(20) DEFAULT NULL COMMENT '公司id',
  `version_no` int(11) DEFAULT '0' COMMENT '版本号:默认0,每次更新+1',
  `create_userid` bigint(20) DEFAULT NULL COMMENT '创建人ID',
  `create_username` varchar(100) DEFAULT NULL COMMENT '创建人用户名',
  `create_userip` varchar(255) DEFAULT NULL COMMENT '创建人IP',
  `create_time` timestamp NULL DEFAULT CURRENT_TIMESTAMP COMMENT '创建时间-应用操作时间',
  `create_time_db` timestamp NULL DEFAULT CURRENT_TIMESTAMP COMMENT '创建时间-数据库操作时间',
  `server_ip` varchar(255) DEFAULT NULL COMMENT '服务器IP',
  `update_userid` bigint(20) DEFAULT NULL COMMENT '最后修改人ID',
  `update_username` varchar(100) DEFAULT NULL COMMENT '最后修改人用户名',
  `update_userip` varchar(255) DEFAULT NULL COMMENT '最后修改人IP',
  `update_time` timestamp NULL DEFAULT NULL ON UPDATE CURRENT_TIMESTAMP COMMENT '最后修改时间',
  PRIMARY KEY (`id`) USING BTREE
) ENGINE=InnoDB DEFAULT CHARSET=utf8mb4 COMMENT='预制凭证详情表';
/*!40101 SET character_set_client = @saved_cs_client */;

--
-- Dumping data for table `pre_certificate_detail`
--

LOCK TABLES `pre_certificate_detail` WRITE;
/*!40000 ALTER TABLE `pre_certificate_detail` DISABLE KEYS */;
INSERT INTO `pre_certificate_detail` VALUES (2111080000003626,2111080000003625,2,'96','S','2202030100','H',NULL,'0000200111','',NULL,'8031','CG2110310000000186',NULL,NULL,'',36244183.85,36244183.85,'采购入库2021-11-08',NULL,NULL,NULL,NULL,0,21000,0,NULL,NULL,NULL,'2021-11-08 09:01:05','2021-11-08 09:01:05','10.129.1.107',NULL,NULL,NULL,NULL),(2111080000003627,2111080000003625,1,'89','M','1405020000','S',NULL,'0000200111','',NULL,'8031','CG2110310000000186',NULL,NULL,'',0.36,0.36,'采购入库2021-11-08',NULL,NULL,NULL,NULL,0,21000,0,NULL,NULL,NULL,'2021-11-08 09:01:05','2021-11-08 09:01:05','10.129.1.107',NULL,NULL,NULL,NULL),(2111080000003629,2111080000003625,1,'89','M','1405040000','S',NULL,'0000200111','',NULL,'8031','CG2110310000000186',NULL,NULL,'',36244183.49,36244183.49,'采购入库2021-11-08',NULL,NULL,NULL,NULL,0,21000,0,NULL,NULL,NULL,'2021-11-08 09:01:05','2021-11-08 09:01:05','10.129.1.107',NULL,NULL,NULL,NULL),(2111080000003631,2111080000003630,2,'96','S','2202030100','H',NULL,'0000200111','',NULL,'8031','CG2110300000000144',NULL,NULL,'',90610633.34,90610633.34,'采购入库2021-11-08',NULL,NULL,NULL,NULL,0,21000,0,NULL,NULL,NULL,'2021-11-08 09:01:05','2021-11-08 09:01:05','10.129.1.107',NULL,NULL,NULL,NULL),(2111080000003632,2111080000003630,1,'89','M','1405010000','S',NULL,'0000200111','',NULL,'8031','CG2110300000000144',NULL,NULL,'',172.82,172.82,'采购入库2021-11-08',NULL,NULL,NULL,NULL,0,21000,0,NULL,NULL,NULL,'2021-11-08 09:01:05','2021-11-08 09:01:05','10.129.1.107',NULL,NULL,NULL,NULL),(2111080000003634,2111080000003630,1,'89','M','1405020000','S',NULL,'0000200111','',NULL,'8031','CG2110300000000144',NULL,NULL,'',1.80,1.80,'采购入库2021-11-08',NULL,NULL,NULL,NULL,0,21000,0,NULL,NULL,NULL,'2021-11-08 09:01:05','2021-11-08 09:01:05','10.129.1.107',NULL,NULL,NULL,NULL),(2111080000003636,2111080000003630,1,'89','M','1405040000','S',NULL,'0000200111','',NULL,'8031','CG2110300000000144',NULL,NULL,'',90610458.72,90610458.72,'采购入库2021-11-08',NULL,NULL,NULL,NULL,0,21000,0,NULL,NULL,NULL,'2021-11-08 09:01:05','2021-11-08 09:01:05','10.129.1.107',NULL,NULL,NULL,NULL),(2111080000003638,2111080000003637,1,'86','S','2202030100','S',NULL,'0000200111','',NULL,'8031','TH2110310000000121',NULL,NULL,'',0.00,0.00,'采购退货2021-11-08',NULL,NULL,NULL,NULL,0,21000,0,NULL,NULL,NULL,'2021-11-08 09:01:05','2021-11-08 09:01:05','10.129.1.107',NULL,NULL,NULL,NULL),(2111080000003639,2111080000003637,2,'99','M','1405020000','H',NULL,'0000200111','',NULL,'8031','TH2110310000000121',NULL,NULL,'',0.00,0.00,'采购退货2021-11-08',NULL,NULL,NULL,NULL,0,21000,0,NULL,NULL,NULL,'2021-11-08 09:01:05','2021-11-08 09:01:05','10.129.1.107',NULL,NULL,NULL,NULL),(2111080000003641,2111080000003640,1,'86','S','2202030100','S',NULL,'0000200111','',NULL,'8031','TH2110300000000077',NULL,NULL,'',0.00,0.00,'采购退货2021-11-08',NULL,NULL,NULL,NULL,0,21000,0,NULL,NULL,NULL,'2021-11-08 09:01:05','2021-11-08 09:01:05','10.129.1.107',NULL,NULL,NULL,NULL),(2111080000003642,2111080000003640,2,'99','M','1405010000','H',NULL,'0000200111','',NULL,'8031','TH2110300000000077',NULL,NULL,'',0.00,0.00,'采购退货2021-11-08',NULL,NULL,NULL,NULL,0,21000,0,NULL,NULL,NULL,'2021-11-08 09:01:05','2021-11-08 09:01:05','10.129.1.107',NULL,NULL,NULL,NULL),(2111080000003644,2111080000003640,2,'99','M','1405020000','H',NULL,'0000200111','',NULL,'8031','TH2110300000000077',NULL,NULL,'',0.00,0.00,'采购退货2021-11-08',NULL,NULL,NULL,NULL,0,21000,0,NULL,NULL,NULL,'2021-11-08 09:01:05','2021-11-08 09:01:05','10.129.1.107',NULL,NULL,NULL,NULL),(2111080000003648,2111080000003640,2,'99','M','1405040000','H',NULL,'0000200111','',NULL,'8031','TH2110300000000077',NULL,NULL,'',0.00,0.00,'采购退货2021-11-08',NULL,NULL,NULL,NULL,0,21000,0,NULL,NULL,NULL,'2021-11-08 09:01:05','2021-11-08 09:01:05','10.129.1.107',NULL,NULL,NULL,NULL),(2111080000003650,2111080000003649,1,'86','S','2202030100','S',NULL,'0000200111','',NULL,'8031','TH2110310000000026',NULL,NULL,'',9061055.22,9061055.22,'采购退货2021-11-08',NULL,NULL,NULL,NULL,0,21000,0,NULL,NULL,NULL,'2021-11-08 09:01:05','2021-11-08 09:01:05','10.129.1.107',NULL,NULL,NULL,NULL),(2111080000003651,2111080000003649,2,'99','M','1405010000','H',NULL,'0000200111','',NULL,'8031','TH2110310000000026',NULL,NULL,'',9.17,9.17,'采购退货2021-11-08',NULL,NULL,NULL,NULL,0,21000,0,NULL,NULL,NULL,'2021-11-08 09:01:05','2021-11-08 09:01:05','10.129.1.107',NULL,NULL,NULL,NULL),(2111080000003653,2111080000003649,2,'99','M','1405020000','H',NULL,'0000200111','',NULL,'8031','TH2110310000000026',NULL,NULL,'',0.18,0.18,'采购退货2021-11-08',NULL,NULL,NULL,NULL,0,21000,0,NULL,NULL,NULL,'2021-11-08 09:01:05','2021-11-08 09:01:05','10.129.1.107',NULL,NULL,NULL,NULL),(2111080000003655,2111080000003649,2,'99','M','1405040000','H',NULL,'0000200111','',NULL,'8031','TH2110310000000026',NULL,NULL,'',9061045.87,9061045.87,'采购退货2021-11-08',NULL,NULL,NULL,NULL,0,21000,0,NULL,NULL,NULL,'2021-11-08 09:01:05','2021-11-08 09:01:05','10.129.1.107',NULL,NULL,NULL,NULL),(2111080000003657,2111080000003656,2,'96','S','2202030100','H',NULL,'0000200111','',NULL,'8031','CG2110310000000186',NULL,NULL,'',4530522.99,4530522.99,'采购收货更正2021-11-08',NULL,NULL,NULL,NULL,0,21000,0,NULL,NULL,NULL,'2021-11-08 09:01:05','2021-11-08 09:01:05','10.129.1.107',NULL,NULL,NULL,NULL),(2111080000003658,2111080000003656,1,'89','M','1405020000','S',NULL,'0000200111','',NULL,'8031','CG2110310000000186',NULL,NULL,'',0.05,0.05,'采购收货更正2021-11-08',NULL,NULL,NULL,NULL,0,21000,0,NULL,NULL,NULL,'2021-11-08 09:01:05','2021-11-08 09:01:05','10.129.1.107',NULL,NULL,NULL,NULL),(2111080000003660,2111080000003656,1,'89','M','1405040000','S',NULL,'0000200111','',NULL,'8031','CG2110310000000186',NULL,NULL,'',4530522.94,4530522.94,'采购收货更正2021-11-08',NULL,NULL,NULL,NULL,0,21000,0,NULL,NULL,NULL,'2021-11-08 09:01:05','2021-11-08 09:01:05','10.129.1.107',NULL,NULL,NULL,NULL),(2111080000003662,2111080000003661,1,'86','S','2202030100','S',NULL,'0000200111','',NULL,'8031','CG2110300000000144',NULL,NULL,'',0.01,0.01,'采购收货更正2021-11-08',NULL,NULL,NULL,NULL,0,21000,0,NULL,NULL,NULL,'2021-11-08 09:01:05','2021-11-08 09:01:05','10.129.1.107',NULL,NULL,NULL,NULL),(2111080000003663,2111080000003661,2,'99','M','1405020000','H',NULL,'0000200111','',NULL,'8031','CG2110300000000144',NULL,NULL,'',0.01,0.01,'采购收货更正2021-11-08',NULL,NULL,NULL,NULL,0,21000,0,NULL,NULL,NULL,'2021-11-08 09:01:05','2021-11-08 09:01:05','10.129.1.107',NULL,NULL,NULL,NULL),(2111080000003665,2111080000003664,1,'86','S','2202030100','S',NULL,'0000200111','',NULL,'8031','CG2110310000000186',NULL,NULL,'',2718313.79,2718313.79,'采购收货更正2021-11-08',NULL,NULL,NULL,NULL,0,21000,0,NULL,NULL,NULL,'2021-11-08 09:01:05','2021-11-08 09:01:05','10.129.1.107',NULL,NULL,NULL,NULL),(2111080000003666,2111080000003664,2,'99','M','1405020000','H',NULL,'0000200111','',NULL,'8031','CG2110310000000186',NULL,NULL,'',0.03,0.03,'采购收货更正2021-11-08',NULL,NULL,NULL,NULL,0,21000,0,NULL,NULL,NULL,'2021-11-08 09:01:05','2021-11-08 09:01:05','10.129.1.107',NULL,NULL,NULL,NULL),(2111080000003668,2111080000003664,2,'99','M','1405040000','H',NULL,'0000200111','',NULL,'8031','CG2110310000000186',NULL,NULL,'',2718313.76,2718313.76,'采购收货更正2021-11-08',NULL,NULL,NULL,NULL,0,21000,0,NULL,NULL,NULL,'2021-11-08 09:01:05','2021-11-08 09:01:05','10.129.1.107',NULL,NULL,NULL,NULL),(2111080000003670,2111080000003669,2,'96','S','2202030100','H',NULL,'0000200111','',NULL,'8031','TH2110310000000121',NULL,NULL,'',0.01,0.01,'采购退货更正2021-11-08',NULL,NULL,NULL,NULL,0,21000,0,NULL,NULL,NULL,'2021-11-08 09:01:05','2021-11-08 09:01:05','10.129.1.107',NULL,NULL,NULL,NULL),(2111080000003671,2111080000003669,1,'89','M','1405020000','S',NULL,'0000200111','',NULL,'8031','TH2110310000000121',NULL,NULL,'',0.01,0.01,'采购退货更正2021-11-08',NULL,NULL,NULL,NULL,0,21000,0,NULL,NULL,NULL,'2021-11-08 09:01:05','2021-11-08 09:01:05','10.129.1.107',NULL,NULL,NULL,NULL),(2111080000003673,2111080000003672,1,'86','S','2202030100','S',NULL,'0000200111','',NULL,'8031','TH2110310000000026',NULL,NULL,'',906104.59,906104.59,'采购退货更正2021-11-08',NULL,NULL,NULL,NULL,0,21000,0,NULL,NULL,NULL,'2021-11-08 09:01:05','2021-11-08 09:01:05','10.129.1.107',NULL,NULL,NULL,NULL),(2111080000003674,2111080000003672,2,'99','M','1405040000','H',NULL,'0000200111','',NULL,'8031','TH2110310000000026',NULL,NULL,'',906104.59,906104.59,'采购退货更正2021-11-08',NULL,NULL,NULL,NULL,0,21000,0,NULL,NULL,NULL,'2021-11-08 09:01:05','2021-11-08 09:01:05','10.129.1.107',NULL,NULL,NULL,NULL),(2111080000003676,2111080000003675,1,'86','S','2202030100','S',NULL,'0000200111','',NULL,'8031','TH2110310000000121',NULL,NULL,'',0.01,0.01,'采购退货更正2021-11-08',NULL,NULL,NULL,NULL,0,21000,0,NULL,NULL,NULL,'2021-11-08 09:01:05','2021-11-08 09:01:05','10.129.1.107',NULL,NULL,NULL,NULL),(2111080000003677,2111080000003675,2,'99','M','1405020000','H',NULL,'0000200111','',NULL,'8031','TH2110310000000121',NULL,NULL,'',0.01,0.01,'采购退货更正2021-11-08',NULL,NULL,NULL,NULL,0,21000,0,NULL,NULL,NULL,'2021-11-08 09:01:05','2021-11-08 09:01:05','10.129.1.107',NULL,NULL,NULL,NULL),(2111080000003679,2111080000003678,2,'50','S','1901010100','H',NULL,'0000200111','',NULL,'8031','PD2111040000000001',NULL,NULL,'',9515993.78,9515993.78,'盘盈处理2021-11-08',NULL,NULL,NULL,NULL,0,21000,0,NULL,NULL,NULL,'2021-11-08 09:01:05','2021-11-08 09:01:05','10.129.1.107',NULL,NULL,NULL,NULL),(2111080000003680,2111080000003678,1,'89','M','1405040000','S',NULL,'0000200111','',NULL,'8031','PD2111040000000001',NULL,NULL,'',9515993.78,9515993.78,'盘盈处理2021-11-08',NULL,NULL,NULL,NULL,0,21000,0,NULL,NULL,NULL,'2021-11-08 09:01:05','2021-11-08 09:01:05','10.129.1.107',NULL,NULL,NULL,NULL),(2111080000003682,2111080000003681,2,'99','M','1405020000','H',NULL,'0000200111','',NULL,'8031','PD2110310000000002',NULL,NULL,'',10.58,10.58,'盘盈处理2021-11-08',NULL,NULL,NULL,NULL,0,21000,0,NULL,NULL,NULL,'2021-11-08 09:01:05','2021-11-08 09:01:05','10.129.1.107',NULL,NULL,NULL,NULL),(2111080000003683,2111080000003681,1,'81','S','1901010100','S',NULL,'0000200111','',NULL,'8031','PD2110310000000002',NULL,NULL,'',10.58,10.58,'盘盈处理2021-11-08',NULL,NULL,NULL,NULL,0,21000,0,NULL,NULL,NULL,'2021-11-08 09:01:05','2021-11-08 09:01:05','10.129.1.107',NULL,NULL,NULL,NULL),(2111080000003685,2111080000003684,2,'99','M','1405020000','H',NULL,'0000200111','',NULL,'8031','PD2110310000000001',NULL,NULL,'',117.18,117.18,'盘盈处理2021-11-08',NULL,NULL,NULL,NULL,0,21000,0,NULL,NULL,NULL,'2021-11-08 09:01:05','2021-11-08 09:01:05','10.129.1.107',NULL,NULL,NULL,NULL),(2111080000003686,2111080000003684,1,'81','S','1901010100','S',NULL,'0000200111','',NULL,'8031','PD2110310000000001',NULL,NULL,'',117.18,117.18,'盘盈处理2021-11-08',NULL,NULL,NULL,NULL,0,21000,0,NULL,NULL,NULL,'2021-11-08 09:01:05','2021-11-08 09:01:05','10.129.1.107',NULL,NULL,NULL,NULL),(2111080000003688,2111080000003687,1,'86','S','2202030100','S',NULL,'yh-chenguang','',NULL,'yh-1233maoyi','TH2111040000001740',NULL,NULL,'',551.99,551.99,'采购退货2021-11-08',NULL,NULL,NULL,NULL,0,21000,0,NULL,NULL,NULL,'2021-11-08 09:01:05','2021-11-08 09:01:06','10.129.1.107',NULL,NULL,NULL,NULL),(2111080000003689,2111080000003687,2,'99','M','1405020000','H',NULL,'yh-chenguang','',NULL,'yh-1233maoyi','TH2111040000001740',NULL,NULL,'',551.99,551.99,'采购退货2021-11-08',NULL,NULL,NULL,NULL,0,21000,0,NULL,NULL,NULL,'2021-11-08 09:01:05','2021-11-08 09:01:06','10.129.1.107',NULL,NULL,NULL,NULL),(2111080000003695,2111080000003694,2,'96','S','2202030100','H',NULL,'0000200111','',NULL,'8031','SH2111080000000268',NULL,NULL,'',63427385.96,63427385.96,'采购入库2021-11-08',NULL,NULL,NULL,NULL,0,21000,0,NULL,NULL,NULL,'2021-11-08 09:01:05','2021-11-08 09:01:06','10.129.1.107',NULL,NULL,NULL,NULL),(2111080000003696,2111080000003694,1,'89','M','1405010000','S',NULL,'0000200111','',NULL,'8031','SH2111080000000268',NULL,NULL,'',64.86,64.86,'采购入库2021-11-08',NULL,NULL,NULL,NULL,0,21000,0,NULL,NULL,NULL,'2021-11-08 09:01:05','2021-11-08 09:01:06','10.129.1.107',NULL,NULL,NULL,NULL),(2111080000003698,2111080000003694,1,'89','M','1405040000','S',NULL,'0000200111','',NULL,'8031','SH2111080000000268',NULL,NULL,'',63427321.10,63427321.10,'采购入库2021-11-08',NULL,NULL,NULL,NULL,0,21000,0,NULL,NULL,NULL,'2021-11-08 09:01:05','2021-11-08 09:01:06','10.129.1.107',NULL,NULL,NULL,NULL),(2111080000003700,2111080000003699,2,'96','S','2202030100','H',NULL,'0000200111','',NULL,'8031','CG2111080000000283',NULL,NULL,'',1.54,1.54,'采购入库2021-11-08',NULL,NULL,NULL,NULL,0,21000,0,NULL,NULL,NULL,'2021-11-08 09:01:05','2021-11-08 09:01:06','10.129.1.107',NULL,NULL,NULL,NULL),(2111080000003701,2111080000003699,1,'89','M','1405020000','S',NULL,'0000200111','',NULL,'8031','CG2111080000000283',NULL,NULL,'',1.54,1.54,'采购入库2021-11-08',NULL,NULL,NULL,NULL,0,21000,0,NULL,NULL,NULL,'2021-11-08 09:01:05','2021-11-08 09:01:06','10.129.1.107',NULL,NULL,NULL,NULL),(2111080000003703,2111080000003702,2,'96','S','2202030100','H',NULL,'0000200111','',NULL,'8031','SH2111080000000324',NULL,NULL,'',88.50,88.50,'采购入库2021-11-08',NULL,NULL,NULL,NULL,0,21000,0,NULL,NULL,NULL,'2021-11-08 09:01:05','2021-11-08 09:01:06','10.129.1.107',NULL,NULL,NULL,NULL),(2111080000003704,2111080000003702,1,'89','M','1405010000','S',NULL,'0000200111','',NULL,'8031','SH2111080000000324',NULL,NULL,'',88.50,88.50,'采购入库2021-11-08',NULL,NULL,NULL,NULL,0,21000,0,NULL,NULL,NULL,'2021-11-08 09:01:05','2021-11-08 09:01:06','10.129.1.107',NULL,NULL,NULL,NULL),(2111080000003706,2111080000003705,2,'96','S','2202030100','H',NULL,'0000200111','',NULL,'8031','SH2111080000000328',NULL,NULL,'',9061134.37,9061134.37,'采购入库2021-11-08',NULL,NULL,NULL,NULL,0,21000,0,NULL,NULL,NULL,'2021-11-08 09:01:05','2021-11-08 09:01:06','10.129.1.107',NULL,NULL,NULL,NULL),(2111080000003707,2111080000003705,1,'89','M','1405010000','S',NULL,'0000200111','',NULL,'8031','SH2111080000000328',NULL,NULL,'',88.50,88.50,'采购入库2021-11-08',NULL,NULL,NULL,NULL,0,21000,0,NULL,NULL,NULL,'2021-11-08 09:01:05','2021-11-08 09:01:06','10.129.1.107',NULL,NULL,NULL,NULL),(2111080000003709,2111080000003705,1,'89','M','1405040000','S',NULL,'0000200111','',NULL,'8031','SH2111080000000328',NULL,NULL,'',9061045.87,9061045.87,'采购入库2021-11-08',NULL,NULL,NULL,NULL,0,21000,0,NULL,NULL,NULL,'2021-11-08 09:01:05','2021-11-08 09:01:06','10.129.1.107',NULL,NULL,NULL,NULL),(2111080000003711,2111080000003710,1,'86','S','2202030100','S',NULL,'0000200111','',NULL,'8031','TH2111080000000335',NULL,NULL,'',0.00,0.00,'采购退货2021-11-08',NULL,NULL,NULL,NULL,0,21000,0,NULL,NULL,NULL,'2021-11-08 09:01:05','2021-11-08 09:01:06','10.129.1.107',NULL,NULL,NULL,NULL),(2111080000003712,2111080000003710,2,'99','M','1405010000','H',NULL,'0000200111','',NULL,'8031','TH2111080000000335',NULL,NULL,'',0.00,0.00,'采购退货2021-11-08',NULL,NULL,NULL,NULL,0,21000,0,NULL,NULL,NULL,'2021-11-08 09:01:05','2021-11-08 09:01:06','10.129.1.107',NULL,NULL,NULL,NULL),(2111080000003719,2111080000003718,1,'86','S','2202030100','S',NULL,'0000200111','',NULL,'8031','TH2111080000001151',NULL,NULL,'',0.00,0.00,'采购退货2021-11-08',NULL,NULL,NULL,NULL,0,21000,0,NULL,NULL,NULL,'2021-11-08 09:01:05','2021-11-08 09:01:06','10.129.1.107',NULL,NULL,NULL,NULL),(2111080000003720,2111080000003718,2,'99','M','1405010000','H',NULL,'0000200111','',NULL,'8031','TH2111080000001151',NULL,NULL,'',0.00,0.00,'采购退货2021-11-08',NULL,NULL,NULL,NULL,0,21000,0,NULL,NULL,NULL,'2021-11-08 09:01:05','2021-11-08 09:01:06','10.129.1.107',NULL,NULL,NULL,NULL),(2111080000003722,2111080000003721,1,'86','S','2202030100','S',NULL,'0000200111','',NULL,'8031','TH2111080000001151',NULL,NULL,'',0.00,0.00,'采购退货2021-11-08',NULL,NULL,NULL,NULL,0,21000,0,NULL,NULL,NULL,'2021-11-08 09:01:05','2021-11-08 09:01:06','10.129.1.107',NULL,NULL,NULL,NULL),(2111080000003723,2111080000003721,2,'99','M','1405040000','H',NULL,'0000200111','',NULL,'8031','TH2111080000001151',NULL,NULL,'',0.00,0.00,'采购退货2021-11-08',NULL,NULL,NULL,NULL,0,21000,0,NULL,NULL,NULL,'2021-11-08 09:01:05','2021-11-08 09:01:06','10.129.1.107',NULL,NULL,NULL,NULL),(2111080000003725,2111080000003724,2,'96','S','2202030100','H',NULL,'0000200111','',NULL,'8031','SH2111080000001488',NULL,NULL,'',61.95,61.95,'采购入库2021-11-08',NULL,NULL,NULL,NULL,0,21000,0,NULL,NULL,NULL,'2021-11-08 09:01:05','2021-11-08 09:01:06','10.129.1.107',NULL,NULL,NULL,NULL),(2111080000003726,2111080000003724,1,'89','M','1405010000','S',NULL,'0000200111','',NULL,'8031','SH2111080000001488',NULL,NULL,'',61.95,61.95,'采购入库2021-11-08',NULL,NULL,NULL,NULL,0,21000,0,NULL,NULL,NULL,'2021-11-08 09:01:05','2021-11-08 09:01:06','10.129.1.107',NULL,NULL,NULL,NULL),(2111080000003728,2111080000003727,2,'96','S','2202030100','H',NULL,'0000200111','',NULL,'8031','SH2111080000000901',NULL,NULL,'',88.50,88.50,'采购入库2021-11-08',NULL,NULL,NULL,NULL,0,21000,0,NULL,NULL,NULL,'2021-11-08 09:01:05','2021-11-08 09:01:06','10.129.1.107',NULL,NULL,NULL,NULL),(2111080000003729,2111080000003727,1,'89','M','1405010000','S',NULL,'0000200111','',NULL,'8031','SH2111080000000901',NULL,NULL,'',88.50,88.50,'采购入库2021-11-08',NULL,NULL,NULL,NULL,0,21000,0,NULL,NULL,NULL,'2021-11-08 09:01:05','2021-11-08 09:01:06','10.129.1.107',NULL,NULL,NULL,NULL),(2111080000005476,2111080000005475,2,'96','S','2202030100','H',NULL,'0000200111','',NULL,'8031','SH2111080000004747',NULL,NULL,'',88.50,88.50,'采购入库2021-11-08',NULL,NULL,NULL,NULL,0,21000,0,NULL,NULL,NULL,'2021-11-08 14:43:48','2021-11-08 14:43:48','172.16.8.170',NULL,NULL,NULL,NULL),(2111080000005477,2111080000005475,1,'89','M','1405010000','S',NULL,'0000200111','',NULL,'8031','SH2111080000004747',NULL,NULL,'',88.50,88.50,'采购入库2021-11-08',NULL,NULL,NULL,NULL,0,21000,0,NULL,NULL,NULL,'2021-11-08 14:43:48','2021-11-08 14:43:48','172.16.8.170',NULL,NULL,NULL,NULL),(2111080000005479,2111080000005478,1,'86','S','2202030100','S',NULL,'yh-chenguang','',NULL,'yh-1233maoyi','TH2111080000002378',NULL,NULL,'',551.99,551.99,'采购退货2021-11-08',NULL,NULL,NULL,NULL,0,21000,0,NULL,NULL,NULL,'2021-11-08 14:43:48','2021-11-08 14:43:48','172.16.8.170',NULL,NULL,NULL,NULL),(2111080000005480,2111080000005478,2,'99','M','1405020000','H',NULL,'yh-chenguang','',NULL,'yh-1233maoyi','TH2111080000002378',NULL,NULL,'',551.99,551.99,'采购退货2021-11-08',NULL,NULL,NULL,NULL,0,21000,0,NULL,NULL,NULL,'2021-11-08 14:43:48','2021-11-08 14:43:48','172.16.8.170',NULL,NULL,NULL,NULL),(2111090000003076,2111090000003075,2,'96','S','2202030100','H',NULL,'0000200111','',NULL,'8031','SH2111090000000038',NULL,NULL,'',0.90,0.90,'采购入库2021-11-09',NULL,NULL,NULL,NULL,0,21000,0,NULL,NULL,NULL,'2021-11-09 10:13:01','2021-11-09 10:13:00','172.16.8.170',NULL,NULL,NULL,NULL),(2111090000003077,2111090000003075,1,'89','M','1405020000','S',NULL,'0000200111','',NULL,'8031','SH2111090000000038',NULL,NULL,'',0.90,0.90,'采购入库2021-11-09',NULL,NULL,NULL,NULL,0,21000,0,NULL,NULL,NULL,'2021-11-09 10:13:01','2021-11-09 10:13:00','172.16.8.170',NULL,NULL,NULL,NULL),(2111090000003079,2111090000003078,2,'96','S','2202030100','H',NULL,'0000200111','',NULL,'8031','SH2111090000000081',NULL,NULL,'',0.90,0.90,'采购入库2021-11-09',NULL,NULL,NULL,NULL,0,21000,0,NULL,NULL,NULL,'2021-11-09 10:13:01','2021-11-09 10:13:00','172.16.8.170',NULL,NULL,NULL,NULL),(2111090000003080,2111090000003078,1,'89','M','1405020000','S',NULL,'0000200111','',NULL,'8031','SH2111090000000081',NULL,NULL,'',0.90,0.90,'采购入库2021-11-09',NULL,NULL,NULL,NULL,0,21000,0,NULL,NULL,NULL,'2021-11-09 10:13:01','2021-11-09 10:13:00','172.16.8.170',NULL,NULL,NULL,NULL),(2111090000003082,2111090000003081,2,'96','S','2202030100','H',NULL,'0000200111','',NULL,'8031','SH2111090000000217',NULL,NULL,'',0.90,0.90,'采购入库2021-11-09',NULL,NULL,NULL,NULL,0,21000,0,NULL,NULL,NULL,'2021-11-09 10:13:01','2021-11-09 10:13:00','172.16.8.170',NULL,NULL,NULL,NULL),(2111090000003083,2111090000003081,1,'89','M','1405020000','S',NULL,'0000200111','',NULL,'8031','SH2111090000000217',NULL,NULL,'',0.90,0.90,'采购入库2021-11-09',NULL,NULL,NULL,NULL,0,21000,0,NULL,NULL,NULL,'2021-11-09 10:13:01','2021-11-09 10:13:00','172.16.8.170',NULL,NULL,NULL,NULL),(2111090000003085,2111090000003084,2,'50','S','1901010100','H',NULL,'0000200111','',NULL,'8031','PD2111090000000002',NULL,NULL,'',83.85,83.85,'盘盈处理2021-11-09',NULL,NULL,NULL,NULL,0,21000,0,NULL,NULL,NULL,'2021-11-09 10:13:01','2021-11-09 10:13:00','172.16.8.170',NULL,NULL,NULL,NULL),(2111090000003086,2111090000003084,1,'89','M','1405020000','S',NULL,'0000200111','',NULL,'8031','PD2111090000000002',NULL,NULL,'',83.85,83.85,'盘盈处理2021-11-09',NULL,NULL,NULL,NULL,0,21000,0,NULL,NULL,NULL,'2021-11-09 10:13:01','2021-11-09 10:13:00','172.16.8.170',NULL,NULL,NULL,NULL),(2111090000003088,2111090000003087,2,'50','S','1901010100','H',NULL,'0000200111','',NULL,'8031','PD2111090000000001',NULL,NULL,'',87073119.55,87073119.55,'盘盈处理2021-11-09',NULL,NULL,NULL,NULL,0,21000,0,NULL,NULL,NULL,'2021-11-09 10:13:01','2021-11-09 10:13:00','172.16.8.170',NULL,NULL,NULL,NULL),(2111090000003089,2111090000003087,1,'89','M','1405020000','S',NULL,'0000200111','',NULL,'8031','PD2111090000000001',NULL,NULL,'',4.58,4.58,'盘盈处理2021-11-09',NULL,NULL,NULL,NULL,0,21000,0,NULL,NULL,NULL,'2021-11-09 10:13:01','2021-11-09 10:13:00','172.16.8.170',NULL,NULL,NULL,NULL),(2111090000003091,2111090000003087,1,'89','M','1405040000','S',NULL,'0000200111','',NULL,'8031','PD2111090000000001',NULL,NULL,'',87073114.97,87073114.97,'盘盈处理2021-11-09',NULL,NULL,NULL,NULL,0,21000,0,NULL,NULL,NULL,'2021-11-09 10:13:01','2021-11-09 10:13:00','172.16.8.170',NULL,NULL,NULL,NULL),(2111090000003093,2111090000003092,2,'99','M','1405010000','H',NULL,'0000200111','',NULL,'8031','PD2111090000000002',NULL,NULL,'',18073717.98,18073717.98,'盘盈处理2021-11-09',NULL,NULL,NULL,NULL,0,21000,0,NULL,NULL,NULL,'2021-11-09 10:13:01','2021-11-09 10:13:00','172.16.8.170',NULL,NULL,NULL,NULL),(2111090000003094,2111090000003092,1,'81','S','1901010100','S',NULL,'0000200111','',NULL,'8031','PD2111090000000002',NULL,NULL,'',18073717.98,18073717.98,'盘盈处理2021-11-09',NULL,NULL,NULL,NULL,0,21000,0,NULL,NULL,NULL,'2021-11-09 10:13:01','2021-11-09 10:13:00','172.16.8.170',NULL,NULL,NULL,NULL),(2111090000003096,2111090000003095,2,'99','M','1405010000','H',NULL,'0000200111','',NULL,'8031','PD2111090000000001',NULL,NULL,'',3.38,3.38,'盘盈处理2021-11-09',NULL,NULL,NULL,NULL,0,21000,0,NULL,NULL,NULL,'2021-11-09 10:13:01','2021-11-09 10:13:00','172.16.8.170',NULL,NULL,NULL,NULL),(2111090000003097,2111090000003095,1,'81','S','1901010100','S',NULL,'0000200111','',NULL,'8031','PD2111090000000001',NULL,NULL,'',3.38,3.38,'盘盈处理2021-11-09',NULL,NULL,NULL,NULL,0,21000,0,NULL,NULL,NULL,'2021-11-09 10:13:01','2021-11-09 10:13:00','172.16.8.170',NULL,NULL,NULL,NULL),(2111090000003099,2111090000003098,2,'96','S','2202030100','H',NULL,'0000200111','',NULL,'8031','SH2111090000000521',NULL,NULL,'',0.90,0.90,'采购入库2021-11-09',NULL,NULL,NULL,NULL,0,21000,0,NULL,NULL,NULL,'2021-11-09 10:13:01','2021-11-09 10:13:00','172.16.8.170',NULL,NULL,NULL,NULL),(2111090000003100,2111090000003098,1,'89','M','1405020000','S',NULL,'0000200111','',NULL,'8031','SH2111090000000521',NULL,NULL,'',0.90,0.90,'采购入库2021-11-09',NULL,NULL,NULL,NULL,0,21000,0,NULL,NULL,NULL,'2021-11-09 10:13:01','2021-11-09 10:13:01','172.16.8.170',NULL,NULL,NULL,NULL),(2111090000003102,2111090000003101,2,'96','S','2202030100','H',NULL,'0000200111','',NULL,'8031','SH2111090000000530',NULL,NULL,'',88.50,88.50,'采购入库2021-11-09',NULL,NULL,NULL,NULL,0,21000,0,NULL,NULL,NULL,'2021-11-09 10:13:01','2021-11-09 10:13:01','172.16.8.170',NULL,NULL,NULL,NULL),(2111090000003103,2111090000003101,1,'89','M','1405010000','S',NULL,'0000200111','',NULL,'8031','SH2111090000000530',NULL,NULL,'',88.50,88.50,'采购入库2021-11-09',NULL,NULL,NULL,NULL,0,21000,0,NULL,NULL,NULL,'2021-11-09 10:13:01','2021-11-09 10:13:01','172.16.8.170',NULL,NULL,NULL,NULL),(2111100000001565,2111100000001564,2,'96','S','2202030100','H',NULL,'0000200111','',NULL,'8031','SH2111090000000536',NULL,NULL,'',89.40,89.40,'采购入库2021-11-10',NULL,NULL,NULL,NULL,0,21000,0,NULL,NULL,NULL,'2021-11-10 11:12:46','2021-11-10 11:12:46','10.129.1.107',NULL,NULL,NULL,NULL),(2111100000001566,2111100000001564,1,'89','M','1405010000','S',NULL,'0000200111','',NULL,'8031','SH2111090000000536',NULL,NULL,'',88.50,88.50,'采购入库2021-11-10',NULL,NULL,NULL,NULL,0,21000,0,NULL,NULL,NULL,'2021-11-10 11:12:46','2021-11-10 11:12:46','10.129.1.107',NULL,NULL,NULL,NULL),(2111100000001568,2111100000001564,1,'89','M','1405020000','S',NULL,'0000200111','',NULL,'8031','SH2111090000000536',NULL,NULL,'',0.90,0.90,'采购入库2021-11-10',NULL,NULL,NULL,NULL,0,21000,0,NULL,NULL,NULL,'2021-11-10 11:12:46','2021-11-10 11:12:46','10.129.1.107',NULL,NULL,NULL,NULL),(2111100000001570,2111100000001569,2,'96','S','2202030100','H',NULL,'0000200111','',NULL,'8031','SH2111090000001059',NULL,NULL,'',0.90,0.90,'采购入库2021-11-10',NULL,NULL,NULL,NULL,0,21000,0,NULL,NULL,NULL,'2021-11-10 11:12:46','2021-11-10 11:12:46','10.129.1.107',NULL,NULL,NULL,NULL),(2111100000001571,2111100000001569,1,'89','M','1405020000','S',NULL,'0000200111','',NULL,'8031','SH2111090000001059',NULL,NULL,'',0.90,0.90,'采购入库2021-11-10',NULL,NULL,NULL,NULL,0,21000,0,NULL,NULL,NULL,'2021-11-10 11:12:46','2021-11-10 11:12:46','10.129.1.107',NULL,NULL,NULL,NULL),(2111120000001709,2111120000001708,2,'96','S','6401080000','H',NULL,'0000200111','','0080310130','8031','2111090000001558',NULL,NULL,'',99.02,99.02,'供应商扣款费用发票核销2021-11-12','JI',NULL,NULL,NULL,0,21000,0,NULL,NULL,NULL,'2021-11-12 07:00:54','2021-11-12 07:00:54','172.16.5.155',NULL,NULL,NULL,NULL),(2111120000001710,2111120000001708,1,'86','S','2202030200','S',NULL,'0000200111','','0080310130','8031','2111090000001558',NULL,NULL,'',99.02,99.02,'供应商扣款费用发票核销2021-11-12','JI',NULL,NULL,NULL,0,21000,0,NULL,NULL,NULL,'2021-11-12 07:00:54','2021-11-12 07:00:54','172.16.5.155',NULL,NULL,NULL,NULL),(2111120000001712,2111120000001711,2,'96','S','6401080000','H',NULL,'0000200111','','0080310130','8031','2111090000002148',NULL,NULL,'',99.02,99.02,'供应商扣款费用发票核销2021-11-12','JI',NULL,NULL,NULL,0,21000,0,NULL,NULL,NULL,'2021-11-12 07:00:54','2021-11-12 07:00:54','172.16.5.155',NULL,NULL,NULL,NULL),(2111120000001713,2111120000001711,1,'86','S','2202030200','S',NULL,'0000200111','','0080310130','8031','2111090000002148',NULL,NULL,'',99.02,99.02,'供应商扣款费用发票核销2021-11-12','JI',NULL,NULL,NULL,0,21000,0,NULL,NULL,NULL,'2021-11-12 07:00:54','2021-11-12 07:00:54','172.16.5.155',NULL,NULL,NULL,NULL),(2111120000001715,2111120000001714,2,'96','S','6401080000','H',NULL,'0000200111','','0080310130','8031','2111090000002164',NULL,NULL,'',97.10,97.10,'供应商扣款费用发票核销2021-11-12','JJ',NULL,NULL,NULL,0,21000,0,NULL,NULL,NULL,'2021-11-12 07:00:54','2021-11-12 07:00:54','172.16.5.155',NULL,NULL,NULL,NULL),(2111120000001716,2111120000001714,1,'86','S','2202030200','S',NULL,'0000200111','','0080310130','8031','2111090000002164',NULL,NULL,'',97.10,97.10,'供应商扣款费用发票核销2021-11-12','JJ',NULL,NULL,NULL,0,21000,0,NULL,NULL,NULL,'2021-11-12 07:00:54','2021-11-12 07:00:54','172.16.5.155',NULL,NULL,NULL,NULL),(2111120000001718,2111120000001717,2,'96','S','6401080000','H',NULL,'0000200111','','0080310130','8031','2111090000002169',NULL,NULL,'',99.02,99.02,'供应商扣款费用发票核销2021-11-12','JI',NULL,NULL,NULL,0,21000,0,NULL,NULL,NULL,'2021-11-12 07:00:54','2021-11-12 07:00:54','172.16.5.155',NULL,NULL,NULL,NULL),(2111120000001719,2111120000001717,1,'86','S','2202030200','S',NULL,'0000200111','','0080310130','8031','2111090000002169',NULL,NULL,'',99.02,99.02,'供应商扣款费用发票核销2021-11-12','JI',NULL,NULL,NULL,0,21000,0,NULL,NULL,NULL,'2021-11-12 07:00:54','2021-11-12 07:00:54','172.16.5.155',NULL,NULL,NULL,NULL),(2111120000001971,2111120000001970,1,'86','S','2202030100','S',NULL,'0000200111','',NULL,'8031','TH2111080000001121',NULL,NULL,'',0.00,0.00,'采购退货2021-11-12',NULL,NULL,NULL,NULL,0,21000,0,NULL,NULL,NULL,'2021-11-12 08:06:15','2021-11-12 08:06:14','172.16.5.155',NULL,NULL,NULL,NULL),(2111120000001972,2111120000001970,2,'99','M','1405010000','H',NULL,'0000200111','',NULL,'8031','TH2111080000001121',NULL,NULL,'',0.00,0.00,'采购退货2021-11-12',NULL,NULL,NULL,NULL,0,21000,0,NULL,NULL,NULL,'2021-11-12 08:06:15','2021-11-12 08:06:14','172.16.5.155',NULL,NULL,NULL,NULL),(2111120000001974,2111120000001970,2,'99','M','1405040000','H',NULL,'0000200111','',NULL,'8031','TH2111080000001121',NULL,NULL,'',0.00,0.00,'采购退货2021-11-12',NULL,NULL,NULL,NULL,0,21000,0,NULL,NULL,NULL,'2021-11-12 08:06:15','2021-11-12 08:06:14','172.16.5.155',NULL,NULL,NULL,NULL),(2111120000002083,2111120000002082,1,'86','S','2202030100','S',NULL,'0000200111','',NULL,'8031','TH2111120000002003',NULL,NULL,'',0.88,0.88,'采购退货2021-11-12',NULL,NULL,NULL,NULL,0,21000,0,NULL,NULL,NULL,'2021-11-12 08:35:14','2021-11-12 08:35:13','172.16.5.155',NULL,NULL,NULL,NULL),(2111120000002084,2111120000002082,2,'99','M','1405010000','H',NULL,'0000200111','',NULL,'8031','TH2111120000002003',NULL,NULL,'',0.88,0.88,'采购退货2021-11-12',NULL,NULL,NULL,NULL,0,21000,0,NULL,NULL,NULL,'2021-11-12 08:35:14','2021-11-12 08:35:13','172.16.5.155',NULL,NULL,NULL,NULL),(2111120000002086,2111120000002085,1,'86','S','2202030100','S',NULL,'0000200111','',NULL,'8031','TH2111120000001987',NULL,NULL,'',906104.60,906104.60,'采购退货2021-11-12',NULL,NULL,NULL,NULL,0,21000,0,NULL,NULL,NULL,'2021-11-12 08:35:14','2021-11-12 08:35:13','172.16.5.155',NULL,NULL,NULL,NULL),(2111120000002087,2111120000002085,2,'99','M','1405020000','H',NULL,'0000200111','',NULL,'8031','TH2111120000001987',NULL,NULL,'',0.01,0.01,'采购退货2021-11-12',NULL,NULL,NULL,NULL,0,21000,0,NULL,NULL,NULL,'2021-11-12 08:35:14','2021-11-12 08:35:13','172.16.5.155',NULL,NULL,NULL,NULL),(2111120000002089,2111120000002085,2,'99','M','1405040000','H',NULL,'0000200111','',NULL,'8031','TH2111120000001987',NULL,NULL,'',906104.59,906104.59,'采购退货2021-11-12',NULL,NULL,NULL,NULL,0,21000,0,NULL,NULL,NULL,'2021-11-12 08:35:14','2021-11-12 08:35:13','172.16.5.155',NULL,NULL,NULL,NULL),(2111120000002091,2111120000002090,1,'86','S','2202030100','S',NULL,'0000200111','',NULL,'8031','TH2111120000002012',NULL,NULL,'',9464478.78,9464478.78,'采购退货2021-11-12',NULL,NULL,NULL,NULL,0,21000,0,NULL,NULL,NULL,'2021-11-12 08:35:14','2021-11-12 08:35:13','172.16.5.155',NULL,NULL,NULL,NULL),(2111120000002092,2111120000002090,2,'99','M','1405010000','H',NULL,'0000200111','',NULL,'8031','TH2111120000002012',NULL,NULL,'',9.56,9.56,'采购退货2021-11-12',NULL,NULL,NULL,NULL,0,21000,0,NULL,NULL,NULL,'2021-11-12 08:35:14','2021-11-12 08:35:13','172.16.5.155',NULL,NULL,NULL,NULL),(2111120000002094,2111120000002090,2,'99','M','1405020000','H',NULL,'0000200111','',NULL,'8031','TH2111120000002012',NULL,NULL,'',0.20,0.20,'采购退货2021-11-12',NULL,NULL,NULL,NULL,0,21000,0,NULL,NULL,NULL,'2021-11-12 08:35:14','2021-11-12 08:35:13','172.16.5.155',NULL,NULL,NULL,NULL),(2111120000002096,2111120000002090,2,'99','M','1405040000','H',NULL,'0000200111','',NULL,'8031','TH2111120000002012',NULL,NULL,'',9464469.02,9464469.02,'采购退货2021-11-12',NULL,NULL,NULL,NULL,0,21000,0,NULL,NULL,NULL,'2021-11-12 08:35:14','2021-11-12 08:35:13','172.16.5.155',NULL,NULL,NULL,NULL),(2111120000002543,2111120000002542,1,'86','S','2202030100','S',NULL,'0000200111','',NULL,'8031','SH2111090000000536',NULL,NULL,'',8.94,8.94,'采购收货更正2021-11-12',NULL,NULL,NULL,NULL,0,21000,0,NULL,NULL,NULL,'2021-11-12 09:09:37','2021-11-12 09:09:36','172.16.5.155',NULL,NULL,NULL,NULL),(2111120000002544,2111120000002542,2,'99','M','1405010000','H',NULL,'0000200111','',NULL,'8031','SH2111090000000536',NULL,NULL,'',8.85,8.85,'采购收货更正2021-11-12',NULL,NULL,NULL,NULL,0,21000,0,NULL,NULL,NULL,'2021-11-12 09:09:37','2021-11-12 09:09:36','172.16.5.155',NULL,NULL,NULL,NULL),(2111120000002546,2111120000002542,2,'99','M','1405020000','H',NULL,'0000200111','',NULL,'8031','SH2111090000000536',NULL,NULL,'',0.09,0.09,'采购收货更正2021-11-12',NULL,NULL,NULL,NULL,0,21000,0,NULL,NULL,NULL,'2021-11-12 09:09:37','2021-11-12 09:09:36','172.16.5.155',NULL,NULL,NULL,NULL),(2111130000000023,2111130000000022,3,'96','S','2202010000','H',NULL,'0000200111','',NULL,'8031','DZ2110260000001874',NULL,NULL,'',190476.20,190476.20,'采购发票核销2021-11-13','JH',NULL,NULL,NULL,0,21000,0,NULL,NULL,NULL,'2021-11-13 04:16:36','2021-11-13 04:16:36','172.16.5.155',NULL,NULL,NULL,NULL),(2111130000000024,2111130000000022,2,'40','S','2221010130','S',NULL,'0000200111','',NULL,'8031','DZ2110260000001874',NULL,NULL,'',4761.90,4761.90,'采购发票核销2021-11-13','JH',NULL,NULL,NULL,0,21000,0,NULL,NULL,NULL,'2021-11-13 04:16:36','2021-11-13 04:16:36','172.16.5.155',NULL,NULL,NULL,NULL),(2111130000000025,2111130000000022,1,'86','S','2202030100','S',NULL,'0000200111','',NULL,'8031','DZ2110260000001874',NULL,NULL,' ',180952.40,180952.40,'采购发票核销2021-11-13','JH',NULL,NULL,NULL,0,21000,0,NULL,NULL,NULL,'2021-11-13 04:16:36','2021-11-13 04:16:36','172.16.5.155',NULL,NULL,NULL,NULL),(2111130000000027,2111130000000022,2,'40','S','2221010128','S',NULL,'0000200111','',NULL,'8031','DZ2110260000001874',NULL,NULL,'',4761.90,4761.90,'采购发票核销2021-11-13','JF',NULL,NULL,NULL,0,21000,0,NULL,NULL,NULL,'2021-11-13 04:16:36','2021-11-13 04:16:36','172.16.5.155',NULL,NULL,NULL,NULL),(2111130000000030,2111130000000029,3,'96','S','2202010000','H',NULL,'0000200111','',NULL,'8031','DZ2111090000001356',NULL,NULL,'',2615.78,2615.78,'采购发票核销2021-11-13','JJ',NULL,NULL,NULL,0,21000,0,NULL,NULL,NULL,'2021-11-13 04:16:36','2021-11-13 04:16:36','172.16.5.155',NULL,NULL,NULL,NULL),(2111130000000031,2111130000000029,2,'40','S','2221010132','S',NULL,'0000200111','',NULL,'8031','DZ2111090000001356',NULL,NULL,'',78.47,78.47,'采购发票核销2021-11-13','JJ',NULL,NULL,NULL,0,21000,0,NULL,NULL,NULL,'2021-11-13 04:16:36','2021-11-13 04:16:36','172.16.5.155',NULL,NULL,NULL,NULL),(2111130000000032,2111130000000029,1,'86','S','2202030100','S',NULL,'0000200111','',NULL,'8031','DZ2111090000001356',NULL,NULL,' ',2537.31,2537.31,'采购发票核销2021-11-13','JJ',NULL,NULL,NULL,0,21000,0,NULL,NULL,NULL,'2021-11-13 04:16:36','2021-11-13 04:16:36','172.16.5.155',NULL,NULL,NULL,NULL),(2111130000000051,2111130000000050,3,'96','S','0000200111','H',NULL,'0000200111','',NULL,'8031','DZ2111090000000120',NULL,NULL,'',1594.34,1594.34,'采购发票核销2021-11-13','J1',NULL,NULL,NULL,0,21000,0,NULL,NULL,NULL,'2021-11-13 10:29:26','2021-11-13 10:29:25','172.16.11.37',NULL,NULL,NULL,NULL),(2111130000000052,2111130000000050,2,'40','S','2221010102','S',NULL,'0000200111','',NULL,'8031','DZ2111090000000120',NULL,NULL,'',95.66,95.66,'采购发票核销2021-11-13','J1',NULL,NULL,NULL,0,21000,0,NULL,NULL,NULL,'2021-11-13 10:29:26','2021-11-13 10:29:25','172.16.11.37',NULL,NULL,NULL,NULL),(2111130000000053,2111130000000050,1,'86','S','2202030100','S',NULL,'0000200111','',NULL,'8031','DZ2111090000000120',NULL,NULL,' ',1498.68,1498.68,'采购发票核销2021-11-13','J1',NULL,NULL,NULL,0,21000,0,NULL,NULL,NULL,'2021-11-13 10:29:26','2021-11-13 10:29:25','172.16.11.37',NULL,NULL,NULL,NULL),(2111130000000057,2111130000000056,3,'96','S','0000200111','H',NULL,'0000200111','',NULL,'8031','DZ2111080000002370',NULL,NULL,'',205.78,205.78,'采购发票核销2021-11-13','J0',NULL,NULL,NULL,0,21000,0,NULL,NULL,NULL,'2021-11-13 12:12:49','2021-11-13 12:12:49','172.16.11.37',NULL,NULL,NULL,NULL),(2111130000000058,2111130000000056,2,'40','S','','S',NULL,'0000200111','',NULL,'8031','DZ2111080000002370',NULL,NULL,'',0.00,0.00,'采购发票核销2021-11-13','J0',NULL,NULL,NULL,0,21000,0,NULL,NULL,NULL,'2021-11-13 12:12:49','2021-11-13 12:12:49','172.16.11.37',NULL,NULL,NULL,NULL),(2111130000000059,2111130000000056,1,'86','S','2202030100','S',NULL,'0000200111','',NULL,'8031','DZ2111080000002370',NULL,NULL,' ',192.83,192.83,'采购发票核销2021-11-13','J0',NULL,NULL,NULL,0,21000,0,NULL,NULL,NULL,'2021-11-13 12:12:49','2021-11-13 12:12:49','172.16.11.37',NULL,NULL,NULL,NULL),(2111130000000061,2111130000000056,2,'40','S','2221010130','S',NULL,'0000200111','',NULL,'8031','DZ2111080000002370',NULL,NULL,'',2.60,2.60,'采购发票核销2021-11-13','JH',NULL,NULL,NULL,0,21000,0,NULL,NULL,NULL,'2021-11-13 12:12:49','2021-11-13 12:12:49','172.16.11.37',NULL,NULL,NULL,NULL),(2111130000000064,2111130000000056,2,'40','S','2221010128','S',NULL,'0000200111','',NULL,'8031','DZ2111080000002370',NULL,NULL,'',10.35,10.35,'采购发票核销2021-11-13','JF',NULL,NULL,NULL,0,21000,0,NULL,NULL,NULL,'2021-11-13 12:12:49','2021-11-13 12:12:49','172.16.11.37',NULL,NULL,NULL,NULL),(2111130000000073,2111130000000072,1,'50','S','2221010106','H',NULL,'0000200111','',NULL,'8031','2111090000002235',NULL,NULL,'',5.66,5.66,'供应商扣款费用核销2021-11-13','J6',NULL,NULL,NULL,0,21000,0,NULL,NULL,NULL,'2021-11-13 13:56:25','2021-11-13 13:56:25','172.16.4.251',NULL,NULL,NULL,NULL),(2111130000000074,2111130000000072,2,'50','S','6051010000','H',NULL,'0000200111','',NULL,'8031','2111090000002235',NULL,NULL,'',94.35,94.35,'供应商扣款费用核销2021-11-13','J6',NULL,NULL,NULL,0,21000,0,NULL,NULL,NULL,'2021-11-13 13:56:25','2021-11-13 13:56:25','172.16.4.251',NULL,NULL,NULL,NULL),(2111130000000075,2111130000000072,1,'86','S','0000200111','S',NULL,'0000200111','',NULL,'8031','2111090000002235',NULL,NULL,'',100.01,100.01,'供应商扣款费用核销2021-11-13','J6',NULL,NULL,NULL,0,21000,0,NULL,NULL,NULL,'2021-11-13 13:56:25','2021-11-13 13:56:25','172.16.4.251',NULL,NULL,NULL,NULL),(2111130000000077,2111130000000076,1,'50','S','2221010106','H',NULL,'0000200111','',NULL,'8031','2111090000002239',NULL,NULL,'',5.66,5.66,'供应商扣款费用核销2021-11-13','J6',NULL,NULL,NULL,0,21000,0,NULL,NULL,NULL,'2021-11-13 13:56:25','2021-11-13 13:56:25','172.16.4.251',NULL,NULL,NULL,NULL),(2111130000000078,2111130000000076,2,'50','S','6051010000','H',NULL,'0000200111','',NULL,'8031','2111090000002239',NULL,NULL,'',94.35,94.35,'供应商扣款费用核销2021-11-13','J6',NULL,NULL,NULL,0,21000,0,NULL,NULL,NULL,'2021-11-13 13:56:25','2021-11-13 13:56:25','172.16.4.251',NULL,NULL,NULL,NULL),(2111130000000079,2111130000000076,1,'86','S','0000200111','S',NULL,'0000200111','',NULL,'8031','2111090000002239',NULL,NULL,'',100.01,100.01,'供应商扣款费用核销2021-11-13','J6',NULL,NULL,NULL,0,21000,0,NULL,NULL,NULL,'2021-11-13 13:56:25','2021-11-13 13:56:25','172.16.4.251',NULL,NULL,NULL,NULL),(2111130000000081,2111130000000080,1,'50','S','2221010106','H',NULL,'0000200111','',NULL,'8031','2111090000002243',NULL,NULL,'',5.66,5.66,'供应商扣款费用核销2021-11-13','J6',NULL,NULL,NULL,0,21000,0,NULL,NULL,NULL,'2021-11-13 13:56:25','2021-11-13 13:56:25','172.16.4.251',NULL,NULL,NULL,NULL),(2111130000000082,2111130000000080,2,'50','S','6051010000','H',NULL,'0000200111','',NULL,'8031','2111090000002243',NULL,NULL,'',94.35,94.35,'供应商扣款费用核销2021-11-13','J6',NULL,NULL,NULL,0,21000,0,NULL,NULL,NULL,'2021-11-13 13:56:25','2021-11-13 13:56:25','172.16.4.251',NULL,NULL,NULL,NULL),(2111130000000083,2111130000000080,1,'86','S','0000200111','S',NULL,'0000200111','',NULL,'8031','2111090000002243',NULL,NULL,'',100.01,100.01,'供应商扣款费用核销2021-11-13','J6',NULL,NULL,NULL,0,21000,0,NULL,NULL,NULL,'2021-11-13 13:56:25','2021-11-13 13:56:25','172.16.4.251',NULL,NULL,NULL,NULL),(2111130000000088,2111130000000087,2,'50','S','6301030000','H',NULL,'0000200111','','0080310130','8031','2111090000002197',NULL,NULL,'',100.01,100.01,'供应商无发票扣款2021-11-13','J0',NULL,NULL,NULL,0,21000,0,NULL,NULL,NULL,'2021-11-13 14:09:46','2021-11-13 14:09:45','172.16.4.251',NULL,NULL,NULL,NULL),(2111130000000089,2111130000000087,2,'86','S','0000200111','S',NULL,'0000200111','','0080310130','8031','2111090000002197',NULL,NULL,'',100.01,100.01,'供应商无发票扣款2021-11-13','J0',NULL,NULL,NULL,0,21000,0,NULL,NULL,NULL,'2021-11-13 14:09:46','2021-11-13 14:09:45','172.16.4.251',NULL,NULL,NULL,NULL),(2111130000000091,2111130000000090,2,'50','S','6301030000','H',NULL,'0000200111','','0080310130','8031','2111090000002201',NULL,NULL,'',100.01,100.01,'供应商无发票扣款2021-11-13','J0',NULL,NULL,NULL,0,21000,0,NULL,NULL,NULL,'2021-11-13 14:09:46','2021-11-13 14:09:45','172.16.4.251',NULL,NULL,NULL,NULL),(2111130000000092,2111130000000090,2,'86','S','0000200111','S',NULL,'0000200111','','0080310130','8031','2111090000002201',NULL,NULL,'',100.01,100.01,'供应商无发票扣款2021-11-13','J0',NULL,NULL,NULL,0,21000,0,NULL,NULL,NULL,'2021-11-13 14:09:46','2021-11-13 14:09:45','172.16.4.251',NULL,NULL,NULL,NULL);
/*!40000 ALTER TABLE `pre_certificate_detail` ENABLE KEYS */;
UNLOCK TABLES;

--
-- Table structure for table `pre_certificate_exception_log`
--

DROP TABLE IF EXISTS `pre_certificate_exception_log`;
/*!40101 SET @saved_cs_client     = @@character_set_client */;
/*!40101 SET character_set_client = utf8 */;
CREATE TABLE `pre_certificate_exception_log` (
  `id` bigint(20) NOT NULL COMMENT 'ID',
  `original_id` bigint(20) NOT NULL COMMENT '数据流水号,在originl表中唯一,由业务方获取填写提交',
  `message` text COMMENT '异常信息',
  `cause` text COMMENT '入参',
  `is_deleted` tinyint(3) DEFAULT '0' COMMENT '逻辑删除字段 0 正常 1 已删除',
  `company_id` bigint(20) DEFAULT NULL COMMENT '公司id',
  `version_no` int(11) DEFAULT '0' COMMENT '版本号:默认0,每次更新+1',
  `create_userid` bigint(20) DEFAULT NULL COMMENT '创建人ID',
  `create_username` varchar(100) DEFAULT NULL COMMENT '创建人用户名',
  `create_userip` varchar(255) DEFAULT NULL COMMENT '创建人IP',
  `create_time` timestamp NULL DEFAULT CURRENT_TIMESTAMP COMMENT '创建时间-应用操作时间',
  `create_time_db` timestamp NULL DEFAULT CURRENT_TIMESTAMP COMMENT '创建时间-数据库操作时间',
  `server_ip` varchar(255) DEFAULT NULL COMMENT '服务器IP',
  `update_userid` bigint(20) DEFAULT NULL COMMENT '最后修改人ID',
  `update_username` varchar(100) DEFAULT NULL COMMENT '最后修改人用户名',
  `update_userip` varchar(255) DEFAULT NULL COMMENT '最后修改人IP',
  `update_time` timestamp NULL DEFAULT NULL ON UPDATE CURRENT_TIMESTAMP COMMENT '最后修改时间',
  PRIMARY KEY (`id`) USING BTREE
) ENGINE=InnoDB DEFAULT CHARSET=utf8mb4 COMMENT='生成预制凭证异常记录表';
/*!40101 SET character_set_client = @saved_cs_client */;

--
-- Dumping data for table `pre_certificate_exception_log`
--

LOCK TABLES `pre_certificate_exception_log` WRITE;
/*!40000 ALTER TABLE `pre_certificate_exception_log` DISABLE KEYS */;
/*!40000 ALTER TABLE `pre_certificate_exception_log` ENABLE KEYS */;
UNLOCK TABLES;

--
-- Table structure for table `rule_block`
--

DROP TABLE IF EXISTS `rule_block`;
/*!40101 SET @saved_cs_client     = @@character_set_client */;
/*!40101 SET character_set_client = utf8 */;
CREATE TABLE `rule_block` (
  `id` bigint(20) NOT NULL COMMENT 'ID',
  `name` varchar(15) DEFAULT NULL COMMENT '模板名称',
  `sort` int(20) DEFAULT NULL COMMENT '排序',
  `desc` text COMMENT '描述规则详情取值逻辑',
  `script` text COMMENT '执行脚本内容',
  `is_deleted` tinyint(3) DEFAULT '0' COMMENT '逻辑删除字段 0 正常 1 已删除',
  `company_id` bigint(20) DEFAULT NULL COMMENT '公司id',
  `version_no` int(11) DEFAULT '0' COMMENT '版本号:默认0,每次更新+1',
  `create_userid` bigint(20) DEFAULT NULL COMMENT '创建人ID',
  `create_username` varchar(100) DEFAULT NULL COMMENT '创建人用户名',
  `create_userip` varchar(255) DEFAULT NULL COMMENT '创建人IP',
  `create_time` timestamp NULL DEFAULT CURRENT_TIMESTAMP COMMENT '创建时间-应用操作时间',
  `create_time_db` timestamp NULL DEFAULT CURRENT_TIMESTAMP COMMENT '创建时间-数据库操作时间',
  `server_ip` varchar(255) DEFAULT NULL COMMENT '服务器IP',
  `update_userid` bigint(20) DEFAULT NULL COMMENT '最后修改人ID',
  `update_username` varchar(100) DEFAULT NULL COMMENT '最后修改人用户名',
  `update_userip` varchar(255) DEFAULT NULL COMMENT '最后修改人IP',
  `update_time` timestamp NULL DEFAULT NULL ON UPDATE CURRENT_TIMESTAMP COMMENT '最后修改时间',
  PRIMARY KEY (`id`) USING BTREE
) ENGINE=InnoDB DEFAULT CHARSET=utf8mb4 COMMENT='规则片段表';
/*!40101 SET character_set_client = @saved_cs_client */;

--
-- Dumping data for table `rule_block`
--

LOCK TABLES `rule_block` WRITE;
/*!40000 ALTER TABLE `rule_block` DISABLE KEYS */;
INSERT INTO `rule_block` VALUES (1,'header import',1,'引入JAVA需要使用的包,创建preCertificate对象','import java.time.LocalDate;\nimport java.time.format.DateTimeFormatter;\nimport com.s2b1233.certificate.model.vo.PreCertificateVO;\nimport com.s2b1233.certificate.model.vo.PreCertificateDetailVO;\npreCertificate = new PreCertificateVO();',0,21000,0,NULL,NULL,NULL,'2021-10-29 08:41:53','2021-10-29 08:41:53',NULL,NULL,NULL,NULL,'2021-11-05 08:14:28'),(2,'通用凭证header部分',100,'通用凭证HEADER部分生成','dateStr = LocalDate.now().format(DateTimeFormatter.ISO_DATE);\npreCertificate.id = id;\npreCertificate.originalId = original.id;\npreCertificate.bussSys = \"MY1233\";\npreCertificate.bussDocType = businessType.businessOrderTypeName;\npreCertificate.bussDocNo = original.businessCode;\npreCertificate.updateMod = \"A\";\npreCertificate.packDocNo = id + \"\";\npreCertificate.docType = businessType.certificateType;\npreCertificate.compCode = original.merchantCode;\npreCertificate.fiscYear = LocalDate.now().year + \"\";\npreCertificate.docDate = new Date();\npreCertificate.pstngDate = new Date();\npreCertificate.headerTxt = businessType.headerText+ dateStr;\npreCertificate.refDocNo = original.orderCode;\npreCertificate.currency = original.currency;\npreCertificate.exchRate = original.exchangeRate;\npreCertificate.eccFlag = 0;\npreCertificate.companyId = original.companyId;\npreCertificate.createUserid = original.createUserid;\nreturn preCertificate;',0,21000,0,NULL,NULL,NULL,'2021-10-29 08:44:31','2021-10-29 08:44:31',NULL,NULL,NULL,NULL,'2021-11-05 08:14:28'),(3,'通用凭证Item部分',100,'通用ITEM部分,统御科目获取供应商或客户编码','preCertificateDetail.id = id;\npreCertificateDetail.preCertificateId = preCerticateId;\npreCertificateDetail.packDocItem = subtypeItem.lineNumber;\npreCertificateDetail.postingKey = subtypeItem.postingKey;\npreCertificateDetail.accountType = subtypeItem.subjectType;\npreCertificateDetail.drCrInd = subtypeItem.debitCreditFlag;\nif (original.distributionType == 1) {\n    preCertificateDetail.customer = original.distributionCode;\n} else {\n    preCertificateDetail.vendorNo = original.distributionCode;\n}\npreCertificateDetail.spGlInd = \"\";\npreCertificateDetail.costCtr = original.costCenter;\npreCertificateDetail.profitCtr = original.profitCenter;\npreCertificateDetail.bussType = original.businessType;\npreCertificateDetail.csTransT = subtypeItem.csTransT;\npreCertificateDetail.refKey3 = original.orderCode;\npreCertificateDetail.itemText = businessType.digestText+format;\npreCertificateDetail.taxCode = originalItem.taxCode;\nreturn preCertificateDetail;',0,21000,0,NULL,NULL,NULL,'2021-10-29 09:08:16','2021-10-29 09:08:16',NULL,NULL,NULL,NULL,'2021-11-15 01:54:27'),(4,'收付方式为转账',4,'当收付方式必填时pymt_meth设置为0','preCertificateDetail.pymtMeth = 0;',0,21000,0,NULL,NULL,NULL,'2021-10-29 09:08:16','2021-10-29 09:08:16',NULL,NULL,NULL,NULL,'2021-11-05 05:38:46'),(5,'含税金额指令',2,'金额取含税金额','preCertificateDetail.locCurrAmt = originalItem.taxAmount;\npreCertificateDetail.docCurrAmt = originalItem.taxAmount;\nif (BigDecimal.ZERO.compare(preCertificateDetail.locCurrAmt)==0){\n    return null;\n}',0,21000,0,NULL,NULL,NULL,'2021-10-29 09:08:16','2021-10-29 09:08:16',NULL,NULL,NULL,NULL,'2021-11-15 01:54:27'),(6,'税额指令',2,'金额取税额','preCertificateDetail.locCurrAmt = originalItem.tax;\npreCertificateDetail.docCurrAmt = originalItem.tax;\nif (BigDecimal.ZERO.compare(preCertificateDetail.locCurrAmt)==0){\n    return null;\n}',0,21000,0,NULL,NULL,NULL,'2021-10-29 09:08:16','2021-10-29 09:08:16',NULL,NULL,NULL,NULL,'2021-11-15 01:54:27'),(7,'不含税金额指令',2,'金额取不含税金额','preCertificateDetail.locCurrAmt = originalItem.genericAmount;\npreCertificateDetail.docCurrAmt = originalItem.genericAmount;\nif (BigDecimal.ZERO.compare(preCertificateDetail.locCurrAmt)==0){\n    return null;\n}',0,21000,0,NULL,NULL,NULL,'2021-10-29 09:08:16','2021-10-29 09:08:16',NULL,NULL,NULL,NULL,'2021-11-15 01:54:27'),(8,'item import',1,'引入JAVA需要使用的包,创建detail对象','import java.time.LocalDate;\nimport java.time.format.DateTimeFormatter;\nimport com.s2b1233.certificate.model.vo.PreCertificateDetailVO;\nimport java.math.BigDecimal;\npreCertificateDetail = new PreCertificateDetailVO();',0,21000,0,NULL,NULL,NULL,'2021-10-29 09:08:16','2021-10-29 09:08:16',NULL,NULL,NULL,NULL,'2021-11-15 01:32:29'),(9,'科目字段处理',3,'先从科目表匹配,一级科目需要根据单据类型数据转为二级科目,统御科目填写供应商或客户编码','subject = subjectService.getSubjectByOriginItem(subtypeItem.subjectId, original.merchantCode, originalItem);\nif (subject.ruleSubject=0){\n    preCertificateDetail.glAccount = subject.id;\n}\n',0,NULL,0,NULL,NULL,NULL,'2021-11-15 01:51:37','2021-11-15 01:51:37',NULL,NULL,NULL,NULL,'2021-11-15 04:38:22');
/*!40000 ALTER TABLE `rule_block` ENABLE KEYS */;
UNLOCK TABLES;

--
-- Table structure for table `rule_template`
--

DROP TABLE IF EXISTS `rule_template`;
/*!40101 SET @saved_cs_client     = @@character_set_client */;
/*!40101 SET character_set_client = utf8 */;
CREATE TABLE `rule_template` (
  `id` bigint(20) NOT NULL COMMENT 'ID',
  `business_id` bigint(20) DEFAULT NULL COMMENT 'businessId',
  `subtype_id` bigint(20) DEFAULT NULL COMMENT '凭证子类ID',
  `rule_id` bigint(20) NOT NULL COMMENT '规则代码块ID',
  `is_deleted` tinyint(3) DEFAULT '0' COMMENT '逻辑删除字段 0 正常 1 已删除',
  `company_id` bigint(20) DEFAULT NULL COMMENT '公司id',
  `version_no` int(11) DEFAULT '0' COMMENT '版本号:默认0,每次更新+1',
  `create_userid` bigint(20) DEFAULT NULL COMMENT '创建人ID',
  `create_username` varchar(100) DEFAULT NULL COMMENT '创建人用户名',
  `create_userip` varchar(255) DEFAULT NULL COMMENT '创建人IP',
  `create_time` timestamp NULL DEFAULT CURRENT_TIMESTAMP COMMENT '创建时间-应用操作时间',
  `create_time_db` timestamp NULL DEFAULT CURRENT_TIMESTAMP COMMENT '创建时间-数据库操作时间',
  `server_ip` varchar(255) DEFAULT NULL COMMENT '服务器IP',
  `update_userid` bigint(20) DEFAULT NULL COMMENT '最后修改人ID',
  `update_username` varchar(100) DEFAULT NULL COMMENT '最后修改人用户名',
  `update_userip` varchar(255) DEFAULT NULL COMMENT '最后修改人IP',
  `update_time` timestamp NULL DEFAULT NULL ON UPDATE CURRENT_TIMESTAMP COMMENT '最后修改时间',
  PRIMARY KEY (`id`)
) ENGINE=InnoDB DEFAULT CHARSET=utf8mb4 COMMENT='规则映射表';
/*!40101 SET character_set_client = @saved_cs_client */;

--
-- Dumping data for table `rule_template`
--

LOCK TABLES `rule_template` WRITE;
/*!40000 ALTER TABLE `rule_template` DISABLE KEYS */;
INSERT INTO `rule_template` VALUES (1,1,NULL,1,0,21000,1,21022317473132,'superadmin','127.0.0.1','2021-10-19 15:53:26','2021-10-19 15:53:26','127.0.0.1',21022317473132,'superadmin','127.0.0.1','2021-10-19 15:53:26'),(2,1,NULL,2,0,21000,1,21022317473132,'superadmin','127.0.0.1','2021-10-19 15:53:26','2021-10-19 15:53:26','127.0.0.1',21022317473132,'superadmin','127.0.0.1','2021-10-19 15:53:26'),(3,2,NULL,1,0,21000,1,21022317473132,'superadmin','127.0.0.1','2021-10-19 15:53:26','2021-10-19 15:53:26','127.0.0.1',21022317473132,'superadmin','127.0.0.1','2021-10-19 15:53:26'),(4,2,NULL,2,0,21000,1,21022317473132,'superadmin','127.0.0.1','2021-10-19 15:53:26','2021-10-19 15:53:26','127.0.0.1',21022317473132,'superadmin','127.0.0.1','2021-10-19 15:53:26'),(5,3,NULL,1,0,21000,1,21022317473132,'superadmin','127.0.0.1','2021-10-19 15:53:26','2021-10-19 15:53:26','127.0.0.1',21022317473132,'superadmin','127.0.0.1','2021-10-19 15:53:26'),(6,3,NULL,2,0,21000,1,21022317473132,'superadmin','127.0.0.1','2021-10-19 15:53:26','2021-10-19 15:53:26','127.0.0.1',21022317473132,'superadmin','127.0.0.1','2021-10-19 15:53:26'),(7,4,NULL,1,0,21000,1,21022317473132,'superadmin','127.0.0.1','2021-10-19 15:53:26','2021-10-19 15:53:26','127.0.0.1',21022317473132,'superadmin','127.0.0.1','2021-10-19 15:53:26'),(8,4,NULL,2,0,21000,1,21022317473132,'superadmin','127.0.0.1','2021-10-19 15:53:26','2021-10-19 15:53:26','127.0.0.1',21022317473132,'superadmin','127.0.0.1','2021-10-19 15:53:26'),(9,5,NULL,1,0,21000,1,21022317473132,'superadmin','127.0.0.1','2021-10-19 15:53:26','2021-10-19 15:53:26','127.0.0.1',21022317473132,'superadmin','127.0.0.1','2021-10-19 15:53:26'),(10,5,NULL,2,0,21000,1,21022317473132,'superadmin','127.0.0.1','2021-10-19 15:53:26','2021-10-19 15:53:26','127.0.0.1',21022317473132,'superadmin','127.0.0.1','2021-10-19 15:53:26'),(11,6,NULL,1,0,21000,1,21022317473132,'superadmin','127.0.0.1','2021-10-19 15:53:26','2021-10-19 15:53:26','127.0.0.1',21022317473132,'superadmin','127.0.0.1','2021-10-19 15:53:26'),(12,6,NULL,2,0,21000,1,21022317473132,'superadmin','127.0.0.1','2021-10-19 15:53:26','2021-10-19 15:53:26','127.0.0.1',21022317473132,'superadmin','127.0.0.1','2021-10-19 15:53:26'),(13,7,NULL,1,0,21000,1,21022317473132,'superadmin','127.0.0.1','2021-10-19 15:53:26','2021-10-19 15:53:26','127.0.0.1',21022317473132,'superadmin','127.0.0.1','2021-10-19 15:53:26'),(14,7,NULL,2,0,21000,1,21022317473132,'superadmin','127.0.0.1','2021-10-19 15:53:26','2021-10-19 15:53:26','127.0.0.1',21022317473132,'superadmin','127.0.0.1','2021-10-19 15:53:26'),(15,8,NULL,1,0,21000,1,21022317473132,'superadmin','127.0.0.1','2021-10-19 15:53:26','2021-10-19 15:53:26','127.0.0.1',21022317473132,'superadmin','127.0.0.1','2021-10-19 15:53:26'),(16,8,NULL,2,0,21000,1,21022317473132,'superadmin','127.0.0.1','2021-10-19 15:53:26','2021-10-19 15:53:26','127.0.0.1',21022317473132,'superadmin','127.0.0.1','2021-10-19 15:53:26'),(17,NULL,1,8,0,21000,1,21022317473132,'superadmin','127.0.0.1','2021-10-19 15:53:26','2021-10-19 15:53:26','127.0.0.1',21022317473132,'superadmin','127.0.0.1','2021-11-05 08:16:05'),(18,NULL,1,3,0,21000,1,21022317473132,'superadmin','127.0.0.1','2021-10-19 15:53:26','2021-10-19 15:53:26','127.0.0.1',21022317473132,'superadmin','127.0.0.1','2021-10-19 15:53:26'),(19,NULL,1,7,0,21000,1,21022317473132,'superadmin','127.0.0.1','2021-10-19 15:53:26','2021-10-19 15:53:26','127.0.0.1',21022317473132,'superadmin','127.0.0.1','2021-11-05 06:49:12'),(20,NULL,2,8,0,21000,1,21022317473132,'superadmin','127.0.0.1','2021-10-19 15:53:26','2021-10-19 15:53:26','127.0.0.1',21022317473132,'superadmin','127.0.0.1','2021-11-05 08:16:05'),(21,NULL,2,3,0,21000,1,21022317473132,'superadmin','127.0.0.1','2021-10-19 15:53:26','2021-10-19 15:53:26','127.0.0.1',21022317473132,'superadmin','127.0.0.1','2021-10-19 15:53:26'),(22,NULL,2,7,0,21000,1,21022317473132,'superadmin','127.0.0.1','2021-10-19 15:53:26','2021-10-19 15:53:26','127.0.0.1',21022317473132,'superadmin','127.0.0.1','2021-10-19 15:53:26'),(23,NULL,3,8,0,21000,1,21022317473132,'superadmin','127.0.0.1','2021-10-19 15:53:26','2021-10-19 15:53:26','127.0.0.1',21022317473132,'superadmin','127.0.0.1','2021-11-05 08:16:05'),(24,NULL,3,3,0,21000,1,21022317473132,'superadmin','127.0.0.1','2021-10-19 15:53:26','2021-10-19 15:53:26','127.0.0.1',21022317473132,'superadmin','127.0.0.1','2021-10-19 15:53:26'),(25,NULL,3,7,0,21000,1,21022317473132,'superadmin','127.0.0.1','2021-10-19 15:53:26','2021-10-19 15:53:26','127.0.0.1',21022317473132,'superadmin','127.0.0.1','2021-10-19 15:53:26'),(26,NULL,4,8,0,21000,1,21022317473132,'superadmin','127.0.0.1','2021-10-19 15:53:26','2021-10-19 15:53:26','127.0.0.1',21022317473132,'superadmin','127.0.0.1','2021-11-05 08:16:05'),(27,NULL,4,3,0,21000,1,21022317473132,'superadmin','127.0.0.1','2021-10-19 15:53:26','2021-10-19 15:53:26','127.0.0.1',21022317473132,'superadmin','127.0.0.1','2021-10-19 15:53:26'),(28,NULL,4,7,0,21000,1,21022317473132,'superadmin','127.0.0.1','2021-10-19 15:53:26','2021-10-19 15:53:26','127.0.0.1',21022317473132,'superadmin','127.0.0.1','2021-10-19 15:53:26'),(29,NULL,5,8,0,21000,1,21022317473132,'superadmin','127.0.0.1','2021-10-19 15:53:26','2021-10-19 15:53:26','127.0.0.1',21022317473132,'superadmin','127.0.0.1','2021-11-05 08:16:05'),(30,NULL,5,3,0,21000,1,21022317473132,'superadmin','127.0.0.1','2021-10-19 15:53:26','2021-10-19 15:53:26','127.0.0.1',21022317473132,'superadmin','127.0.0.1','2021-10-19 15:53:26'),(31,NULL,5,7,0,21000,1,21022317473132,'superadmin','127.0.0.1','2021-10-19 15:53:26','2021-10-19 15:53:26','127.0.0.1',21022317473132,'superadmin','127.0.0.1','2021-10-19 15:53:26'),(32,NULL,6,8,0,21000,1,21022317473132,'superadmin','127.0.0.1','2021-10-19 15:53:26','2021-10-19 15:53:26','127.0.0.1',21022317473132,'superadmin','127.0.0.1','2021-11-05 08:16:05'),(33,NULL,6,3,0,21000,1,21022317473132,'superadmin','127.0.0.1','2021-10-19 15:53:26','2021-10-19 15:53:26','127.0.0.1',21022317473132,'superadmin','127.0.0.1','2021-10-19 15:53:26'),(34,NULL,6,7,0,21000,1,21022317473132,'superadmin','127.0.0.1','2021-10-19 15:53:26','2021-10-19 15:53:26','127.0.0.1',21022317473132,'superadmin','127.0.0.1','2021-10-19 15:53:26'),(35,NULL,7,8,0,21000,1,21022317473132,'superadmin','127.0.0.1','2021-10-19 15:53:26','2021-10-19 15:53:26','127.0.0.1',21022317473132,'superadmin','127.0.0.1','2021-11-05 08:16:05'),(36,NULL,7,3,0,21000,1,21022317473132,'superadmin','127.0.0.1','2021-10-19 15:53:26','2021-10-19 15:53:26','127.0.0.1',21022317473132,'superadmin','127.0.0.1','2021-10-19 15:53:26'),(37,NULL,7,7,0,21000,1,21022317473132,'superadmin','127.0.0.1','2021-10-19 15:53:26','2021-10-19 15:53:26','127.0.0.1',21022317473132,'superadmin','127.0.0.1','2021-10-19 15:53:26'),(38,NULL,8,8,0,21000,1,21022317473132,'superadmin','127.0.0.1','2021-10-19 15:53:26','2021-10-19 15:53:26','127.0.0.1',21022317473132,'superadmin','127.0.0.1','2021-11-05 08:16:05'),(39,NULL,8,3,0,21000,1,21022317473132,'superadmin','127.0.0.1','2021-10-19 15:53:26','2021-10-19 15:53:26','127.0.0.1',21022317473132,'superadmin','127.0.0.1','2021-10-19 15:53:26'),(40,NULL,8,7,0,21000,1,21022317473132,'superadmin','127.0.0.1','2021-10-19 15:53:26','2021-10-19 15:53:26','127.0.0.1',21022317473132,'superadmin','127.0.0.1','2021-10-19 15:53:26'),(41,NULL,9,8,0,21000,1,21022317473132,'superadmin','127.0.0.1','2021-10-19 15:53:26','2021-10-19 15:53:26','127.0.0.1',21022317473132,'superadmin','127.0.0.1','2021-11-05 08:16:05'),(42,NULL,9,3,0,21000,1,21022317473132,'superadmin','127.0.0.1','2021-10-19 15:53:26','2021-10-19 15:53:26','127.0.0.1',21022317473132,'superadmin','127.0.0.1','2021-10-19 15:53:26'),(43,NULL,9,7,0,21000,1,21022317473132,'superadmin','127.0.0.1','2021-10-19 15:53:26','2021-10-19 15:53:26','127.0.0.1',21022317473132,'superadmin','127.0.0.1','2021-10-19 15:53:26'),(44,NULL,10,8,0,21000,1,21022317473132,'superadmin','127.0.0.1','2021-10-19 15:53:26','2021-10-19 15:53:26','127.0.0.1',21022317473132,'superadmin','127.0.0.1','2021-11-05 08:16:05'),(45,NULL,10,3,0,21000,1,21022317473132,'superadmin','127.0.0.1','2021-10-19 15:53:26','2021-10-19 15:53:26','127.0.0.1',21022317473132,'superadmin','127.0.0.1','2021-10-19 15:53:26'),(46,NULL,10,6,0,21000,1,21022317473132,'superadmin','127.0.0.1','2021-10-19 15:53:26','2021-10-19 15:53:26','127.0.0.1',21022317473132,'superadmin','127.0.0.1','2021-11-11 10:20:22'),(47,NULL,11,8,0,21000,1,21022317473132,'superadmin','127.0.0.1','2021-10-19 15:53:26','2021-10-19 15:53:26','127.0.0.1',21022317473132,'superadmin','127.0.0.1','2021-11-05 08:16:05'),(48,NULL,11,3,0,21000,1,21022317473132,'superadmin','127.0.0.1','2021-10-19 15:53:26','2021-10-19 15:53:26','127.0.0.1',21022317473132,'superadmin','127.0.0.1','2021-10-19 15:53:26'),(49,NULL,11,5,0,21000,1,21022317473132,'superadmin','127.0.0.1','2021-10-19 15:53:26','2021-10-19 15:53:26','127.0.0.1',21022317473132,'superadmin','127.0.0.1','2021-11-11 10:20:22'),(50,NULL,12,8,0,21000,1,21022317473132,'superadmin','127.0.0.1','2021-10-19 15:53:26','2021-10-19 15:53:26','127.0.0.1',21022317473132,'superadmin','127.0.0.1','2021-11-05 08:16:05'),(51,NULL,12,3,0,21000,1,21022317473132,'superadmin','127.0.0.1','2021-10-19 15:53:26','2021-10-19 15:53:26','127.0.0.1',21022317473132,'superadmin','127.0.0.1','2021-10-19 15:53:26'),(52,NULL,12,7,0,21000,1,21022317473132,'superadmin','127.0.0.1','2021-10-19 15:53:26','2021-10-19 15:53:26','127.0.0.1',21022317473132,'superadmin','127.0.0.1','2021-10-19 15:53:26'),(53,NULL,13,8,0,21000,1,21022317473132,'superadmin','127.0.0.1','2021-10-19 15:53:26','2021-10-19 15:53:26','127.0.0.1',21022317473132,'superadmin','127.0.0.1','2021-11-05 08:16:05'),(54,NULL,13,3,0,21000,1,21022317473132,'superadmin','127.0.0.1','2021-10-19 15:53:26','2021-10-19 15:53:26','127.0.0.1',21022317473132,'superadmin','127.0.0.1','2021-10-19 15:53:26'),(55,NULL,13,7,0,21000,1,21022317473132,'superadmin','127.0.0.1','2021-10-19 15:53:26','2021-10-19 15:53:26','127.0.0.1',21022317473132,'superadmin','127.0.0.1','2021-11-10 03:32:41'),(56,NULL,14,8,0,21000,1,21022317473132,'superadmin','127.0.0.1','2021-10-19 15:53:26','2021-10-19 15:53:26','127.0.0.1',21022317473132,'superadmin','127.0.0.1','2021-11-05 08:16:05'),(57,NULL,14,3,0,21000,1,21022317473132,'superadmin','127.0.0.1','2021-10-19 15:53:26','2021-10-19 15:53:26','127.0.0.1',21022317473132,'superadmin','127.0.0.1','2021-10-19 15:53:26'),(58,NULL,14,5,0,21000,1,21022317473132,'superadmin','127.0.0.1','2021-10-19 15:53:26','2021-10-19 15:53:26','127.0.0.1',21022317473132,'superadmin','127.0.0.1','2021-11-10 03:32:41'),(59,NULL,15,8,0,21000,1,21022317473132,'superadmin','127.0.0.1','2021-10-19 15:53:26','2021-10-19 15:53:26','127.0.0.1',21022317473132,'superadmin','127.0.0.1','2021-11-05 08:16:05'),(60,NULL,15,3,0,21000,1,21022317473132,'superadmin','127.0.0.1','2021-10-19 15:53:26','2021-10-19 15:53:26','127.0.0.1',21022317473132,'superadmin','127.0.0.1','2021-10-19 15:53:26'),(61,NULL,15,7,0,21000,1,21022317473132,'superadmin','127.0.0.1','2021-10-19 15:53:26','2021-10-19 15:53:26','127.0.0.1',21022317473132,'superadmin','127.0.0.1','2021-10-19 15:53:26'),(62,NULL,16,8,0,21000,1,21022317473132,'superadmin','127.0.0.1','2021-10-19 15:53:26','2021-10-19 15:53:26','127.0.0.1',21022317473132,'superadmin','127.0.0.1','2021-11-05 08:16:05'),(63,NULL,16,3,0,21000,1,21022317473132,'superadmin','127.0.0.1','2021-10-19 15:53:26','2021-10-19 15:53:26','127.0.0.1',21022317473132,'superadmin','127.0.0.1','2021-10-19 15:53:26'),(64,NULL,16,6,0,21000,1,21022317473132,'superadmin','127.0.0.1','2021-10-19 15:53:26','2021-10-19 15:53:26','127.0.0.1',21022317473132,'superadmin','127.0.0.1','2021-11-10 03:28:24'),(65,NULL,17,8,0,21000,1,21022317473132,'superadmin','127.0.0.1','2021-10-19 15:53:26','2021-10-19 15:53:26','127.0.0.1',21022317473132,'superadmin','127.0.0.1','2021-11-05 08:16:05'),(66,NULL,17,3,0,21000,1,21022317473132,'superadmin','127.0.0.1','2021-10-19 15:53:26','2021-10-19 15:53:26','127.0.0.1',21022317473132,'superadmin','127.0.0.1','2021-10-19 15:53:26'),(67,NULL,17,7,0,21000,1,21022317473132,'superadmin','127.0.0.1','2021-10-19 15:53:26','2021-10-19 15:53:26','127.0.0.1',21022317473132,'superadmin','127.0.0.1','2021-10-19 15:53:26'),(68,NULL,18,8,0,21000,1,21022317473132,'superadmin','127.0.0.1','2021-10-19 15:53:26','2021-10-19 15:53:26','127.0.0.1',21022317473132,'superadmin','127.0.0.1','2021-11-05 08:16:05'),(69,NULL,18,3,0,21000,1,21022317473132,'superadmin','127.0.0.1','2021-10-19 15:53:26','2021-10-19 15:53:26','127.0.0.1',21022317473132,'superadmin','127.0.0.1','2021-10-19 15:53:26'),(70,NULL,18,5,0,21000,1,21022317473132,'superadmin','127.0.0.1','2021-10-19 15:53:26','2021-10-19 15:53:26','127.0.0.1',21022317473132,'superadmin','127.0.0.1','2021-11-09 11:42:23'),(95,9,NULL,1,0,21000,1,21022317473132,'superadmin','127.0.0.1','2021-10-19 15:53:26','2021-10-19 15:53:26','127.0.0.1',21022317473132,'superadmin','127.0.0.1','2021-10-19 15:53:26'),(96,9,NULL,2,0,21000,1,21022317473132,'superadmin','127.0.0.1','2021-10-19 15:53:26','2021-10-19 15:53:26','127.0.0.1',21022317473132,'superadmin','127.0.0.1','2021-10-19 15:53:26'),(97,10,NULL,1,0,21000,1,21022317473132,'superadmin','127.0.0.1','2021-10-19 15:53:26','2021-10-19 15:53:26','127.0.0.1',21022317473132,'superadmin','127.0.0.1','2021-10-19 15:53:26'),(98,10,NULL,2,0,21000,1,21022317473132,'superadmin','127.0.0.1','2021-10-19 15:53:26','2021-10-19 15:53:26','127.0.0.1',21022317473132,'superadmin','127.0.0.1','2021-10-19 15:53:26'),(99,11,NULL,1,0,21000,1,21022317473132,'superadmin','127.0.0.1','2021-10-19 15:53:26','2021-10-19 15:53:26','127.0.0.1',21022317473132,'superadmin','127.0.0.1','2021-10-19 15:53:26'),(100,11,NULL,2,0,21000,1,21022317473132,'superadmin','127.0.0.1','2021-10-19 15:53:26','2021-10-19 15:53:26','127.0.0.1',21022317473132,'superadmin','127.0.0.1','2021-10-19 15:53:26'),(101,12,NULL,1,0,21000,1,21022317473132,'superadmin','127.0.0.1','2021-10-19 15:53:26','2021-10-19 15:53:26','127.0.0.1',21022317473132,'superadmin','127.0.0.1','2021-10-19 15:53:26'),(102,12,NULL,2,0,21000,1,21022317473132,'superadmin','127.0.0.1','2021-10-19 15:53:26','2021-10-19 15:53:26','127.0.0.1',21022317473132,'superadmin','127.0.0.1','2021-10-19 15:53:26'),(103,13,NULL,1,0,21000,1,21022317473132,'superadmin','127.0.0.1','2021-10-19 15:53:26','2021-10-19 15:53:26','127.0.0.1',21022317473132,'superadmin','127.0.0.1','2021-10-19 15:53:26'),(104,13,NULL,2,0,21000,1,21022317473132,'superadmin','127.0.0.1','2021-10-19 15:53:26','2021-10-19 15:53:26','127.0.0.1',21022317473132,'superadmin','127.0.0.1','2021-10-19 15:53:26'),(105,14,NULL,1,0,21000,1,21022317473132,'superadmin','127.0.0.1','2021-10-19 15:53:26','2021-10-19 15:53:26','127.0.0.1',21022317473132,'superadmin','127.0.0.1','2021-10-19 15:53:26'),(106,14,NULL,2,0,21000,1,21022317473132,'superadmin','127.0.0.1','2021-10-19 15:53:26','2021-10-19 15:53:26','127.0.0.1',21022317473132,'superadmin','127.0.0.1','2021-10-19 15:53:26'),(107,15,NULL,1,0,21000,1,21022317473132,'superadmin','127.0.0.1','2021-10-19 15:53:26','2021-10-19 15:53:26','127.0.0.1',21022317473132,'superadmin','127.0.0.1','2021-10-19 15:53:26'),(108,15,NULL,2,0,21000,1,21022317473132,'superadmin','127.0.0.1','2021-10-19 15:53:26','2021-10-19 15:53:26','127.0.0.1',21022317473132,'superadmin','127.0.0.1','2021-10-19 15:53:26'),(109,16,NULL,1,0,21000,1,21022317473132,'superadmin','127.0.0.1','2021-10-19 15:53:26','2021-10-19 15:53:26','127.0.0.1',21022317473132,'superadmin','127.0.0.1','2021-10-19 15:53:26'),(110,16,NULL,2,0,21000,1,21022317473132,'superadmin','127.0.0.1','2021-10-19 15:53:26','2021-10-19 15:53:26','127.0.0.1',21022317473132,'superadmin','127.0.0.1','2021-10-19 15:53:26'),(111,17,NULL,1,0,21000,1,21022317473132,'superadmin','127.0.0.1','2021-10-19 15:53:26','2021-10-19 15:53:26','127.0.0.1',21022317473132,'superadmin','127.0.0.1','2021-10-19 15:53:26'),(112,17,NULL,2,0,21000,1,21022317473132,'superadmin','127.0.0.1','2021-10-19 15:53:26','2021-10-19 15:53:26','127.0.0.1',21022317473132,'superadmin','127.0.0.1','2021-10-19 15:53:26'),(113,18,NULL,1,0,21000,1,21022317473132,'superadmin','127.0.0.1','2021-10-19 15:53:26','2021-10-19 15:53:26','127.0.0.1',21022317473132,'superadmin','127.0.0.1','2021-10-19 15:53:26'),(114,18,NULL,2,0,21000,1,21022317473132,'superadmin','127.0.0.1','2021-10-19 15:53:26','2021-10-19 15:53:26','127.0.0.1',21022317473132,'superadmin','127.0.0.1','2021-10-19 15:53:26'),(115,NULL,1,9,0,21000,1,21022317473132,'superadmin','127.0.0.1','2021-10-19 15:53:26','2021-10-19 15:53:26','127.0.0.1',21022317473132,'superadmin','127.0.0.1','2021-10-19 15:53:26'),(116,NULL,2,9,0,21000,1,21022317473132,'superadmin','127.0.0.1','2021-10-19 15:53:26','2021-10-19 15:53:26','127.0.0.1',21022317473132,'superadmin','127.0.0.1','2021-10-19 15:53:26'),(117,NULL,3,9,0,21000,1,21022317473132,'superadmin','127.0.0.1','2021-10-19 15:53:26','2021-10-19 15:53:26','127.0.0.1',21022317473132,'superadmin','127.0.0.1','2021-10-19 15:53:26'),(118,NULL,4,9,0,21000,1,21022317473132,'superadmin','127.0.0.1','2021-10-19 15:53:26','2021-10-19 15:53:26','127.0.0.1',21022317473132,'superadmin','127.0.0.1','2021-10-19 15:53:26'),(119,NULL,5,9,0,21000,1,21022317473132,'superadmin','127.0.0.1','2021-10-19 15:53:26','2021-10-19 15:53:26','127.0.0.1',21022317473132,'superadmin','127.0.0.1','2021-10-19 15:53:26'),(120,NULL,6,9,0,21000,1,21022317473132,'superadmin','127.0.0.1','2021-10-19 15:53:26','2021-10-19 15:53:26','127.0.0.1',21022317473132,'superadmin','127.0.0.1','2021-10-19 15:53:26'),(121,NULL,7,9,0,21000,1,21022317473132,'superadmin','127.0.0.1','2021-10-19 15:53:26','2021-10-19 15:53:26','127.0.0.1',21022317473132,'superadmin','127.0.0.1','2021-10-19 15:53:26'),(122,NULL,8,9,0,21000,1,21022317473132,'superadmin','127.0.0.1','2021-10-19 15:53:26','2021-10-19 15:53:26','127.0.0.1',21022317473132,'superadmin','127.0.0.1','2021-10-19 15:53:26'),(123,NULL,9,9,0,21000,1,21022317473132,'superadmin','127.0.0.1','2021-10-19 15:53:26','2021-10-19 15:53:26','127.0.0.1',21022317473132,'superadmin','127.0.0.1','2021-10-19 15:53:26'),(124,NULL,10,9,0,21000,1,21022317473132,'superadmin','127.0.0.1','2021-10-19 15:53:26','2021-10-19 15:53:26','127.0.0.1',21022317473132,'superadmin','127.0.0.1','2021-10-19 15:53:26'),(125,NULL,11,9,0,21000,1,21022317473132,'superadmin','127.0.0.1','2021-10-19 15:53:26','2021-10-19 15:53:26','127.0.0.1',21022317473132,'superadmin','127.0.0.1','2021-10-19 15:53:26'),(126,NULL,12,9,0,21000,1,21022317473132,'superadmin','127.0.0.1','2021-10-19 15:53:26','2021-10-19 15:53:26','127.0.0.1',21022317473132,'superadmin','127.0.0.1','2021-10-19 15:53:26'),(127,NULL,13,9,0,21000,1,21022317473132,'superadmin','127.0.0.1','2021-10-19 15:53:26','2021-10-19 15:53:26','127.0.0.1',21022317473132,'superadmin','127.0.0.1','2021-10-19 15:53:26'),(128,NULL,14,9,0,21000,1,21022317473132,'superadmin','127.0.0.1','2021-10-19 15:53:26','2021-10-19 15:53:26','127.0.0.1',21022317473132,'superadmin','127.0.0.1','2021-10-19 15:53:26'),(129,NULL,15,9,0,21000,1,21022317473132,'superadmin','127.0.0.1','2021-10-19 15:53:26','2021-10-19 15:53:26','127.0.0.1',21022317473132,'superadmin','127.0.0.1','2021-10-19 15:53:26'),(130,NULL,16,9,0,21000,1,21022317473132,'superadmin','127.0.0.1','2021-10-19 15:53:26','2021-10-19 15:53:26','127.0.0.1',21022317473132,'superadmin','127.0.0.1','2021-10-19 15:53:26'),(131,NULL,17,9,0,21000,1,21022317473132,'superadmin','127.0.0.1','2021-10-19 15:53:26','2021-10-19 15:53:26','127.0.0.1',21022317473132,'superadmin','127.0.0.1','2021-10-19 15:53:26'),(132,NULL,18,9,0,21000,1,21022317473132,'superadmin','127.0.0.1','2021-10-19 15:53:26','2021-10-19 15:53:26','127.0.0.1',21022317473132,'superadmin','127.0.0.1','2021-10-19 15:53:26');
/*!40000 ALTER TABLE `rule_template` ENABLE KEYS */;
UNLOCK TABLES;

--
-- Table structure for table `subject`
--

DROP TABLE IF EXISTS `subject`;
/*!40101 SET @saved_cs_client     = @@character_set_client */;
/*!40101 SET character_set_client = utf8 */;
CREATE TABLE `subject` (
  `id` bigint(20) NOT NULL COMMENT 'id',
  `name` varchar(32) DEFAULT NULL COMMENT '科目名称',
  `level` tinyint(3) DEFAULT NULL COMMENT '科目级别',
  `code` varchar(64) DEFAULT NULL COMMENT '科目编码',
  `parent_id` bigint(20) DEFAULT NULL COMMENT '父级科目编码',
  `ecc_code` varchar(255) DEFAULT NULL COMMENT 'ecc科目编码',
  `rule_subject` int(11) DEFAULT '0' COMMENT '是否统御科目0否1是',
  `company_id` bigint(20) DEFAULT NULL COMMENT '公司id',
  `version_no` int(11) DEFAULT '0' COMMENT '版本号:默认0,每次更新+1',
  `create_userid` bigint(20) DEFAULT NULL COMMENT '创建人ID',
  `create_username` varchar(100) DEFAULT NULL COMMENT '创建人用户名',
  `create_userip` varchar(255) DEFAULT NULL COMMENT '创建人IP',
  `create_time` timestamp NULL DEFAULT CURRENT_TIMESTAMP COMMENT '创建时间-应用操作时间',
  `create_time_db` timestamp NULL DEFAULT CURRENT_TIMESTAMP COMMENT '创建时间-数据库操作时间',
  `server_ip` varchar(255) DEFAULT NULL COMMENT '服务器IP',
  `update_userid` bigint(20) DEFAULT NULL COMMENT '最后修改人ID',
  `update_username` varchar(100) DEFAULT NULL COMMENT '最后修改人用户名',
  `update_userip` varchar(255) DEFAULT NULL COMMENT '最后修改人IP',
  `update_time` timestamp NULL DEFAULT NULL ON UPDATE CURRENT_TIMESTAMP COMMENT '最后修改时间',
  `is_deleted` tinyint(3) DEFAULT '0' COMMENT '逻辑删除字段 0 正常 1 已删除',
  PRIMARY KEY (`id`)
) ENGINE=InnoDB DEFAULT CHARSET=utf8mb4 COMMENT='科目表';
/*!40101 SET character_set_client = @saved_cs_client */;

--
-- Dumping data for table `subject`
--

LOCK TABLES `subject` WRITE;
/*!40000 ALTER TABLE `subject` DISABLE KEYS */;
INSERT INTO `subject` VALUES (1,'库存商品',1,'1405',NULL,NULL,0,21000,1,21022317473132,'superadmin','127.0.0.1','2021-10-19 15:53:26','2021-10-19 15:53:26','127.0.0.1',21022317473132,'superadmin','127.0.0.1','2021-11-15 03:44:28',0),(2,'库存商品-生鲜',2,'1405010000',1,'1405010000',0,21000,1,21022317473132,'superadmin','127.0.0.1','2021-10-19 15:53:26','2021-10-19 15:53:26','127.0.0.1',21022317473132,'superadmin','127.0.0.1','2021-10-19 15:53:26',0),(3,'库存商品-食品用品',2,'1405020000',1,'1405020000',0,21000,1,21022317473132,'superadmin','127.0.0.1','2021-10-19 15:53:26','2021-10-19 15:53:26','127.0.0.1',21022317473132,'superadmin','127.0.0.1','2021-10-19 15:53:26',0),(4,'库存商品-加工',2,'1405040000',1,'1405040000',0,21000,1,21022317473132,'superadmin','127.0.0.1','2021-10-19 15:53:26','2021-10-19 15:53:26','127.0.0.1',21022317473132,'superadmin','127.0.0.1','2021-10-19 15:53:26',0),(5,'应付账款',1,'2202',NULL,NULL,0,21000,1,21022317473132,'superadmin','127.0.0.1','2021-10-19 15:53:26','2021-10-19 15:53:26','127.0.0.1',21022317473132,'superadmin','127.0.0.1','2021-11-15 03:44:28',0),(6,'应付暂估-货款',2,'2202030100',5,'2202030100',0,21000,1,21022317473132,'superadmin','127.0.0.1','2021-10-19 15:53:26','2021-10-19 15:53:26','127.0.0.1',21022317473132,'superadmin','127.0.0.1','2021-10-19 15:53:26',0),(7,'待处理财产损溢-待处理流动资产损',1,'1901',NULL,NULL,0,21000,1,21022317473132,'superadmin','127.0.0.1','2021-10-19 15:53:26','2021-10-19 15:53:26','127.0.0.1',21022317473132,'superadmin','127.0.0.1','2021-11-15 03:44:28',0),(8,'待处理财产损溢-待处理流动资产损',2,'1901010100',7,'1901010100',0,21000,1,21022317473132,'superadmin','127.0.0.1','2021-10-19 15:53:26','2021-10-19 15:53:26','127.0.0.1',21022317473132,'superadmin','127.0.0.1','2021-10-29 10:04:20',0),(9,'应交税费-应交增值税-待抵税金',1,'22211',NULL,NULL,0,21000,1,21022317473132,'superadmin','127.0.0.1','2021-10-19 15:53:26','2021-10-19 15:53:26','127.0.0.1',21022317473132,'superadmin','127.0.0.1','2021-11-15 03:44:28',0),(10,'应交税费-应交增值税-待抵税金-税率13',2,'2221010102',9,'2221010102',0,21000,1,21022317473132,'superadmin','127.0.0.1','2021-10-19 15:53:26','2021-10-19 15:53:26','127.0.0.1',21022317473132,'superadmin','127.0.0.1','2021-10-29 10:04:20',0),(11,'应交税费-应交增值税-待抵税金-税率6%',2,'2221010106',9,'2221010106',0,21000,1,21022317473132,'superadmin','127.0.0.1','2021-10-19 15:53:26','2021-10-19 15:53:26','127.0.0.1',21022317473132,'superadmin','127.0.0.1','2021-10-29 10:04:20',0),(12,'应交税费-应交增值税-待抵税金-税率3%',2,'2221010108',9,'2221010108',0,21000,1,21022317473132,'superadmin','127.0.0.1','2021-10-19 15:53:26','2021-10-19 15:53:26','127.0.0.1',21022317473132,'superadmin','127.0.0.1','2021-10-29 10:04:20',0),(13,'应交税费-应交增值税-待抵税金-税率9%',2,'2221010128',9,'2221010128',0,21000,1,21022317473132,'superadmin','127.0.0.1','2021-10-19 15:53:26','2021-10-19 15:53:26','127.0.0.1',21022317473132,'superadmin','127.0.0.1','2021-10-29 10:04:20',0),(14,'应交税费-应交增值税-待抵税金-农副税率',2,'2221010130',9,'2221010130',0,21000,1,21022317473132,'superadmin','127.0.0.1','2021-10-19 15:53:26','2021-10-19 15:53:26','127.0.0.1',21022317473132,'superadmin','127.0.0.1','2021-10-29 10:04:20',0),(15,'应交税费-应交增值税-待抵税金-税率5%',2,'2221010118',9,'2221010118',0,21000,1,21022317473132,'superadmin','127.0.0.1','2021-10-19 15:53:26','2021-10-19 15:53:26','127.0.0.1',21022317473132,'superadmin','127.0.0.1','2021-10-29 10:04:20',0),(16,'应付账款',2,'2202010000',5,'2202010000',1,21000,1,21022317473132,'superadmin','127.0.0.1','2021-10-19 15:53:26','2021-10-19 15:53:26','127.0.0.1',21022317473132,'superadmin','127.0.0.1','2021-11-15 03:38:34',0),(17,'应负暂估-供应商费用',2,'2202030200',5,'2202030200',0,21000,1,21022317473132,'superadmin','127.0.0.1','2021-10-19 15:53:26','2021-10-19 15:53:26','127.0.0.1',21022317473132,'superadmin','127.0.0.1','2021-10-29 10:04:20',0),(18,'主营业务成本',1,NULL,NULL,NULL,0,21000,1,21022317473132,'superadmin','127.0.0.1','2021-10-19 15:53:26','2021-10-19 15:53:26','127.0.0.1',21022317473132,'superadmin','127.0.0.1','2021-11-15 03:44:28',0),(19,'主营业务成本-促销补差',2,'6401080000',18,'6401080000',0,21000,1,21022317473132,'superadmin','127.0.0.1','2021-10-19 15:53:26','2021-10-19 15:53:26','127.0.0.1',21022317473132,'superadmin','127.0.0.1','2021-10-29 10:04:20',0),(20,'其他业务收入',1,'6051',NULL,NULL,0,21000,1,21022317473132,'superadmin','127.0.0.1','2021-10-19 15:53:26','2021-10-19 15:53:26','127.0.0.1',21022317473132,'superadmin','127.0.0.1','2021-10-29 10:04:20',0),(21,'其他业务收入-促销服务费',2,'6051010000',20,'6051010000',0,21000,1,21022317473132,'superadmin','127.0.0.1','2021-10-19 15:53:26','2021-10-19 15:53:26','127.0.0.1',21022317473132,'superadmin','127.0.0.1','2021-10-29 10:04:20',0),(22,'应交税费-应交增值税-销项税额',1,'22212',NULL,NULL,0,21000,1,21022317473132,'superadmin','127.0.0.1','2021-10-19 15:53:26','2021-10-19 15:53:26','127.0.0.1',21022317473132,'superadmin','127.0.0.1','2021-10-29 10:04:20',0),(23,'应交税费-应交增值税-销项税额-税率6%',2,'2221010404',22,'2221010404',0,21000,1,21022317473132,'superadmin','127.0.0.1','2021-10-19 15:53:26','2021-10-19 15:53:26','127.0.0.1',21022317473132,'superadmin','127.0.0.1','2021-10-29 10:04:20',0),(24,'应交税费-应交增值税-销项税额-商品税率9%',2,'2221010422',22,'2221010422',0,21000,1,21022317473132,'superadmin','127.0.0.1','2021-10-19 15:53:26','2021-10-19 15:53:26','127.0.0.1',21022317473132,'superadmin','127.0.0.1','2021-10-29 10:04:20',0),(25,'应交税费-应交增值税-销项税额-商品税率13%',2,'2221010426',22,'2221010426',0,21000,1,21022317473132,'superadmin','127.0.0.1','2021-10-19 15:53:26','2021-10-19 15:53:26','127.0.0.1',21022317473132,'superadmin','127.0.0.1','2021-10-29 10:04:20',0),(26,'应交税费-应交增值税-待抵税金-3%农副税率',2,'2221010132',9,'2221010132',0,21000,1,21022317473132,'superadmin','127.0.0.1','2021-10-19 15:53:26','2021-10-19 15:53:26','127.0.0.1',21022317473132,'superadmin','127.0.0.1','2021-10-29 10:04:20',0),(27,'营业外收入',1,NULL,NULL,NULL,0,21000,1,21022317473132,'superadmin','127.0.0.1','2021-10-19 15:53:26','2021-10-19 15:53:26','127.0.0.1',21022317473132,'superadmin','127.0.0.1','2021-10-29 10:04:20',0),(28,'营业外收入-违约收入',2,'6301030000',28,'6301030000',0,21000,1,21022317473132,'superadmin','127.0.0.1','2021-10-19 15:53:26','2021-10-19 15:53:26','127.0.0.1',21022317473132,'superadmin','127.0.0.1','2021-10-29 10:04:20',0),(29,'主营业务成本',1,'6401',NULL,NULL,0,21000,1,21022317473132,'superadmin','127.0.0.1','2021-10-19 15:53:26','2021-10-19 15:53:26','127.0.0.1',21022317473132,'superadmin','127.0.0.1','2021-10-29 10:04:20',0),(30,'主营业务成本-直接销售',2,'6401010000\r',29,'6401010000\r',0,21000,1,21022317473132,'superadmin','127.0.0.1','2021-10-19 15:53:26','2021-10-19 15:53:26','127.0.0.1',21022317473132,'superadmin','127.0.0.1','2021-10-29 10:04:20',0),(31,'主营业务成本-促销补差',2,'6401080000',29,'6401080000',0,21000,1,21022317473132,'superadmin','127.0.0.1','2021-10-19 15:53:26','2021-10-19 15:53:26','127.0.0.1',21022317473132,'superadmin','127.0.0.1','2021-10-29 10:04:20',0),(32,'应收账款',1,'1122\r',NULL,NULL,0,21000,1,21022317473132,'superadmin','127.0.0.1','2021-10-19 15:53:26','2021-10-19 15:53:26','127.0.0.1',21022317473132,'superadmin','127.0.0.1','2021-10-29 10:04:20',0),(33,'应收账款-货款',2,'1122010000',21,'1122010000',1,21000,1,21022317473132,'superadmin','127.0.0.1','2021-10-19 15:53:26','2021-10-19 15:53:26','127.0.0.1',21022317473132,'superadmin','127.0.0.1','2021-11-15 03:38:34',0),(34,'主营业务收入',1,'6001',NULL,NULL,0,21000,1,21022317473132,'superadmin','127.0.0.1','2021-10-19 15:53:26','2021-10-19 15:53:26','127.0.0.1',21022317473132,'superadmin','127.0.0.1','2021-10-29 10:04:20',0),(35,'主营业务收入-直接销售',2,'6001010000',34,'6001010000',0,21000,1,21022317473132,'superadmin','127.0.0.1','2021-10-19 15:53:26','2021-10-19 15:53:26','127.0.0.1',21022317473132,'superadmin','127.0.0.1','2021-10-29 10:04:20',0);
/*!40000 ALTER TABLE `subject` ENABLE KEYS */;
UNLOCK TABLES;

--
-- Table structure for table `subtype_item`
--

DROP TABLE IF EXISTS `subtype_item`;
/*!40101 SET @saved_cs_client     = @@character_set_client */;
/*!40101 SET character_set_client = utf8 */;
CREATE TABLE `subtype_item` (
  `id` bigint(20) NOT NULL COMMENT 'id',
  `category_code` varchar(255) DEFAULT NULL COMMENT '凭证大类编码',
  `category_name` varchar(255) DEFAULT NULL COMMENT '凭证大类名称',
  `sub_category_code` varchar(255) DEFAULT NULL COMMENT '凭证子类编码',
  `sub_category_name` varchar(255) DEFAULT NULL COMMENT '凭证子类名称',
  `line_number` int(10) DEFAULT '1' COMMENT '行号',
  `debit_credit_flag` varchar(20) DEFAULT NULL COMMENT '借贷标识 S借 H贷',
  `subject_id` bigint(20) DEFAULT NULL COMMENT '科目ID',
  `posting_key` varchar(11) DEFAULT NULL COMMENT '记账代码',
  `subject_type` varchar(20) DEFAULT NULL COMMENT '科目类型,与所在的借贷关系相关,而不与科目本身相关',
  `cs_trans_t` varchar(255) DEFAULT NULL COMMENT '事务类型 A50 购买商品、接收劳务支付的现金 A52 支付的各项税费 A53 支付其他与经营活动有关的现金  A55 支付利息、手续费及佣金的现金 A56 支付给职工以及为职工支付的现金 ',
  `is_deleted` tinyint(3) DEFAULT '0' COMMENT '逻辑删除字段 0 正常 1 已删除',
  `company_id` bigint(20) DEFAULT NULL COMMENT '公司id',
  `version_no` int(11) DEFAULT '0' COMMENT '版本号:默认0,每次更新+1',
  `create_userid` bigint(20) DEFAULT NULL COMMENT '创建人ID',
  `create_username` varchar(100) DEFAULT NULL COMMENT '创建人用户名',
  `create_userip` varchar(255) DEFAULT NULL COMMENT '创建人IP',
  `create_time` timestamp NULL DEFAULT CURRENT_TIMESTAMP COMMENT '创建时间-应用操作时间',
  `create_time_db` timestamp NULL DEFAULT CURRENT_TIMESTAMP COMMENT '创建时间-数据库操作时间',
  `server_ip` varchar(255) DEFAULT NULL COMMENT '服务器IP',
  `update_userid` bigint(20) DEFAULT NULL COMMENT '最后修改人ID',
  `update_username` varchar(100) DEFAULT NULL COMMENT '最后修改人用户名',
  `update_userip` varchar(255) DEFAULT NULL COMMENT '最后修改人IP',
  `update_time` timestamp NULL DEFAULT NULL ON UPDATE CURRENT_TIMESTAMP COMMENT '最后修改时间',
  PRIMARY KEY (`id`)
) ENGINE=InnoDB DEFAULT CHARSET=utf8mb4 COMMENT='凭证子类项';
/*!40101 SET character_set_client = @saved_cs_client */;

--
-- Dumping data for table `subtype_item`
--

LOCK TABLES `subtype_item` WRITE;
/*!40000 ALTER TABLE `subtype_item` DISABLE KEYS */;
INSERT INTO `subtype_item` VALUES (1,'KCCB','库存成本','KCCB003','采购类入库成本核算凭证',1,'S',1,'89','M',NULL,0,21000,1,21022317473132,'superadmin','127.0.0.1','2021-10-19 15:53:26','2021-10-19 15:53:26','127.0.0.1',21022317473132,'superadmin','127.0.0.1','2021-11-15 03:45:41'),(2,'KCCB','库存成本','KCCB003','采购类入库成本核算凭证',2,'H',6,'96','S',NULL,0,21000,1,21022317473132,'superadmin','127.0.0.1','2021-10-19 15:53:26','2021-10-19 15:53:26','127.0.0.1',21022317473132,'superadmin','127.0.0.1','2021-11-15 03:45:41'),(3,'KCCB','库存成本','KCCB004','采购类出库成本核算凭证',1,'S',6,'86','S',NULL,0,21000,1,21022317473132,'superadmin','127.0.0.1','2021-10-19 15:53:26','2021-10-19 15:53:26','127.0.0.1',21022317473132,'superadmin','127.0.0.1','2021-11-15 03:45:41'),(4,'KCCB','库存成本','KCCB004','采购类出库成本核算凭证',2,'H',1,'99','M',NULL,0,21000,1,21022317473132,'superadmin','127.0.0.1','2021-10-19 15:53:26','2021-10-19 15:53:26','127.0.0.1',21022317473132,'superadmin','127.0.0.1','2021-11-15 03:45:41'),(5,'KCCB','库存成本','KCCB005','库内作业调增成本凭证',1,'S',1,'89','M',NULL,0,21000,1,21022317473132,'superadmin','127.0.0.1','2021-10-19 15:53:26','2021-10-19 15:53:26','127.0.0.1',21022317473132,'superadmin','127.0.0.1','2021-11-15 03:45:41'),(6,'KCCB','库存成本','KCCB005','库内作业调增成本凭证',2,'H',8,'50','S',NULL,0,21000,1,21022317473132,'superadmin','127.0.0.1','2021-10-19 15:53:26','2021-10-19 15:53:26','127.0.0.1',21022317473132,'superadmin','127.0.0.1','2021-11-15 03:45:41'),(7,'KCCB','库存成本','KCCB006','库内作业调减成本凭证',1,'S',8,'81','S',NULL,0,21000,1,21022317473132,'superadmin','127.0.0.1','2021-10-19 15:53:26','2021-10-19 15:53:26','127.0.0.1',21022317473132,'superadmin','127.0.0.1','2021-11-15 03:45:41'),(8,'KCCB','库存成本','KCCB006','库内作业调减成本凭证',2,'H',1,'99','M',NULL,0,21000,1,21022317473132,'superadmin','127.0.0.1','2021-10-19 15:53:26','2021-10-19 15:53:26','127.0.0.1',21022317473132,'superadmin','127.0.0.1','2021-11-15 03:45:41'),(9,'YSYF','应收应付','YSYF002','采购票核应付凭证',1,'S',6,'86','S',NULL,0,21000,1,21022317473132,'superadmin','127.0.0.1','2021-10-19 15:53:26','2021-10-19 15:53:26','127.0.0.1',21022317473132,'superadmin','127.0.0.1','2021-11-15 03:45:41'),(10,'YSYF','应收应付','YSYF002','采购票核应付凭证',2,'S',9,'40','S',NULL,0,21000,1,21022317473132,'superadmin','127.0.0.1','2021-10-19 15:53:26','2021-10-19 15:53:26','127.0.0.1',21022317473132,'superadmin','127.0.0.1','2021-11-15 03:45:41'),(11,'YSYF','应收应付','YSYF002','采购票核应付凭证',3,'H',16,'31','K',NULL,0,21000,1,21022317473132,'superadmin','127.0.0.1','2021-10-19 15:53:26','2021-10-19 15:53:26','127.0.0.1',21022317473132,'superadmin','127.0.0.1','2021-11-15 03:45:41'),(12,'FY','费用','FY001','票扣费用凭证',1,'S',17,'86','S',NULL,0,21000,1,21022317473132,'superadmin','127.0.0.1','2021-10-19 15:53:26','2021-10-19 15:53:26','127.0.0.1',21022317473132,'superadmin','127.0.0.1','2021-11-15 03:45:41'),(13,'FY','费用','FY001','票扣费用凭证',2,'H',19,'96','S',NULL,0,21000,1,21022317473132,'superadmin','127.0.0.1','2021-10-19 15:53:26','2021-10-19 15:53:26','127.0.0.1',21022317473132,'superadmin','127.0.0.1','2021-11-15 03:45:41'),(14,'FY','费用','FY002','账扣通道费用凭证',1,'S',16,'86','S',NULL,0,21000,1,21022317473132,'superadmin','127.0.0.1','2021-10-19 15:53:26','2021-10-19 15:53:26','127.0.0.1',21022317473132,'superadmin','127.0.0.1','2021-11-15 03:45:41'),(15,'FY','费用','FY002','账扣通道费用凭证',2,'H',21,'50','S',NULL,0,21000,1,21022317473132,'superadmin','127.0.0.1','2021-10-19 15:53:26','2021-10-19 15:53:26','127.0.0.1',21022317473132,'superadmin','127.0.0.1','2021-11-15 03:45:41'),(16,'FY','费用','FY002','账扣通道费用凭证',1,'H',9,'50','S',NULL,0,21000,1,21022317473132,'superadmin','127.0.0.1','2021-10-19 15:53:26','2021-10-19 15:53:26','127.0.0.1',21022317473132,'superadmin','127.0.0.1','2021-11-15 03:45:41'),(17,'FY','费用','FY003','账扣违约费用凭证',2,'S',16,'86','S',NULL,0,21000,1,21022317473132,'superadmin','127.0.0.1','2021-10-19 15:53:26','2021-10-19 15:53:26','127.0.0.1',21022317473132,'superadmin','127.0.0.1','2021-11-15 03:45:41'),(18,'FY','费用','FY003','账扣违约费用凭证',2,'H',28,'50','S',NULL,0,21000,1,21022317473132,'superadmin','127.0.0.1','2021-10-19 15:53:26','2021-10-19 15:53:26','127.0.0.1',21022317473132,'superadmin','127.0.0.1','2021-11-15 03:45:41'),(19,'KCCB','KCCB','KCCB001\r','销售库存成本核算凭证',1,'S',30,'40','S\r',NULL,0,21000,1,21022317473132,'superadmin','127.0.0.1','2021-10-19 15:53:26','2021-10-19 15:53:26','127.0.0.1',21022317473132,'superadmin','127.0.0.1','2021-11-15 03:45:41'),(20,'KCCB','KCCB','KCCB001\r','销售库存成本核算凭证',2,'H',1,'99','M\r',NULL,0,21000,1,21022317473132,'superadmin','127.0.0.1','2021-10-19 15:53:26','2021-10-19 15:53:26','127.0.0.1',21022317473132,'superadmin','127.0.0.1','2021-11-15 03:45:41'),(21,'KCCB','KCCB','KCCB002\r','销售退货成本核算凭证',1,'S',1,'89','M\r',NULL,0,21000,1,21022317473132,'superadmin','127.0.0.1','2021-10-19 15:53:26','2021-10-19 15:53:26','127.0.0.1',21022317473132,'superadmin','127.0.0.1','2021-11-15 03:45:41'),(22,'KCCB','KCCB','KCCB002\r','销售退货成本核算凭证',2,'H',30,'50','S\r',NULL,0,21000,1,21022317473132,'superadmin','127.0.0.1','2021-10-19 15:53:26','2021-10-19 15:53:26','127.0.0.1',21022317473132,'superadmin','127.0.0.1','2021-11-15 03:45:41'),(23,'YSYF','YSYF','YSYF001\r','销售出库应收凭证',1,'S',33,'1','D\r',NULL,0,21000,1,21022317473132,'superadmin','127.0.0.1','2021-10-19 15:53:26','2021-10-19 15:53:26','127.0.0.1',21022317473132,'superadmin','127.0.0.1','2021-11-15 03:45:41'),(24,'YSYF','YSYF','YSYF001\r','销售出库应收凭证',2,'H',35,'50','S\r',NULL,0,21000,1,21022317473132,'superadmin','127.0.0.1','2021-10-19 15:53:26','2021-10-19 15:53:26','127.0.0.1',21022317473132,'superadmin','127.0.0.1','2021-11-15 03:45:41'),(25,'YSYF','YSYF','YSYF001','销售出库应收凭证',3,'H',22,'50','S',NULL,0,21000,1,21022317473132,'superadmin','127.0.0.1','2021-10-19 15:53:26','2021-10-19 15:53:26','127.0.0.1',21022317473132,'superadmin','127.0.0.1','2021-11-15 03:45:41');
/*!40000 ALTER TABLE `subtype_item` ENABLE KEYS */;
UNLOCK TABLES;
/*!40103 SET TIME_ZONE=@OLD_TIME_ZONE */;

/*!40101 SET SQL_MODE=@OLD_SQL_MODE */;
/*!40014 SET FOREIGN_KEY_CHECKS=@OLD_FOREIGN_KEY_CHECKS */;
/*!40014 SET UNIQUE_CHECKS=@OLD_UNIQUE_CHECKS */;
/*!40101 SET CHARACTER_SET_CLIENT=@OLD_CHARACTER_SET_CLIENT */;
/*!40101 SET CHARACTER_SET_RESULTS=@OLD_CHARACTER_SET_RESULTS */;
/*!40101 SET COLLATION_CONNECTION=@OLD_COLLATION_CONNECTION */;
/*!40111 SET SQL_NOTES=@OLD_SQL_NOTES */;

-- Dump completed on 2021-11-15 13:09:39
